CÓDIGO EUROPEO,LEI,NOMBRE,NOMBRE DE LA GESTORA,DIRECCIÓN,TIPO DE FONDO DE PENSION,PROMOTOR                                                                                                                                                                                                                                                                                                                                                                                                                                                                                                                                                                                                                                                                                                                                                                                                                                                                                                                                             
NL6830092,724500Y6JJP1TXK0K288,"'Stichting De Samenwerking',Pensioenfonds voor het Slagersbedrijf",,"Stationsweg 1, 3445A, WOERDEN",Defined benefits,Yes,                                                                                                                                                                                                                                                                                                                                                                                                                                                                                                                                                                                                                                                                                                                                                                                                                                                                               
NL851667442B017,7245005WQ2ORQB6B1A82,"Allianz Premie Pensioen Instelling B.V.",,"Coolsingel 120, 3011A, ROTTERDAM",Defined benefits,,                                                                                                                                                                                                                                                                                                                                                                                                                                                                                                                                                                                                                                                                                                                                                                                                                                                                                                   
NL8106811,724500UCS191CHZD5C28,"ASR Premiepensioeninstelling N.V.",,"Archimedeslaan 10, 3584B, UTRECHT",Defined benefits,,                                                                                                                                                                                                                                                                                                                                                                                                                                                                                                                                                                                                                                                                                                                                                                                                                                                                                                              
NL0506383,724500KHBM10MIBGJN47,"BeFrank PPI N.V.",,"Spaklerweg 4, 1096B, AMSTERDAM",Defined benefits,,                                                                                                                                                                                                                                                                                                                                                                                                                                                                                                                                                                                                                                                                                                                                                                                                                                                                                                                                  
NL850792538B012,724500W2POER66JJQW87,"Centraal Beheer PPI",,"Foppingadreef 22, 1102B, AMSTERDAM",Defined benefits,,                                                                                                                                                                                                                                                                                                                                                                                                                                                                                                                                                                                                                                                                                                                                                                                                                                                                                                                     
NL3886029,549300JIZLPIYKLUKP61,"Collectiviteitkring flexibele regeling",,"",Defined benefits,,                                                                                                                                                                                                                                                                                                                                                                                                                                                                                                                                                                                                                                                                                                                                                                                                                                                                                                                                          
NL2866753,549300QVQBOHQ4VUW210,"De Nationale APF - Collectiviteitkring DB-A",,"De entree 232 unit 4.03, 1101 , AMSTERDAM",Defined benefits,Yes,                                                                                                                                                                                                                                                                                                                                                                                                                                                                                                                                                                                                                                                                                                                                                                                                                                                                                         
NL3650565,5493006QY67ITS8HME73,"De Nationale APF - Collectiviteitkring DC",,"De entree 232 unit 4.03, 1101 , AMSTERDAM",Defined benefits,,                                                                                                                                                                                                                                                                                                                                                                                                                                                                                                                                                                                                                                                                                                                                                                                                                                                                                              
NL3610268,213800R8JH3UDWCWXT50,"De Nationale APF - Collectiviteitkring G",,"",Defined benefits,Yes,                                                                                                                                                                                                                                                                                                                                                                                                                                                                                                                                                                                                                                                                                                                                                                                                                                                                                                                                     
NL6158938,213800O2WVD1SDM6D810,"De Nationale APF - Collectiviteitkring H",,"SCHENKKADE 65; DEN HAAG, 2595 , THE HAGUE",Defined benefits,Yes,                                                                                                                                                                                                                                                                                                                                                                                                                                                                                                                                                                                                                                                                                                                                                                                                                                                                                            
NL8697504,549300GOHEWMD2JFRA93,"De Nationale APF - Kring AFM",,"De entree 232 unit 4.03, 1101 , AMSTERDAM",Defined benefits,Yes,                                                                                                                                                                                                                                                                                                                                                                                                                                                                                                                                                                                                                                                                                                                                                                                                                                                                                                        
NL1001401114,549300OS4XLWUZU0LY60,"De Nationale APF - Kring ANWB",,"De Entree 232, 1101E, Amsterdam",Defined benefits,,                                                                                                                                                                                                                                                                                                                                                                                                                                                                                                                                                                                                                                                                                                                                                                                                                                                                                                                 
NL8303610,549300B0I02H2OONVA17,"De Nationale APF - Kring D",,"De entree 232 unit 4.03, 1101 , AMSTERDAM",Defined benefits,,                                                                                                                                                                                                                                                                                                                                                                                                                                                                                                                                                                                                                                                                                                                                                                                                                                                                                                             
NL9081175,5493002BLKM5QRJBGJ08,"De Nationale APF - Kring McCain",,"De entree 232 unit 4.03, 1101 , AMSTERDAM",Defined benefits,Yes,                                                                                                                                                                                                                                                                                                                                                                                                                                                                                                                                                                                                                                                                                                                                                                                                                                                                                                     
NL3988662,5493002ONUX3VCCYJS83,"De Nationale APF Kring B",,"Schenkkade 65, 2595 , Den Haag",Defined benefits,,                                                                                                                                                                                                                                                                                                                                                                                                                                                                                                                                                                                                                                                                                                                                                                                                                                                                                                                          
NL7038989,72450023FIMHQMWPWC95,"Delta Asten Pensioen B.V.",,"Rinzemastraat 31, 8501L, JOURE",Defined benefits,,                                                                                                                                                                                                                                                                                                                                                                                                                                                                                                                                                                                                                                                                                                                                                                                                                                                                                                                         
NL1958006,724500M5ZUQ6E7UIMF38,"Gofier B.V.",,"Karekietlaan 20, 2261C, LEIDSCHENDAM",Defined benefits,,                                                                                                                                                                                                                                                                                                                                                                                                                                                                                                                                                                                                                                                                                                                                                                                                                                                                                                                                 
NL1227658,724500Q15EMYK942G821,"Hagee Stichting",,"Bovenkerkerweg 10  - 12, 1185X, AMSTELVEEN",Defined benefits,Yes,                                                                                                                                                                                                                                                                                                                                                                                                                                                                                                                                                                                                                                                                                                                                                                                                                                                                                                                    
NL1001336998,724500G74TWC62P2OM71,"Instelling Pensioenfonds van de Nederlandse Bisdommen",,"Akerstraat 92, 6411H, HEERLEN",Defined benefits,Yes,                                                                                                                                                                                                                                                                                                                                                                                                                                                                                                                                                                                                                                                                                                                                                                                                                                                                                        
NL7386891,213800KJWRAUBNUW6O10,"Kring Capgemini",,"",Defined benefits,Yes,                                                                                                                                                                                                                                                                                                                                                                                                                                                                                                                                                                                                                                                                                                                                                                                                                                                                                                                                                              
NL2892339,222100VSFYVU51WWW834,"Kring Chemours",,"Handelsweg 2, 3707 , ZEIST",Defined benefits,,                                                                                                                                                                                                                                                                                                                                                                                                                                                                                                                                                                                                                                                                                                                                                                                                                                                                                                                                        
NL5237177,2221004H57T79FK8C534,"Kring DB Evenwicht",,"Handelsweg 2, 3707 , ZEIST",Defined benefits,,                                                                                                                                                                                                                                                                                                                                                                                                                                                                                                                                                                                                                                                                                                                                                                                                                                                                                                                                    
NL1006578,2138002P57WJTH4PBX56,"Kring Deutsche Bank Nederland","Stichting Achmea Algemeen Pensioenfonds","Handelsweg 2, 3707N, ZEIST",Defined benefits,,                                                                                                                                                                                                                                                                                                                                                                                                                                                                                                                                                                                                                                                                                                                                                                                                                                                                                
NL6871507,222100CX7EV1IFSU2M92,"Kring equensWorldline",,"Handelsweg 2, 3707 , ZEIST",Defined benefits,,                                                                                                                                                                                                                                                                                                                                                                                                                                                                                                                                                                                                                                                                                                                                                                                                                                                                                                                                 
NL9690182,222100N4DMXG2HCXSF59,"Kring ES Nederland",,"HANDELSWEG 2, 3707 , ZEIST",Defined benefits,,                                                                                                                                                                                                                                                                                                                                                                                                                                                                                                                                                                                                                                                                                                                                                                                                                                                                                                                                    
NL4484069,222100ZYRQT2PWLGWG89,"Kring HP Nederland",,"HANDELSWEG 2, 3707 , ZEIST",Defined benefits,,                                                                                                                                                                                                                                                                                                                                                                                                                                                                                                                                                                                                                                                                                                                                                                                                                                                                                                                                    
NL1055884,222100CIML7LZQK2N381,"Kring HPE",,"HANDELSWEG 2, 3707 , ZEIST",Defined benefits,,                                                                                                                                                                                                                                                                                                                                                                                                                                                                                                                                                                                                                                                                                                                                                                                                                                                                                                                                             
NL8095659,222100AIZ8M7R3SB6A88,"Kring Sligro Food Group",,"Handelsweg 2, 3707 , ZEIST",Defined benefits,,                                                                                                                                                                                                                                                                                                                                                                                                                                                                                                                                                                                                                                                                                                                                                                                                                                                                                                                               
NL3448838,222100523MT9IPM6LI50,"Pensioenfondsenkring 1",,"Handelsweg 2, 3707 , ZEIST",Defined benefits,,                                                                                                                                                                                                                                                                                                                                                                                                                                                                                                                                                                                                                                                                                                                                                                                                                                                                                                                                
NL5308848,549300F8HVCRE1MYJ823,"Pensioenkring 2",,"Europaweg 27, 9723 , GRONINGEN",Defined benefits,Yes,                                                                                                                                                                                                                                                                                                                                                                                                                                                                                                                                                                                                                                                                                                                                                                                                                                                                                                                                
NL5542746,549300W7UYBAZ7SO0646,"Pensioenkring 3",,"Europaweg 27, 9723 , GRONINGEN",Defined benefits,,                                                                                                                                                                                                                                                                                                                                                                                                                                                                                                                                                                                                                                                                                                                                                                                                                                                                                                                                   
NL0326361,54930044UWPXIAI1K632,"Pensioenkring Aon Groep Nederland","Stichting Algemeen Pensioenfonds Stap","Europaweg 27, 9723 , GRONINGEN",Defined benefits,,                                                                                                                                                                                                                                                                                                                                                                                                                                                                                                                                                                                                                                                                                                                                                                                                                                                                          
NL1001358318,5493006YKJK0ZZDKIC74,"Pensioenkring Arcadis",,"Archimedeslaan 10, 3584 , Utrecht",Defined benefits,Yes,                                                                                                                                                                                                                                                                                                                                                                                                                                                                                                                                                                                                                                                                                                                                                                                                                                                                                                                    
NL4235283,549300XRJJSBOMMYVX19,"Pensioenkring Astellas","Stichting Algemeen Pensioenfonds Stap","EUROPAWEG 27, 9723 , GRONINGEN",Defined benefits,,                                                                                                                                                                                                                                                                                                                                                                                                                                                                                                                                                                                                                                                                                                                                                                                                                                                                                     
NL1001357459,549300KYKPIPDXG6H322,"Pensioenkring Ballast Nedam",,"Europaweg 27, 9723 , Groningen",Defined benefits,Yes,                                                                                                                                                                                                                                                                                                                                                                                                                                                                                                                                                                                                                                                                                                                                                                                                                                                                                                                 
NL8587557,5493000GMBI4EX1BR146,"Pensioenkring Cargill Bioindustrial","Stichting Het nederlandse pensioenfonds","Prins Mauritslaan 3, 1171 , BADHOEVEDORP",Defined benefits,,                                                                                                                                                                                                                                                                                                                                                                                                                                                                                                                                                                                                                                                                                                                                                                                                                                                            
NL5448795,5493003N5I8JOWQ4TR03,"Pensioenkring Eastman",,"Europaweg 27, 9723 , GRONINGEN",Defined benefits,Yes,                                                                                                                                                                                                                                                                                                                                                                                                                                                                                                                                                                                                                                                                                                                                                                                                                                                                                                                          
NL1001357458,5493005W69NFRCIEH935,"Pensioenkring Holland Casino",,"Europaweg 27, 9723 , Groningen",Defined benefits,Yes,                                                                                                                                                                                                                                                                                                                                                                                                                                                                                                                                                                                                                                                                                                                                                                                                                                                                                                                
NL7959154,213800GU4HY3EFS1V115,"Pensioenkring IFF",,"",Defined benefits,Yes,                                                                                                                                                                                                                                                                                                                                                                                                                                                                                                                                                                                                                                                                                                                                                                                                                                                                                                                                                            
NL5502315,2138001AJZ6TWT8LYQ90,"Pensioenkring PepsiCo","Stichting Het nederlandse pensioenfonds","PRINS MAURITSLAAN 3, 1171 , BADHOEVEDORP",Defined benefits,,                                                                                                                                                                                                                                                                                                                                                                                                                                                                                                                                                                                                                                                                                                                                                                                                                                                                          
NL8915249,5493007SM7ZF1T847736,"Pensioenkring Randstad Groep",,"Prins Mauritslaan 3, 3584 , BADHOEVEDORP",Defined benefits,,                                                                                                                                                                                                                                                                                                                                                                                                                                                                                                                                                                                                                                                                                                                                                                                                                                                                                                            
NL0408843,549300TJ3MP7QECDR986,"Pensioenkring Roba","Stichting Het nederlandse pensioenfonds","Prins Mauritslaan 3, 1171 , BADHOEVEDORP",Defined benefits,,                                                                                                                                                                                                                                                                                                                                                                                                                                                                                                                                                                                                                                                                                                                                                                                                                                                                             
NL8273658,549300ZOSCTCUU5LI472,"Pensioenkring SVG",,"Europaweg 27, 9723 , GRONINGEN",Defined benefits,,                                                                                                                                                                                                                                                                                                                                                                                                                                                                                                                                                                                                                                                                                                                                                                                                                                                                                                                                 
NL1526462,549300NKEXNWGIWG4S95,"Pensioenkring Sweco",,"Prins Mauritslaan 3, 1171 , BADHOEVEDORP",Defined benefits,,                                                                                                                                                                                                                                                                                                                                                                                                                                                                                                                                                                                                                                                                                                                                                                                                                                                                                                                     
NL3154898,549300O0FQ91BIXU2Z91,"Pensioenkring TotalEnergies Nederland",,"EUROPAWEG 27, 9723 , GRONINGEN",Defined benefits,,                                                                                                                                                                                                                                                                                                                                                                                                                                                                                                                                                                                                                                                                                                                                                                                                                                                                                                             
NL6660172,213800M97VJ2NNEY1J40,"Pensioenkring Xerox",,"PRINS MAURITSLAAN 3, 1171 , BADHOEVEDORP",Defined benefits,,                                                                                                                                                                                                                                                                                                                                                                                                                                                                                                                                                                                                                                                                                                                                                                                                                                                                                                                     
NL9168461,724500KJ88WIVOTMQB89,"Shell Nederland Pensioenfonds Stichting",,"Carel van Bylandtlaan 5, 2596H, 'S-GRAVENHAGE",Defined contributions,Yes,                                                                                                                                                                                                                                                                                                                                                                                                                                                                                                                                                                                                                                                                                                                                                                                                                                                                                    
NL1001355548,549300LWBIRKAFFGHR91,"Stap pensioenkring Douwe Egberts",,"Europaweg 27, 9723 , Groningen",Defined benefits,,                                                                                                                                                                                                                                                                                                                                                                                                                                                                                                                                                                                                                                                                                                                                                                                                                                                                                                               
NL1001361823,724500SQFNKRQFN4JF97,"Stichting Achmea Algemeen Pensioenfonds",,"Handelsweg 2, 3707N, ZEIST",Defined benefits,,                                                                                                                                                                                                                                                                                                                                                                                                                                                                                                                                                                                                                                                                                                                                                                                                                                                                                                            
NL9993744,222100KLFXPZVM5ZQM48,"Stichting Achmea Algemeen Pensioenfonds - Kring Bavaria",,"Handelsweg 2, 3707 , ZEIST",Defined benefits,,                                                                                                                                                                                                                                                                                                                                                                                                                                                                                                                                                                                                                                                                                                                                                                                                                                                                                               
NL3462712,222100RKSUO7HENKYE05,"Stichting Achmea Algemeen Pensioenfonds - kring DB Koopkracht",,"Handelsweg 2, 3707 , ZEIST",Defined benefits,,                                                                                                                                                                                                                                                                                                                                                                                                                                                                                                                                                                                                                                                                                                                                                                                                                                                                                         
NL1442949,222100A4V63NH9XPKH26,"Stichting Achmea Algemeen Pensioenfonds - kring DB Premie",,"Handelsweg 2, 3707 , ZEIST",Defined benefits,,                                                                                                                                                                                                                                                                                                                                                                                                                                                                                                                                                                                                                                                                                                                                                                                                                                                                                             
NL4966103,222100RBCI9D1LLSKD54,"Stichting Achmea Algemeen Pensioenfonds - kring DB Stabiliteit",,"Handelsweg 2, 3707 , ZEIST",Defined benefits,,                                                                                                                                                                                                                                                                                                                                                                                                                                                                                                                                                                                                                                                                                                                                                                                                                                                                                        
NL0517433,222100TVC1UK47RQIK77,"Stichting Achmea Algemeen Pensioenfonds - kring DC",,"Handelsweg 2, 3707 , ZEIST",Defined benefits,,                                                                                                                                                                                                                                                                                                                                                                                                                                                                                                                                                                                                                                                                                                                                                                                                                                                                                                    
NL9319217,222100WW8H7QLNABP340,"Stichting Achmea Algemeen Pensioenfonds - kring RBS",,"Handelsweg 2, 3707 , ZEIST",Defined benefits,,                                                                                                                                                                                                                                                                                                                                                                                                                                                                                                                                                                                                                                                                                                                                                                                                                                                                                                   
NL1921000,213800AP5OC9PZK44L69,"Stichting Achmea Algemeen Pensioenfonds - Pensioenkring Grolsch","Stichting Achmea Algemeen Pensioenfonds","HANDELSWEG 2, 3707 , ZEIST",Defined benefits,Yes,                                                                                                                                                                                                                                                                                                                                                                                                                                                                                                                                                                                                                                                                                                                                                                                                                                           
NL1001319103,FJLMAU760Z63Y1BTJ736,"Stichting Ahold Delhaize Pensioen",,"Provincialeweg 11, 1506M, ZAANDAM",Defined benefits,Yes,                                                                                                                                                                                                                                                                                                                                                                                                                                                                                                                                                                                                                                                                                                                                                                                                                                                                                                        
NL1001319086,724500EQTOU1N68JMZ57,"Stichting Algemeen Pensioenfonds KLM",,"Prof. E.M. Meijerslaan 1, 1183A, AMSTELVEEN",Defined benefits,Yes,                                                                                                                                                                                                                                                                                                                                                                                                                                                                                                                                                                                                                                                                                                                                                                                                                                                                                           
NL8697382,549300IU523USFELWI86,"Stichting Algemeen Pensioenfonds Stap",,"Europaweg 27, 9723A, GRONINGEN",Defined benefits,,                                                                                                                                                                                                                                                                                                                                                                                                                                                                                                                                                                                                                                                                                                                                                                                                                                                                                                             
NL1302764,5493007NPYXPTD15ZY66,"Stichting Algemeen Pensioenfonds Stap RE Pensioenkring F",,"Europaweg 27, 9723 , Groningen",Defined benefits,,                                                                                                                                                                                                                                                                                                                                                                                                                                                                                                                                                                                                                                                                                                                                                                                                                                                                                          
NL2876747,549300HI1SXALWQBTU39,"Stichting Algemeen Pensioenfonds Unilever Nederland (Unilever APF)",,"Rodezand 90, 3011A, ROTTERDAM",Defined benefits,,                                                                                                                                                                                                                                                                                                                                                                                                                                                                                                                                                                                                                                                                                                                                                                                                                                                                                 
NL1001357510,5493003C6X2GZVYZ4T11,"Stichting Algemeen Pensioenfonds Unilever Nederland (Unilever APF) - Kring Forward",,"Weena 455, 3013 , ROTTERDAM",Defined benefits,Yes,                                                                                                                                                                                                                                                                                                                                                                                                                                                                                                                                                                                                                                                                                                                                                                                                                                                             
NL4970640,549300F7FI32HILF3489,"Stichting Algemeen Pensioenfonds Unilever Nederland (Unilever APF) - Kring Progress",,"Nassaukade 5, 3071 , ROTTERDAM",Defined benefits,,                                                                                                                                                                                                                                                                                                                                                                                                                                                                                                                                                                                                                                                                                                                                                                                                                                                               
NL0602866,7P4UV0MBECNZ2V4P3798,"STICHTING BEDRIJFSPENSIOENFONDS VOOR DE KOOPVAARDIJ",,"Planetenweg 5, 2132H, HOOFDDORP",Defined benefits,Yes,                                                                                                                                                                                                                                                                                                                                                                                                                                                                                                                                                                                                                                                                                                                                                                                                                                                                                           
NL1001335969,724500WVPBFNZ2EUC010,"Stichting Bedrijfspensioenfonds voor de Rijn- en Binnenvaart",,"Akerstraat 92, 6411H, HEERLEN",Defined benefits,Yes,                                                                                                                                                                                                                                                                                                                                                                                                                                                                                                                                                                                                                                                                                                                                                                                                                                                                                 
NL10000730,724500CE15BA91R19870,"Stichting Bedrijfspensioenfonds voor het Bakkersbedrijf",,"Europaweg 27, 9723A, GRONINGEN",Defined benefits,Yes,                                                                                                                                                                                                                                                                                                                                                                                                                                                                                                                                                                                                                                                                                                                                                                                                                                                                                       
NL0489572,549300PZ334RP6W8T666,"STICHTING BEDRIJFSTAKPENSIOENFONDS MODE-, INTERIEUR-, TAPIJT- EN TEXTIELINDUSTRIE",,"Akerstraat 92, 6411H, HEERLEN",Defined benefits,Yes,                                                                                                                                                                                                                                                                                                                                                                                                                                                                                                                                                                                                                                                                                                                                                                                                                                                               
NL5206669,549300R0YIL0S65XHC05,"STICHTING BEDRIJFSTAKPENSIOENFONDS VOOR DE BANDEN-EN WIELENBRANCHE",,"Akerstraat 92, 6411H, HEERLEN",Defined benefits,Yes,                                                                                                                                                                                                                                                                                                                                                                                                                                                                                                                                                                                                                                                                                                                                                                                                                                                                              
NL1001354654,72450078KVMERXY6DQ64,"Stichting Bedrijfstakpensioenfonds voor de Betonproductenindustrie",,"Einsteinweg 12, 3404L, IJSSELSTEIN",Defined benefits,Yes,                                                                                                                                                                                                                                                                                                                                                                                                                                                                                                                                                                                                                                                                                                                                                                                                                                                                      
NL1001072970,549300B75W128C2XNV02,"STICHTING BEDRIJFSTAKPENSIOENFONDS VOOR DE BOUWNIJVERHEID",,"Basisweg 10, 1043A, AMSTERDAM",Defined benefits,Yes,                                                                                                                                                                                                                                                                                                                                                                                                                                                                                                                                                                                                                                                                                                                                                                                                                                                                                    
NL1001335988,549300OCYH0WALOPK216,"Stichting Bedrijfstakpensioenfonds voor de Detailhandel",,"Euclideslaan 201, 3584B, UTRECHT",Defined benefits,Yes,                                                                                                                                                                                                                                                                                                                                                                                                                                                                                                                                                                                                                                                                                                                                                                                                                                                                                   
NL1001358309,724500LMBWFJKZILPH53,"Stichting Bedrijfstakpensioenfonds voor de Foodservice & Groothandel in Levensmiddelen",,"Akerstraat 92, 6411H, HEERLEN",Defined benefits,Yes,                                                                                                                                                                                                                                                                                                                                                                                                                                                                                                                                                                                                                                                                                                                                                                                                                                                       
NL1001355532,ECUNPD9TC7ARPR4G0150,"Stichting Bedrijfstakpensioenfonds voor de Groothandel in Vlakglas, de Groothandel in Verf, het Glasbewerkings- en het Glazeniersbed",,"Akerstraat 92, 6411H, HEERLEN",Defined benefits,Yes,                                                                                                                                                                                                                                                                                                                                                                                                                                                                                                                                                                                                                                                                                                                                                                                                         
NL2846267,7245000PRL1KGE57WO29,"Stichting Bedrijfstakpensioenfonds voor de Handel in Bouwmaterialen",,"Trivium 76, 4873L, ETTEN-LEUR",Defined benefits,Yes,                                                                                                                                                                                                                                                                                                                                                                                                                                                                                                                                                                                                                                                                                                                                                                                                                                                                             
NL9750150,RMFT1B2RN4TEL25L2B66,"Stichting Bedrijfstakpensioenfonds voor de Media PNO",,"Seinstraat 12, 1223D, HILVERSUM",Defined benefits,Yes,                                                                                                                                                                                                                                                                                                                                                                                                                                                                                                                                                                                                                                                                                                                                                                                                                                                                                          
NL10021340,549300BH78WPPJ4PPU81,"Stichting Bedrijfstakpensioenfonds voor de Meubelindustrie en Meubileringsbedrijven",,"Europaweg 27, 9723A, GRONINGEN",Defined benefits,Yes,                                                                                                                                                                                                                                                                                                                                                                                                                                                                                                                                                                                                                                                                                                                                                                                                                                                           
NL1001339697,549300DUQPVCDBMVGR28,"Stichting Bedrijfstakpensioenfonds voor de Particuliere Beveiliging",,"Europaweg 27, 9723A, GRONINGEN",Defined benefits,Yes,                                                                                                                                                                                                                                                                                                                                                                                                                                                                                                                                                                                                                                                                                                                                                                                                                                                                         
NL1001336007,7245007JKLK711RTDZ44,"Stichting Bedrijfstakpensioenfonds voor de Reisbranche",,"Verrijn Stuartlaan 1 f, 2288E, RIJSWIJK",Defined benefits,Yes,                                                                                                                                                                                                                                                                                                                                                                                                                                                                                                                                                                                                                                                                                                                                                                                                                                                                             
NL5301238,3KKI6CE2BGRP9RYZFE90,"Stichting Bedrijfstakpensioenfonds voor de Zoetwarenindustrie",,"Europaweg 27, 9723A, GRONINGEN",Defined benefits,Yes,                                                                                                                                                                                                                                                                                                                                                                                                                                                                                                                                                                                                                                                                                                                                                                                                                                                                                  
NL1001339849,724500RTXEHKD1STWD78,"Stichting Bedrijfstakpensioenfonds voor de Zuivel en aanverwante industrie",,"Handelsweg 2, 3707N, ZEIST",Defined benefits,Yes,                                                                                                                                                                                                                                                                                                                                                                                                                                                                                                                                                                                                                                                                                                                                                                                                                                                                      
NL1001072971,I0VDGE3UPBKDNIRIY087,"STICHTING BEDRIJFSTAKPENSIOENFONDS VOOR HET BEROEPSVERVOER OVER DE WEG",,"Europaweg 27, 9723A, GRONINGEN",Defined benefits,Yes,                                                                                                                                                                                                                                                                                                                                                                                                                                                                                                                                                                                                                                                                                                                                                                                                                                                                      
NL1001339692,724500MRODHMKVPJ5N11,"Stichting Bedrijfstakpensioenfonds voor het Kappersbedrijf",,"Stationsweg 1, 3445A, WOERDEN",Defined benefits,Yes,                                                                                                                                                                                                                                                                                                                                                                                                                                                                                                                                                                                                                                                                                                                                                                                                                                                                                   
NL1001339693,724500UCH2082LQT5I49,"Stichting Bedrijfstakpensioenfonds voor het Levensmiddelenbedrijf",,"Akerstraat 92, 6411H, HEERLEN",Defined benefits,Yes,                                                                                                                                                                                                                                                                                                                                                                                                                                                                                                                                                                                                                                                                                                                                                                                                                                                                            
NL1001354649,0NP1GL4B4GDQTLSR1E15,"Stichting Bedrijfstakpensioenfonds voor het Schilders-, Afwerkings- en Glaszetbedrijf",,"Noordweg-Noord 150, 3704J, ZEIST",Defined benefits,Yes,                                                                                                                                                                                                                                                                                                                                                                                                                                                                                                                                                                                                                                                                                                                                                                                                                                                     
NL0328939,724500EI4K55TDHR8C26,"Stichting Bedrijfstakpensioenfonds voor het Schoonmaak- en Glazenwassersbedrijf",,"Basisweg 10, 1043A, AMSTERDAM",Defined benefits,Yes,                                                                                                                                                                                                                                                                                                                                                                                                                                                                                                                                                                                                                                                                                                                                                                                                                                                                 
NL1001355539,724500E6TIZKOGXH0V91,"Stichting Bedrijfstakpensioenfonds voor Vlees, Vleeswaren, Gemaksvoeding en Pluimveevlees",,"Stationsweg 1, 3445A, WOERDEN",Defined benefits,Yes,                                                                                                                                                                                                                                                                                                                                                                                                                                                                                                                                                                                                                                                                                                                                                                                                                                                    
NL0853110,724500I4Z6CB6WSGQW26,"Stichting Bedrijfstakpensioenfonds Waterbouw",,"Prins Mauritslaan 5, 1171L, BADHOEVEDORP",Defined benefits,Yes,                                                                                                                                                                                                                                                                                                                                                                                                                                                                                                                                                                                                                                                                                                                                                                                                                                                                                         
NL1001355540,X4L2VNQ8HV5OYLOSSC95,"Stichting Bedrijfstakpensioenfonds Zorgverzekeraars",,"Handelsweg 2, 3707N, ZEIST",Defined benefits,Yes,                                                                                                                                                                                                                                                                                                                                                                                                                                                                                                                                                                                                                                                                                                                                                                                                                                                                                             
NL1001358314,0RA4XDT47367OL841O88,"Stichting Beroepspensioenfonds Loodsen",,"Berghaven 16, 3151H, HOEK VAN HOLLAND",Defined benefits,Yes,                                                                                                                                                                                                                                                                                                                                                                                                                                                                                                                                                                                                                                                                                                                                                                                                                                                                                               
NL8842178,7245005ERMLWMQ47SH30,"STICHTING BPL PENSIOEN",,"Stationsweg 1, 3445A, WOERDEN",Defined benefits,Yes,                                                                                                                                                                                                                                                                                                                                                                                                                                                                                                                                                                                                                                                                                                                                                                                                                                                                                                                          
NL6404198,724500X9S55JFPBOZM45,"Stichting Brocacef Pensioenfonds",,"Straatweg 2, 3604B, MAARSSEN",Defined benefits,Yes,                                                                                                                                                                                                                                                                                                                                                                                                                                                                                                                                                                                                                                                                                                                                                                                                                                                                                                                 
NL9135873,549300UNXEJBCJ2RW073,"Stichting De Nationale Algemeen Pensioenfonds",,"Schenkkade 65, 2595A, 'S-GRAVENHAGE",Defined benefits,,                                                                                                                                                                                                                                                                                                                                                                                                                                                                                                                                                                                                                                                                                                                                                                                                                                                                                                
NL5685040,A3OZI667JEF5WQMFYC72,"Stichting DOW Pensioenfonds",,"Herbert H. Dowweg 5, 4542N, HOEK",Defined benefits,Yes,                                                                                                                                                                                                                                                                                                                                                                                                                                                                                                                                                                                                                                                                                                                                                                                                                                                                                                                  
NL3351509,724500R62MJYTR2C6540,"Stichting Excedent Pensioenfonds 1987",,"Koninginneweg 97, 3261C, OUD-BEIJERLAND",Defined benefits,,                                                                                                                                                                                                                                                                                                                                                                                                                                                                                                                                                                                                                                                                                                                                                                                                                                                                                                    
NL10002315,5493003OCYQPJZ785858,"Stichting Heineken Pensioenfonds",,"Burgemeester Smeetsweg 1, 2382P, ZOETERWOUDE",Defined benefits,Yes,                                                                                                                                                                                                                                                                                                                                                                                                                                                                                                                                                                                                                                                                                                                                                                                                                                                                                                
NL1001336973,724500MRN8KDCS8NKK09,"Stichting Het nederlandse pensioenfonds",,"Prins Mauritslaan 3, 1171L, BADHOEVEDORP",Defined benefits,Yes,                                                                                                                                                                                                                                                                                                                                                                                                                                                                                                                                                                                                                                                                                                                                                                                                                                                                                           
NL5012191,549300MF6V172NVVOC39,"Stichting Het Nederlandse Pensioenfonds - Collectiviteitkring 1","Stichting Het nederlandse pensioenfonds","ARCHIMEDESLAAN 10, 3584 , UTRECHT",Defined benefits,,                                                                                                                                                                                                                                                                                                                                                                                                                                                                                                                                                                                                                                                                                                                                                                                                                                       
NL1001632041,2138004AHB6T1GSMG302,"Stichting Het Nederlandse Pensioenfonds - Pensioenkring CRH","Stichting Het nederlandse pensioenfonds","C/O STICHTING HET NEDERLANDSE PENSIOENFONDS, 1171 , BADHOEVEDORP",Defined benefits,,                                                                                                                                                                                                                                                                                                                                                                                                                                                                                                                                                                                                                                                                                                                                                                                                         
NL1001448881,5493001THWNTW3TQ5M49,"Stichting Het Nederlandse Pensioenfonds - Pensioenkring Owase","Stichting Het nederlandse pensioenfonds","Prins Mauritslaan 3, 1171 , BADHOEVEDORP",Defined benefits,,                                                                                                                                                                                                                                                                                                                                                                                                                                                                                                                                                                                                                                                                                                                                                                                                                               
NL7786864,213800NF2KD1LA3PZW19,"Stichting Het Nederlandse Pensioenfonds - Pensioenkring Van Lanschot","Stichting Het nederlandse pensioenfonds","C/O STICHTING HET NEDERLANDSE PENSIOENFONDS, 1171L, BADHOEVEDORP",Defined benefits,Yes,                                                                                                                                                                                                                                                                                                                                                                                                                                                                                                                                                                                                                                                                                                                                                                                                
NL0498285,213800KHIT9M1MQAXT07,"Stichting Het Nederlandse Pensioenfonds - Pensioenkring Wolters Kluwer Nederland","Stichting Het nederlandse pensioenfonds","PRINS MAURITSLAAN 3, 1171L, BADHOEVEDORP",Defined benefits,Yes,                                                                                                                                                                                                                                                                                                                                                                                                                                                                                                                                                                                                                                                                                                                                                                                                            
NL1001072968,724500EAMZFYMZT2ZR97,"Stichting IFF Pensioenfonds",,"Liebergerweg 72, 1221J, HILVERSUM",Defined benefits,Yes,                                                                                                                                                                                                                                                                                                                                                                                                                                                                                                                                                                                                                                                                                                                                                                                                                                                                                                              
NL4475514,724500KOGWMLHBY60385,"Stichting IKEA Pensioenfonds",,"Spoorlaan 298, 5017J, TILBURG",Defined benefits,Yes,                                                                                                                                                                                                                                                                                                                                                                                                                                                                                                                                                                                                                                                                                                                                                                                                                                                                                                                    
NL9077320,724500B0O4KWJ9ZW6652,"STICHTING ING CDC PENSIOENFONDS",,"De entree 201, 1101H, AMSTERDAM",Defined benefits,Yes,                                                                                                                                                                                                                                                                                                                                                                                                                                                                                                                                                                                                                                                                                                                                                                                                                                                                                                               
NL003121987B019,EI2AJVNZKL4PT4OZTR26,"STICHTING MARS PENSIOENFONDS",,"Taylorweg 5, 5466A, VEGHEL",Defined benefits,Yes,                                                                                                                                                                                                                                                                                                                                                                                                                                                                                                                                                                                                                                                                                                                                                                                                                                                                                                                 
NL1001335993,7245007K3IHZ557HZK03,"Stichting Mediahuis Nederland Pensioenfonds",,"Basisweg 30, 1043A, AMSTERDAM",Defined benefits,,                                                                                                                                                                                                                                                                                                                                                                                                                                                                                                                                                                                                                                                                                                                                                                                                                                                                                                     
NL1001335989,7245007FQXWCTORO2A64,"Stichting Metro Pensioenfonds",,"De Flinesstraat 9, 1114A, AMSTERDAM-DUIVENDRECHT",Defined benefits,Yes,                                                                                                                                                                                                                                                                                                                                                                                                                                                                                                                                                                                                                                                                                                                                                                                                                                                                                             
NL8184222,724500I8MBAQUU38NC11,"Stichting Molenaarspensioenfonds",,"Verrijn Stuartlaan 1 e, 2288E, RIJSWIJK",Defined benefits,Yes,                                                                                                                                                                                                                                                                                                                                                                                                                                                                                                                                                                                                                                                                                                                                                                                                                                                                                                      
NL10043280,724500I23SNI3RG26794,"Stichting NN CDC Pensioenfonds",,"De entree 201, 1101H, AMSTERDAM",Defined benefits,Yes,                                                                                                                                                                                                                                                                                                                                                                                                                                                                                                                                                                                                                                                                                                                                                                                                                                                                                                               
NL3081410,724500JB99QRJU02A896,"Stichting Pensioenfonds A.S. Watson Nederland",,"Nijborg 17, 3927D, RENSWOUDE",Defined benefits,Yes,                                                                                                                                                                                                                                                                                                                                                                                                                                                                                                                                                                                                                                                                                                                                                                                                                                                                                                    
NL5731368,7245005L4EAHM9M8F427,"Stichting Pensioenfonds Abbott Nederland",,"Meeuwenlaan 4, 8011B, ZWOLLE",Defined benefits,Yes,                                                                                                                                                                                                                                                                                                                                                                                                                                                                                                                                                                                                                                                                                                                                                                                                                                                                                                         
NL002270857B015,549300CT8FEJ1IUK9C94,"STICHTING PENSIOENFONDS ABP",,"Coriovallumstraat 46, 6411C, HEERLEN",Defined benefits,Yes,                                                                                                                                                                                                                                                                                                                                                                                                                                                                                                                                                                                                                                                                                                                                                                                                                                                                                                        
NL1001335288,724500GIF6VO6KN5Z257,"Stichting Pensioenfonds Achmea",,"Laan van Malkenschoten 20, 7333N, APELDOORN",Defined benefits,Yes,                                                                                                                                                                                                                                                                                                                                                                                                                                                                                                                                                                                                                                                                                                                                                                                                                                                                                                 
NL0999049,724500ZKCJ34UP47MW77,"Stichting Pensioenfonds Alliance",,"Stroombaan 14, 1181V, AMSTELVEEN",Defined benefits,Yes,                                                                                                                                                                                                                                                                                                                                                                                                                                                                                                                                                                                                                                                                                                                                                                                                                                                                                                             
NL1001072961,7245002MPZ96TA7L0U15,"STICHTING PENSIOENFONDS APF",,"Spoorlaan 298, 5017J, TILBURG",Defined benefits,Yes,                                                                                                                                                                                                                                                                                                                                                                                                                                                                                                                                                                                                                                                                                                                                                                                                                                                                                                                  
NL1001072730,724500D1LHZCZTZWVY04,"Stichting Pensioenfonds AT&T Nederland",,"Wilhelmina van Pruisenweg 104, 2595A, 'S-GRAVENHAGE",Defined benefits,,                                                                                                                                                                                                                                                                                                                                                                                                                                                                                                                                                                                                                                                                                                                                                                                                                                                                                    
NL1001352066,549300FFM14UPBC7U358,"Stichting Pensioenfonds Atos",,"Burgemeester Rijnderslaan 30, 1185M, AMSTELVEEN",Defined benefits,,                                                                                                                                                                                                                                                                                                                                                                                                                                                                                                                                                                                                                                                                                                                                                                                                                                                                                                  
NL4152132,724500JKF3BOH39ROZ31,"Stichting Pensioenfonds Avebe",,"Prins Hendrikplein 20, 9641G, VEENDAM",Defined benefits,Yes,                                                                                                                                                                                                                                                                                                                                                                                                                                                                                                                                                                                                                                                                                                                                                                                                                                                                                                           
NL0390141,724500Q2TS4WS5GI0Y07,"Stichting Pensioenfonds Avery Dennison",,"Willem Einthovenstraat 11, 2342B, OEGSTGEEST",Defined benefits,Yes,                                                                                                                                                                                                                                                                                                                                                                                                                                                                                                                                                                                                                                                                                                                                                                                                                                                                                           
NL5112604,U1UHK208YXBBWSMKIF54,"Stichting Pensioenfonds British American Tobacco",,"Handelsweg 53 A, 1181Z, AMSTELVEEN",Defined benefits,Yes,                                                                                                                                                                                                                                                                                                                                                                                                                                                                                                                                                                                                                                                                                                                                                                                                                                                                                           
NL1001358945,549300KC3I5R4T7J1P44,"Stichting Pensioenfonds Campina",,"Houttuinlaan 4, 3447G, WOERDEN",Defined benefits,Yes,                                                                                                                                                                                                                                                                                                                                                                                                                                                                                                                                                                                                                                                                                                                                                                                                                                                                                                             
NL3826632,724500OUL91AYS8OWT30,"Stichting Pensioenfonds Capgemini Nederland",,"Reykjavikplein 1, 3543K, UTRECHT",Defined benefits,Yes,                                                                                                                                                                                                                                                                                                                                                                                                                                                                                                                                                                                                                                                                                                                                                                                                                                                                                                  
NL1548153,ZB67P3V8ZDW1X6C2PC66,"STICHTING PENSIOENFONDS CARGILL B.V.",,"Evert van de Beekstraat 378, 1118C, SCHIPHOL",Defined benefits,Yes,                                                                                                                                                                                                                                                                                                                                                                                                                                                                                                                                                                                                                                                                                                                                                                                                                                                                                             
NL1744271,724500EAL3IZ886MNH44,"Stichting Pensioenfonds Citigroup Nederland",,"Schiphol Boulevard 257  Trn D Fl 8, 1118B, SCHIPHOL",Defined benefits,Yes,                                                                                                                                                                                                                                                                                                                                                                                                                                                                                                                                                                                                                                                                                                                                                                                                                                                                               
NL5407985,724500YY9RT1O9D65P19,"Stichting Pensioenfonds Coram",,"Edvard Munchweg 107  2e etage, 1328M, ALMERE",Defined benefits,Yes,                                                                                                                                                                                                                                                                                                                                                                                                                                                                                                                                                                                                                                                                                                                                                                                                                                                                                                    
NL1001072969,72450086Q8YLZRI3K519,"Stichting Pensioenfonds Delta Lloyd",,"Spaklerweg 4, 1096B, AMSTERDAM",Defined benefits,Yes,                                                                                                                                                                                                                                                                                                                                                                                                                                                                                                                                                                                                                                                                                                                                                                                                                                                                                                         
NL6790719,724500KE6QR4NZH9KU43,"Stichting Pensioenfonds DHL Nederland",,"Reactorweg 25, 3542A, UTRECHT",Defined benefits,Yes,                                                                                                                                                                                                                                                                                                                                                                                                                                                                                                                                                                                                                                                                                                                                                                                                                                                                                                           
NL1001335959,IW6U7MSNP42O5K5M6380,"Stichting Pensioenfonds DSM Nederland",,"Het Overloon 1, 6411T, HEERLEN",Defined benefits,Yes,                                                                                                                                                                                                                                                                                                                                                                                                                                                                                                                                                                                                                                                                                                                                                                                                                                                                                                       
NL1001335218,724500D2Q9Q34EO2MY28,"Stichting Pensioenfonds Ecolab",,"Oude Rhijnhofweg 17, 2342 , OEGSTGEEST",Defined benefits,Yes,                                                                                                                                                                                                                                                                                                                                                                                                                                                                                                                                                                                                                                                                                                                                                                                                                                                                                                      
NL1001357441,549300Y1MNKRB55F0335,"Stichting Pensioenfonds Essity",,"Arnhemse Bovenweg 120, 3708A, ZEIST",Defined benefits,Yes,                                                                                                                                                                                                                                                                                                                                                                                                                                                                                                                                                                                                                                                                                                                                                                                                                                                                                                         
NL002865622B014,724500DR17T92E47YT02,"Stichting Pensioenfonds F. van Lanschot",,"Hooge Steenweg 29, 5211J, 'S-HERTOGENBOSCH",Defined benefits,Yes,                                                                                                                                                                                                                                                                                                                                                                                                                                                                                                                                                                                                                                                                                                                                                                                                                                                                                      
NL1001335604,724500JNFUCKIF073W43,"Stichting Pensioenfonds Flexsecurity",,"Diemermere 25, 1112T, DIEMEN",Defined benefits,Yes,                                                                                                                                                                                                                                                                                                                                                                                                                                                                                                                                                                                                                                                                                                                                                                                                                                                                                                          
NL7209056,7245000EYJI3DPJ34B06,"Stichting Pensioenfonds Fluor Nederland",,"Taurusavenue 155, 2132L, HOOFDDORP",Defined benefits,Yes,                                                                                                                                                                                                                                                                                                                                                                                                                                                                                                                                                                                                                                                                                                                                                                                                                                                                                                    
NL1216205,A9N92MHJZZF96CEYLH48,"STICHTING PENSIOENFONDS FORBO",,"Industrieweg 12, 1566J, ASSENDELFT",Defined benefits,Yes,                                                                                                                                                                                                                                                                                                                                                                                                                                                                                                                                                                                                                                                                                                                                                                                                                                                                                                              
NL5748360,35KMR27T8BNUOZCFLU31,"Stichting Pensioenfonds Gasunie",,"Concourslaan 17, 9727K, GRONINGEN",Defined benefits,Yes,                                                                                                                                                                                                                                                                                                                                                                                                                                                                                                                                                                                                                                                                                                                                                                                                                                                                                                             
NL2125571,724500H2X0CMH9SE1539,"Stichting Pensioenfonds Gazelle",,"Rondebeltweg 31, 1329B, ALMERE",Defined benefits,Yes,                                                                                                                                                                                                                                                                                                                                                                                                                                                                                                                                                                                                                                                                                                                                                                                                                                                                                                                
NL2111480,724500LDDXDAS32H9N50,"Stichting Pensioenfonds Geveke",,"Rondebeltweg 31, 1329B, ALMERE",Defined benefits,Yes,                                                                                                                                                                                                                                                                                                                                                                                                                                                                                                                                                                                                                                                                                                                                                                                                                                                                                                                 
NL3349572,724500KQVL61OOKKSV35,"Stichting Pensioenfonds Gomacon B.V.",,"Emmalaan 35, 7204A, ZUTPHEN",Defined contributions,,                                                                                                                                                                                                                                                                                                                                                                                                                                                                                                                                                                                                                                                                                                                                                                                                                                                                                                            
NL1001335970,724500GM1LK5IQ2CKQ92,"Stichting Pensioenfonds Hal",,"Weena 696, 3012C, ROTTERDAM",Defined benefits,Yes,                                                                                                                                                                                                                                                                                                                                                                                                                                                                                                                                                                                                                                                                                                                                                                                                                                                                                                                    
NL6457661,7245007AFNR4LGNO9Z88,"STICHTING PENSIOENFONDS HASKONINGDHV",,"Laan 1914 35, 3818E, AMERSFOORT",Defined benefits,Yes,                                                                                                                                                                                                                                                                                                                                                                                                                                                                                                                                                                                                                                                                                                                                                                                                                                                                                                          
NL1001361759,724500IJF42SRSUD7P28,"Stichting Pensioenfonds Honeywell",,"Stationsplein-ZW 961  Tristar I, 1117C, SCHIPHOL",Defined benefits,Yes,                                                                                                                                                                                                                                                                                                                                                                                                                                                                                                                                                                                                                                                                                                                                                                                                                                                                                         
NL1001354658,680BQC8QTR6VFH4U8N23,"Stichting Pensioenfonds Hoogovens",,"Wijckermolen 202, 1941J, BEVERWIJK",Defined benefits,Yes,                                                                                                                                                                                                                                                                                                                                                                                                                                                                                                                                                                                                                                                                                                                                                                                                                                                                                                       
NL1976513,2EZ76Z04XLEOXHY34D24,"Stichting Pensioenfonds Horeca & Catering",,"Houtsingel 25, 2719E, ZOETERMEER",Defined benefits,Yes,                                                                                                                                                                                                                                                                                                                                                                                                                                                                                                                                                                                                                                                                                                                                                                                                                                                                                                    
NL8339836,724500K2S047B67DTU63,"Stichting Pensioenfonds Huntsman Rozenburg",,"Merseyweg 10, 3197K, BOTLEK ROTTERDAM",Defined benefits,Yes,                                                                                                                                                                                                                                                                                                                                                                                                                                                                                                                                                                                                                                                                                                                                                                                                                                                                                              
NL5499307,S3RXZQFVSXBO5HY7RR92,"Stichting Pensioenfonds IBM Nederland",,"Van Heuven Goedhartlaan 121, 1181K, AMSTELVEEN",Defined benefits,Yes,                                                                                                                                                                                                                                                                                                                                                                                                                                                                                                                                                                                                                                                                                                                                                                                                                                                                                          
NL3165775,549300XSSPGPFC9HU285,"STICHTING PENSIOENFONDS ING",,"Bijlmerdreef 24  Gebouw Acanthus A 14.007, 1102C, AMSTERDAM",Defined benefits,,                                                                                                                                                                                                                                                                                                                                                                                                                                                                                                                                                                                                                                                                                                                                                                                                                                                                                          
NL1001319083,724500G4BY32WOSPXL55,"Stichting Pensioenfonds KLM-Cabinepersoneel",,"Prof. E.M. Meijerslaan 1, 1183A, AMSTELVEEN",Defined benefits,Yes,                                                                                                                                                                                                                                                                                                                                                                                                                                                                                                                                                                                                                                                                                                                                                                                                                                                                                    
NL3275242,7245009PMEWOX5ZS3T82,"Stichting Pensioenfonds Koninklijke Cosun",,"Van de Reijtstraat 15, 4814N, BREDA",Defined benefits,Yes,                                                                                                                                                                                                                                                                                                                                                                                                                                                                                                                                                                                                                                                                                                                                                                                                                                                                                                 
NL8531015,724500DDF8E7OSRAVS64,"STICHTING PENSIOENFONDS KPN",,"Stationsstraat 115, 3811M, AMERSFOORT",Defined benefits,Yes,                                                                                                                                                                                                                                                                                                                                                                                                                                                                                                                                                                                                                                                                                                                                                                                                                                                                                                             
NL4638445,724500XRXPXBXCBCQQ59,"Stichting Pensioenfonds Lloyd's Register Nederland",,"George Hintzenweg 77, 3068A, ROTTERDAM",Defined benefits,Yes,                                                                                                                                                                                                                                                                                                                                                                                                                                                                                                                                                                                                                                                                                                                                                                                                                                                                                     
NL1001335974,549300JZHIVLGVO20P13,"Stichting Pensioenfonds Medewerkers Apotheken",,"Neuhuyskade 92, 2596X, 'S-GRAVENHAGE",Defined benefits,Yes,                                                                                                                                                                                                                                                                                                                                                                                                                                                                                                                                                                                                                                                                                                                                                                                                                                                                                         
NL10002161,KYHI0ZH55WJMAGCUM377,"Stichting Pensioenfonds Medisch Specialisten",,"Driebergseweg 17, 3708J, ZEIST",Defined benefits,Yes,                                                                                                                                                                                                                                                                                                                                                                                                                                                                                                                                                                                                                                                                                                                                                                                                                                                                                                  
NL2381361,549300CJO3RNM4SVOM75,"Stichting Pensioenfonds Mercer",,"Startbaan 6, 1185X, AMSTELVEEN",Defined benefits,Yes,                                                                                                                                                                                                                                                                                                                                                                                                                                                                                                                                                                                                                                                                                                                                                                                                                                                                                                                 
NL5275247,OXKGMOQXUUQHQBNHWH53,"STICHTING PENSIOENFONDS METAAL EN TECHNIEK",,"Prinses Beatrixlaan 15, 2595A, 'S-GRAVENHAGE",Defined benefits,Yes,                                                                                                                                                                                                                                                                                                                                                                                                                                                                                                                                                                                                                                                                                                                                                                                                                                                                                       
NL3047236,549300ZXIT0NX6V1OH70,"Stichting Pensioenfonds MSD",,"Waarderweg 39, 2031B, HAARLEM",Defined benefits,Yes,                                                                                                                                                                                                                                                                                                                                                                                                                                                                                                                                                                                                                                                                                                                                                                                                                                                                                                                     
NL1001357403,724500KU2OLDPAZT2370,"Stichting Pensioenfonds Notariaat",,"Europaweg 27, 9723A, GRONINGEN",Defined benefits,Yes,                                                                                                                                                                                                                                                                                                                                                                                                                                                                                                                                                                                                                                                                                                                                                                                                                                                                                                           
NL8488856,,"Stichting Pensioenfonds Onafhankelijke Raadgevend Actuarissen",,"Bilderdijkkade 15, 1053V, AMSTERDAM",Defined benefits,,                                                                                                                                                                                                                                                                                                                                                                                                                                                                                                                                                                                                                                                                                                                                                                                                                                                                                                    
NL6853436,NXRRHU10YR80RNU7DO59,"Stichting Pensioenfonds Openbare Apothekers",,"Akerstraat 92, 6411H, HEERLEN",Defined benefits,Yes,                                                                                                                                                                                                                                                                                                                                                                                                                                                                                                                                                                                                                                                                                                                                                                                                                                                                                                     
NL2883703,724500YNW81DJUMO1J25,"Stichting Pensioenfonds Openbare Bibliotheken",,"Akerstraat 92  (AZL), 6411H, HEERLEN",Defined benefits,Yes,                                                                                                                                                                                                                                                                                                                                                                                                                                                                                                                                                                                                                                                                                                                                                                                                                                                                                            
NL3898241,724500QBDQ7IMR2I4V83,"Stichting Pensioenfonds Pensura",,"Maarssenbroeksedijk 2, 3542D, UTRECHT",Defined benefits,Yes,                                                                                                                                                                                                                                                                                                                                                                                                                                                                                                                                                                                                                                                                                                                                                                                                                                                                                                         
NL3571008,724500SCJKY3JGCW5E50,"STICHTING PENSIOENFONDS PGB",,"Prof. E.M. Meijerslaan 2, 1183A, AMSTELVEEN",Defined benefits,Yes,                                                                                                                                                                                                                                                                                                                                                                                                                                                                                                                                                                                                                                                                                                                                                                                                                                                                                                       
NL9992044,724500A3LQY8ZCAGGL38,"Stichting Pensioenfonds Pon",,"Rondebeltweg 31, 1329B, ALMERE",Defined benefits,Yes,                                                                                                                                                                                                                                                                                                                                                                                                                                                                                                                                                                                                                                                                                                                                                                                                                                                                                                                    
NL4672800,724500VED7Y8YZ0V1S94,"STICHTING PENSIOENFONDS POSTNL",,"Europaweg 27, 9723A, GRONINGEN",Defined benefits,Yes,                                                                                                                                                                                                                                                                                                                                                                                                                                                                                                                                                                                                                                                                                                                                                                                                                                                                                                                 
NL0736868,724500K3LLF0262T8394,"Stichting Pensioenfonds Provisum",,"Jachthavenweg 111, 1081K, AMSTERDAM",Defined benefits,Yes,                                                                                                                                                                                                                                                                                                                                                                                                                                                                                                                                                                                                                                                                                                                                                                                                                                                                                                          
NL8170492,RMIUOB4TUI6OFKZ3HL40,"Stichting Pensioenfonds Rail & Openbaar Vervoer",,"Arthur van Schendelstraat 850, 3511M, UTRECHT",Defined benefits,Yes,                                                                                                                                                                                                                                                                                                                                                                                                                                                                                                                                                                                                                                                                                                                                                                                                                                                                                 
NL1001355558,7245001BIC9NFQ5SM909,"Stichting Pensioenfonds Recreatie (SPR)",,"Europaweg 27, 9723A, GRONINGEN",Defined benefits,Yes,                                                                                                                                                                                                                                                                                                                                                                                                                                                                                                                                                                                                                                                                                                                                                                                                                                                                                                     
NL1001355556,213800J3UN6H95O35922,"Stichting Pensioenfonds Robeco",,"Weena 850, 3014D, ROTTERDAM",Defined benefits,Yes,                                                                                                                                                                                                                                                                                                                                                                                                                                                                                                                                                                                                                                                                                                                                                                                                                                                                                                                 
NL0049948,724500EITJUDG2Y0NH50,"Stichting Pensioenfonds Rockwool",,"Industrieweg 15, 6045J, ROERMOND",Defined benefits,Yes,                                                                                                                                                                                                                                                                                                                                                                                                                                                                                                                                                                                                                                                                                                                                                                                                                                                                                                             
NL1001072081,J1OM8NR2YLNDNKV1QH94,"Stichting Pensioenfonds SABIC",,"Het Overloon 1, 6411T, HEERLEN",Defined benefits,Yes,                                                                                                                                                                                                                                                                                                                                                                                                                                                                                                                                                                                                                                                                                                                                                                                                                                                                                                               
NL5175924,7245008MKZH16OW2MT62,"Stichting Pensioenfonds Sagittarius",,"Brediusweg 57, 1401A, BUSSUM",Defined benefits,Yes,                                                                                                                                                                                                                                                                                                                                                                                                                                                                                                                                                                                                                                                                                                                                                                                                                                                                                                              
NL3235267,724500M2NQG4CRY3ES09,"Stichting Pensioenfonds Smurfit Kappa Nederland",,"Warandelaan 2, 4904P, OOSTERHOUT",Defined benefits,Yes,                                                                                                                                                                                                                                                                                                                                                                                                                                                                                                                                                                                                                                                                                                                                                                                                                                                                                              
NL1001335963,724500TO02N4JS8FDY96,"Stichting Pensioenfonds SNS REAAL",,"Pettelaarpark 120, 5216P, 'S-HERTOGENBOSCH",Defined benefits,Yes,                                                                                                                                                                                                                                                                                                                                                                                                                                                                                                                                                                                                                                                                                                                                                                                                                                                                                               
NL1001072962,BN3DFTDNTL4FZHWRJ131,"Stichting Pensioenfonds Staples",,"Hoogoorddreef 62, 1101B, AMSTERDAM",Defined benefits,Yes,                                                                                                                                                                                                                                                                                                                                                                                                                                                                                                                                                                                                                                                                                                                                                                                                                                                                                                         
NL10000398,7245003T1RAZS70XOL20,"Stichting Pensioenfonds Tandartsen en Tandarts-specialisten",,"Akerstraat 92, 6411H, HEERLEN",Defined benefits,,                                                                                                                                                                                                                                                                                                                                                                                                                                                                                                                                                                                                                                                                                                                                                                                                                                                                                       
NL1001336012,724500S8INQD7EI96G66,"Stichting Pensioenfonds TDV",,"Zutphenseweg 51, 7418A, DEVENTER",Defined benefits,Yes,                                                                                                                                                                                                                                                                                                                                                                                                                                                                                                                                                                                                                                                                                                                                                                                                                                                                                                               
NL0040875,549300YU8UVYLLDPS766,"Stichting Pensioenfonds Thales Nederland",,"Zuidelijke Havenweg 40, 7554R, HENGELO",Defined benefits,Yes,                                                                                                                                                                                                                                                                                                                                                                                                                                                                                                                                                                                                                                                                                                                                                                                                                                                                                               
NL1001335976,549300DW4WNCHUI1OQ50,"Stichting Pensioenfonds TNO",,"Laan van Zuid Hoorn 165, 2289D, RIJSWIJK",Defined benefits,Yes,                                                                                                                                                                                                                                                                                                                                                                                                                                                                                                                                                                                                                                                                                                                                                                                                                                                                                                       
NL7118698,724500I4R033LCGHW451,"Stichting Pensioenfonds Tobacon Offshore Marine Consultancy B.V.",,"Koudhoornseweg 30, 3886P, GARDEREN",Defined contributions,,                                                                                                                                                                                                                                                                                                                                                                                                                                                                                                                                                                                                                                                                                                                                                                                                                                                                         
NL0226789,724500QZNDMMI3VHKX78,"Stichting Pensioenfonds Trespa",,"Wetering 20, 6002S, WEERT",Defined benefits,Yes,                                                                                                                                                                                                                                                                                                                                                                                                                                                                                                                                                                                                                                                                                                                                                                                                                                                                                                                      
NL6890692,Q459BX8QSX6G0TCC8069,"STICHTING PENSIOENFONDS UWV",,"La Guardiaweg 94, 1043D, AMSTERDAM",Defined benefits,Yes,                                                                                                                                                                                                                                                                                                                                                                                                                                                                                                                                                                                                                                                                                                                                                                                                                                                                                                                
NL1001354655,489Q1J076FXGOBROJ015,"Stichting Pensioenfonds van de ABN AMRO Bank N.V.",,"Hoogoorddreef 7, 1101B, AMSTERDAM",Defined benefits,Yes,                                                                                                                                                                                                                                                                                                                                                                                                                                                                                                                                                                                                                                                                                                                                                                                                                                                                                        
NL2223629,3CM95YDLPQX8HLPILO80,"Stichting Pensioenfonds van de Grolsche Bierbrouwerij",,"Brouwerslaan 1, 7548X, ENSCHEDE",Defined benefits,Yes,                                                                                                                                                                                                                                                                                                                                                                                                                                                                                                                                                                                                                                                                                                                                                                                                                                                                                         
NL1001335996,724500ACUIJ4RR8G1N39,"Stichting Pensioenfonds van de KAS BANK",,"De entree 500, 1101E, AMSTERDAM",Defined benefits,Yes,                                                                                                                                                                                                                                                                                                                                                                                                                                                                                                                                                                                                                                                                                                                                                                                                                                                                                                    
NL4540242,RR5C8B0WL67LM8LXGY08,"STICHTING PENSIOENFONDS VAN DE METALEKTRO (PME)",,"Europaweg 27, 9723A, GRONINGEN",Defined benefits,Yes,                                                                                                                                                                                                                                                                                                                                                                                                                                                                                                                                                                                                                                                                                                                                                                                                                                                                                                
NL1001354657,54930003G0MYEW371H22,"Stichting Pensioenfonds van De Nederlandsche Bank N.V.",,"Westeinde 1, 1017Z, AMSTERDAM",Defined benefits,Yes,                                                                                                                                                                                                                                                                                                                                                                                                                                                                                                                                                                                                                                                                                                                                                                                                                                                                                       
NL5299482,724500YTARRDHMDA8Q53,"Stichting Pensioenfonds Verzicht",,"De Koppels 17, 2265D, LEIDSCHENDAM",Defined benefits,,                                                                                                                                                                                                                                                                                                                                                                                                                                                                                                                                                                                                                                                                                                                                                                                                                                                                                                              
NL5829644,724500K5EGTF51V5Z033,"Stichting Pensioenfonds Vitol Anker",,"K.P. van der Mandelelaan 130, 3062M, ROTTERDAM",Defined benefits,,                                                                                                                                                                                                                                                                                                                                                                                                                                                                                                                                                                                                                                                                                                                                                                                                                                                                                               
NL1001319084,724500N6PJD0IYEMS804,"Stichting Pensioenfonds Vliegend Personeel KLM",,"Prof. E.M. Meijerslaan 1, 1183A, AMSTELVEEN",Defined benefits,Yes,                                                                                                                                                                                                                                                                                                                                                                                                                                                                                                                                                                                                                                                                                                                                                                                                                                                                                 
NL1001335995,5493007PYLOJEXV2U856,"Stichting Pensioenfonds voor de Architectenbureaus",,"Ceintuurbaan 2  TBB Bouw & Infrapark, Gebouw 80, 3847L, HARDERWIJK",Defined benefits,Yes,                                                                                                                                                                                                                                                                                                                                                                                                                                                                                                                                                                                                                                                                                                                                                                                                                                                      
NL3565786,724500NOCSEN7HK4DG38,"Stichting Pensioenfonds voor de Nederlandse Groothandel",,"Bezuidenhoutseweg 12, 2594A, 'S-GRAVENHAGE",Defined benefits,Yes,                                                                                                                                                                                                                                                                                                                                                                                                                                                                                                                                                                                                                                                                                                                                                                                                                                                                            
NL4438621,5493000Y69QXD2ECZ202,"Stichting Pensioenfonds voor de Woningcorporaties",,"Ceintuurbaan 2  110A, 3847L, HARDERWIJK",Defined benefits,Yes,                                                                                                                                                                                                                                                                                                                                                                                                                                                                                                                                                                                                                                                                                                                                                                                                                                                                                     
NL1001355543,7245001TIF29FKON3223,"Stichting Pensioenfonds voor Dierenartsen",,"Spoorlaan 298, 5017J, TILBURG",Defined benefits,Yes,                                                                                                                                                                                                                                                                                                                                                                                                                                                                                                                                                                                                                                                                                                                                                                                                                                                                                                    
NL1001354685,724500JR49MH2HDNFS08,"Stichting Pensioenfonds voor Fysiotherapeuten",,"Spoorlaan 298, 5017J, TILBURG",Defined benefits,Yes,                                                                                                                                                                                                                                                                                                                                                                                                                                                                                                                                                                                                                                                                                                                                                                                                                                                                                                
NL3260549,CZ6WMJYSLC1XQV50Y968,"Stichting Pensioenfonds voor Huisartsen",,"Hoofdstraat 256, 3972L, DRIEBERGEN-RIJSENBURG",Defined benefits,Yes,                                                                                                                                                                                                                                                                                                                                                                                                                                                                                                                                                                                                                                                                                                                                                                                                                                                                                         
NL1001335602,724500C9X5DJREYB6961,"Stichting Pensioenfonds voor Personeelsdiensten",,"Noordweg-Noord 150, 3704J, ZEIST",Defined benefits,Yes,                                                                                                                                                                                                                                                                                                                                                                                                                                                                                                                                                                                                                                                                                                                                                                                                                                                                                           
NL1001319033,7245005Z6FBAAKP59G49,"Stichting Pensioenfonds voor Roeiers in het Rotterdamse havengebied",,"Heijplaatweg 7, 3089J, ROTTERDAM",Defined benefits,Yes,                                                                                                                                                                                                                                                                                                                                                                                                                                                                                                                                                                                                                                                                                                                                                                                                                                                                       
NL1001354686,724500ALLX8ZPYXV3G13,"Stichting Pensioenfonds voor Verloskundigen",,"Spoorlaan 298, 5017J, TILBURG",Defined benefits,Yes,                                                                                                                                                                                                                                                                                                                                                                                                                                                                                                                                                                                                                                                                                                                                                                                                                                                                                                  
NL1001355555,549300PO8TXJME67SW26,"Stichting Pensioenfonds Vopak",,"Westerlaan 10, 3016C, ROTTERDAM",Defined benefits,Yes,                                                                                                                                                                                                                                                                                                                                                                                                                                                                                                                                                                                                                                                                                                                                                                                                                                                                                                              
NL9924452,7245003MWSFUEMLLLE05,"Stichting Pensioenfonds Werk- en (re)Integratie",,"Oude Lindestraat 70  APG, 6411E, HEERLEN",Defined benefits,Yes,                                                                                                                                                                                                                                                                                                                                                                                                                                                                                                                                                                                                                                                                                                                                                                                                                                                                                      
NL4352318,724500PEGAAM5453H245,"Stichting Pensioenfonds Witteveen+Bos",,"Leeuwenbrug 8, 7411T, DEVENTER",Defined benefits,Yes,                                                                                                                                                                                                                                                                                                                                                                                                                                                                                                                                                                                                                                                                                                                                                                                                                                                                                                          
NL1001072966,8EFE15WY4PBBKG6GZI21,"Stichting Pensioenfonds Zorg en Welzijn",,"Utrechtseweg 91, 3702A, ZEIST",Defined benefits,Yes,                                                                                                                                                                                                                                                                                                                                                                                                                                                                                                                                                                                                                                                                                                                                                                                                                                                                                                      
NL1506589,5493006PQIQEICPYMJ31,"Stichting Personeelspensioenfonds APG",,"Basisweg 10, 1043A, AMSTERDAM",Defined benefits,Yes,                                                                                                                                                                                                                                                                                                                                                                                                                                                                                                                                                                                                                                                                                                                                                                                                                                                                                                           
NL4712955,549300WEMFGZO1PX8H22,"Stichting Philips Pensioenfonds",,"High Tech Campus 5  etage 2, 5656A, EINDHOVEN",Defined benefits,Yes,                                                                                                                                                                                                                                                                                                                                                                                                                                                                                                                                                                                                                                                                                                                                                                                                                                                                                                 
NL2276263,OPKWAPODCGNEC8GM4322,"STICHTING RABOBANK PENSIOENFONDS",,"Croeselaan 18, 3521C, UTRECHT",Defined benefits,Yes,                                                                                                                                                                                                                                                                                                                                                                                                                                                                                                                                                                                                                                                                                                                                                                                                                                                                                                                
NL0504024,2138006OZQ4A1SOYK780,"STICHTING SHELL PENSIOENFONDS",,"Carel van Bylandtlaan 5, 2596H, 'S-GRAVENHAGE",Defined benefits,Yes,                                                                                                                                                                                                                                                                                                                                                                                                                                                                                                                                                                                                                                                                                                                                                                                                                                                                                                   
NL9184248,724500Y5JDQ54CEIOZ46,"Stichting Sportfondsen Pensioenfonds",,"Paasheuvelweg 3, 1105B, AMSTERDAM",Defined benefits,Yes,                                                                                                                                                                                                                                                                                                                                                                                                                                                                                                                                                                                                                                                                                                                                                                                                                                                                                                        
NL8323964,,"Stichting Vrijwillig Vervroegd Uittreden uit het Partikuliere Kaaspakhuisbedrijf",,"Van Stolkweg 31, 2585J, 'S-GRAVENHAGE",Defined benefits,,                                                                                                                                                                                                                                                                                                                                                                                                                                                                                                                                                                                                                                                                                                                                                                                                                                                                               
NL9894128,,"Stichting Vrijwillig Vervroegd Uittreden voor de Particuliere Beveiliging (Supb)",,"Verrijn Stuartlaan 1 f, 2288E, RIJSWIJK",Defined benefits,,                                                                                                                                                                                                                                                                                                                                                                                                                                                                                                                                                                                                                                                                                                                                                                                                                                                                             
NL3591645,,"Stichting Vrijwillig Vervroegde Uittreding voor de Contract-Cateringbranche II",,"Stephensonweg 14, 4207H, GORINCHEM",Defined benefits,,                                                                                                                                                                                                                                                                                                                                                                                                                                                                                                                                                                                                                                                                                                                                                                                                                                                                                    
NL2272075,724500U1VG1K6G7FF192,"V.O.R. Pensioen B.V.",,"Kudelstaartseweg 274, 1433G, KUDELSTAART",Defined benefits,,                                                                                                                                                                                                                                                                                                                                                                                                                                                                                                                                                                                                                                                                                                                                                                                                                                                                                                                    
NL1001335716,54930067BEN4LR1PTD74,"Zwitserleven PPI N.V.",,"Burgemeester Rijnderslaan 7, 1185M, AMSTELVEEN",Defined benefits,,                                                                                                                                                                                                                                                                                                                                                                                                                                                                                                                                                                                                                                                                                                                                                                                                                                                                                                          
