CÓDIGO EUROPEO,LEI,NOMBRE,NOMBRE DE LA GESTORA,DIRECCIÓN,TIPO DE FONDO DE PENSION,PROMOTOR                                                                                                                                                                                                                                                                                                                                                                                                                                                                                                                                                                                                                                                                                                                                                                                                                                                                                                                                             
SE8376005941,549300BP8RMJBQLLES95,"3HUS FASTIGHETSSERVICE AB:S SÄRSKILDA PENSIONSSTIFTELSE",,"Karl X Gustavs Gata 58, 254 4, Helsingborg",,,                                                                                                                                                                                                                                                                                                                                                                                                                                                                                                                                                                                                                                                                                                                                                                                                                                                                                            
SE8630007683,254900F4UHXR1KVJN865,"A CARLSSON SICKERI O FAST.FÖRVALTN PENSIONSSTIFT",,"Box 5390, 402 2, Göteborg",,,                                                                                                                                                                                                                                                                                                                                                                                                                                                                                                                                                                                                                                                                                                                                                                                                                                                                                                                    
SE8350009687,,"A HÄGGEBRINK GRÄV AB:S SÄRSK PENSIONSSTIFTELSE",,"Stensviksvägen 18, 372 7, Ronneby",,,                                                                                                                                                                                                                                                                                                                                                                                                                                                                                                                                                                                                                                                                                                                                                                                                                                                                                                                                  
SE8460027173,549300WZ18DNUB15Q857,"AB AFFÄRSSYSTEMS SÄRSKILDA PENSIONSSTIFTELSE",,"Skogholmsgatan 5, 213 7, Malmö",,,                                                                                                                                                                                                                                                                                                                                                                                                                                                                                                                                                                                                                                                                                                                                                                                                                                                                                                                   
SE8572065764,549300632DL7JRBDDF50,"AB AGRODUS PENSIONSSTIFTELSE",,"Box 5390, 402 2, Göteborg",,,                                                                                                                                                                                                                                                                                                                                                                                                                                                                                                                                                                                                                                                                                                                                                                                                                                                                                                                                        
SE8572049636,549300H3KWPWEEYF3K86,"AB BARKEN:S PENSIONSSTIFTELSE",,"Box 319, 442 1, Kungälv",,,                                                                                                                                                                                                                                                                                                                                                                                                                                                                                                                                                                                                                                                                                                                                                                                                                                                                                                                                         
SE8020082858,549300IVWIZKW6K0LD93,"AB BEGABS PENSIONSSTIFTELSE",,"Åsevägen 18, 182 3, Danderyd",,,                                                                                                                                                                                                                                                                                                                                                                                                                                                                                                                                                                                                                                                                                                                                                                                                                                                                                                                                      
SE8450007052,549300430T7ETWLQTW42,"AB BJÖRKHAGAS SÄRSK PENSIONSSTIFTELSE",,"Duvstråket 31, 236 4, Höllviken",,,                                                                                                                                                                                                                                                                                                                                                                                                                                                                                                                                                                                                                                                                                                                                                                                                                                                                                                                         
SE8024105812,,"AB C FOOD FASTIGHETER PENSIONSSTIFTELSE",,"Box 5390, 402 2, Göteborg",,,                                                                                                                                                                                                                                                                                                                                                                                                                                                                                                                                                                                                                                                                                                                                                                                                                                                                                                                                                 
SE8575000313,549300FGA1U7V9E97065,"AB DAG ERICSSON:S SÄRSKILDA PENSIONSSTIFTELSE",,"Box 319, 442 1, Kungälv",,,                                                                                                                                                                                                                                                                                                                                                                                                                                                                                                                                                                                                                                                                                                                                                                                                                                                                                                                         
SE8024262043,549300SYUZZYCYBEOU85,"AB DIKARBACKENS PENSIONSSTIFTELSE",,"Box 319, 442 1, Kungälv",,,                                                                                                                                                                                                                                                                                                                                                                                                                                                                                                                                                                                                                                                                                                                                                                                                                                                                                                                                     
SE8480008161,,"AB HANS ANDERSSONS SÄRSKILDA PENSIONSSTIFTELSE",,"Box 53, 274 2, Skurup",,,                                                                                                                                                                                                                                                                                                                                                                                                                                                                                                                                                                                                                                                                                                                                                                                                                                                                                                                                              
SE8460028288,,"AB HUGO CARPING SÄRSKILDA PENSIONSSTIFTELSE",,"Företagsvägen 20, 232 3, Arlöv",,,                                                                                                                                                                                                                                                                                                                                                                                                                                                                                                                                                                                                                                                                                                                                                                                                                                                                                                                                        
SE8572052820,54930005CLPK2HVSI270,"AB IMMUNOS  SÄRSKILDA PENSIONSSTIFTELSE",,"Uddevallag 1, 416 7, Göteborg",,,                                                                                                                                                                                                                                                                                                                                                                                                                                                                                                                                                                                                                                                                                                                                                                                                                                                                                                                         
SE8460020426,549300JT8MS4QKKPNA96,"AB INDUSTRIVÄRDENS SÄRSKILDA PENSIONSSTIFTELSE",,"Box 5403, 114 8, Stockholm",,,                                                                                                                                                                                                                                                                                                                                                                                                                                                                                                                                                                                                                                                                                                                                                                                                                                                                                                                     
SE8020064930,5493001T15JY2U4X7O87,"AB JÄRNBRUKSFÖRNÖDENHETERS PENSIONSSTIFTELSE",,"Box 1721, 111 8, Stockholm",,,                                                                                                                                                                                                                                                                                                                                                                                                                                                                                                                                                                                                                                                                                                                                                                                                                                                                                                                       
SE8430010192,6367004C7TTI7IDBRZ52,"AB KJELLSTRÖM O PERSSONS SÄRSK PENS.STIFT",,"Box 22170, 250 2, Helsingborg",,,                                                                                                                                                                                                                                                                                                                                                                                                                                                                                                                                                                                                                                                                                                                                                                                                                                                                                                                       
SE8024239835,,"AB KUNGSHOLMS BILSERVICE SÄRSKILDA PENSIONSSTIFTELSE",,"Prästallén 4, 137 4, Västerhaninge",,,                                                                                                                                                                                                                                                                                                                                                                                                                                                                                                                                                                                                                                                                                                                                                                                                                                                                                                                           
SE8024247853,,"AB KYRKLJUS SÄRSKILDA PENSIONSSTIFTELSE",,"Hallegatan 6, 599 9, Ödeshög",,,                                                                                                                                                                                                                                                                                                                                                                                                                                                                                                                                                                                                                                                                                                                                                                                                                                                                                                                                              
SE8020093384,549300G1TSVWBWM3RT22,"AB LENPOL:S PENSIONSSTIFTELSE",,"Lummergången 15, 135 3, Tyresö",,,                                                                                                                                                                                                                                                                                                                                                                                                                                                                                                                                                                                                                                                                                                                                                                                                                                                                                                                                  
SE8450017168,,"AB LUNDS LJUSKOPIERINGSBYRÅS S PENSIONSSTIFTELSE",,"Smedjevägen 9, 236 3, Höllviken",,,                                                                                                                                                                                                                                                                                                                                                                                                                                                                                                                                                                                                                                                                                                                                                                                                                                                                                                                                  
SE8460016010,549300U1VXETU6R9RW28,"AB MALMÖ SMIDES-O KASSASKÅPSFABR SÄRSK PENS.STIF",,"Santessonsv 3, 232 9, Arlöv",,,                                                                                                                                                                                                                                                                                                                                                                                                                                                                                                                                                                                                                                                                                                                                                                                                                                                                                                                  
SE8465021510,5493000OHRTHRZVFDS73,"AB MODICUS REVISIONS SÄRSKILDA PENSIONSSTIFTELSE",,"Järngatan 33, 234 2, Lomma",,,                                                                                                                                                                                                                                                                                                                                                                                                                                                                                                                                                                                                                                                                                                                                                                                                                                                                                                                   
SE8492022168,8945000K619SNTRA7N87,"AB RÖINGE-GYCKLAREN:S PENSIONSSTIFTELSE",,"Hjalmar Brantings Väg 41, 261 4, Landskrona",,,                                                                                                                                                                                                                                                                                                                                                                                                                                                                                                                                                                                                                                                                                                                                                                                                                                                                                                           
SE8932033288,549300QEXB370QBNUE53,"AB SLÄDENS PENSIONSSTIFTELSE NR 3",,"Box 5390, 402 2, Göteborg",,,                                                                                                                                                                                                                                                                                                                                                                                                                                                                                                                                                                                                                                                                                                                                                                                                                                                                                                                                   
SE8430034531,549300R921ZIMPX3X079,"AB SOLSIDANS SÄRSKILDA PENSIONSSTIFTELSE",,"Klyvarevägen 6, 254 8, Helsingborg",,,                                                                                                                                                                                                                                                                                                                                                                                                                                                                                                                                                                                                                                                                                                                                                                                                                                                                                                                   
SE8024242698,,"AB STRÖMBERG & ANDERSSON RÖRLEDNINGSFIRMAS SÄRSKILDA PENSIONSSTIFTELSE",,"Box 22232, 250 2, Helsingborg",,,                                                                                                                                                                                                                                                                                                                                                                                                                                                                                                                                                                                                                                                                                                                                                                                                                                                                                                              
SE8132001614,,"AB SVENSKA MASKINVERKENS PENSIONSSTIFTELSE",,"581 8, Linköping",,,                                                                                                                                                                                                                                                                                                                                                                                                                                                                                                                                                                                                                                                                                                                                                                                                                                                                                                                                                       
SE8280006787,549300QKDCRPG0ME3010,"AB SWETRAILS SÄRSKILDA PENSIONSSTIFTELSE",,"Brogatan 5, 331 3, Värnamo",,,                                                                                                                                                                                                                                                                                                                                                                                                                                                                                                                                                                                                                                                                                                                                                                                                                                                                                                                           
SE8020068188,549300PY0PVQ2GJYLD48,"AB TILOS PENSIONSSTIFTELSE",,"Svärdvägen 21, 182 3, Danderyd",,,                                                                                                                                                                                                                                                                                                                                                                                                                                                                                                                                                                                                                                                                                                                                                                                                                                                                                                                                     
SE8024258363,,"AB TORNSTADENS KONCERNGEMENSAMMA VINSTANDELSSTIFTELSE",,"Göteborg",,,                                                                                                                                                                                                                                                                                                                                                                                                                                                                                                                                                                                                                                                                                                                                                                                                                                                                                                                                                    
SE8382006289,,"AB WIDTSKÖFLE PENSIONSSTIFTELSE",,"Vittskövlevägen 107-2, 297 9, Vittskövle",,,                                                                                                                                                                                                                                                                                                                                                                                                                                                                                                                                                                                                                                                                                                                                                                                                                                                                                                                                          
SE8780014844,5493007VGM2SUCECW337,"ABB-Koncernens Särskilda Pensionsstiftelse",,"Box 5147, 402 2, Göteborg",,,                                                                                                                                                                                                                                                                                                                                                                                                                                                                                                                                                                                                                                                                                                                                                                                                                                                                                                                          
SE8020122910,549300FTNJ4NHQSXOX82,"ACADIUS AB SÄRSKILDA PENSIONSSTIFTELSE",,"Drottninggatan 104, 111 6, Stockholm",,,                                                                                                                                                                                                                                                                                                                                                                                                                                                                                                                                                                                                                                                                                                                                                                                                                                                                                                                   
SE8572067018,549300QJ4GYZX3QRFU58,"ACREVI REVISION S JOHANSSON AB:S PENSIONSSTIFTELSE",,"Villavägen 6, 443 3, Lerum",,,                                                                                                                                                                                                                                                                                                                                                                                                                                                                                                                                                                                                                                                                                                                                                                                                                                                                                                                 
SE8020141217,,"ADDEXA DATA AB:S PENSIONSSTIFTELSE",,"Box 319, 442 1, Kungälv",,,                                                                                                                                                                                                                                                                                                                                                                                                                                                                                                                                                                                                                                                                                                                                                                                                                                                                                                                                                        
SE8865005394,549300R8H7POXS0QFL68,"ÄDELSTJÄRNAN AB:S SÄRSKILDA PENSIONSSTIFTELSE",,"Framnäsvägen 24, 821 4, Bollnäs",,,                                                                                                                                                                                                                                                                                                                                                                                                                                                                                                                                                                                                                                                                                                                                                                                                                                                                                                                 
SE8020154632,549300N578SO362H9586,"ADENFELDT PENSIONSSTIFTELSE",,"Utsiktsvägen 8, 181 6, Lidingö",,,                                                                                                                                                                                                                                                                                                                                                                                                                                                                                                                                                                                                                                                                                                                                                                                                                                                                                                                                    
SE8430035355,984500GCD1C50744FC03,"ADV GLIMSTEDT HBG HB:S PEN.STIFT FÖR A,I MÅNSSON",,"Box 1027, 251 1, Helsingborg",,,                                                                                                                                                                                                                                                                                                                                                                                                                                                                                                                                                                                                                                                                                                                                                                                                                                                                                                                 
SE8024129333,549300IVM66BM7HPDD09,"ADVISER P OLOFSSON AB:S PENS.STIFT FÖR G & P",,"Saltsjöbadsvägen 43, 131 5, Saltsjö-Duvnäs",,,                                                                                                                                                                                                                                                                                                                                                                                                                                                                                                                                                                                                                                                                                                                                                                                                                                                                                                       
SE8024777503,549300VAL16RRCJ1OC12,"ADVISER PARTNER EUROPE AB:S SÄRSKILD PENSIONSSTIFTELSE FÖR FK, HH O JO",,"Strandvägen 1, 114 5, Stockholm",,,                                                                                                                                                                                                                                                                                                                                                                                                                                                                                                                                                                                                                                                                                                                                                                                                                                                                                        
SE8020179001,5493007I4IE5I7WO8037,"Advokat AB Mats Hellström:S Särskilda Pens.Stift",,"Sveavägen 17, 182 6, Djursholm",,,                                                                                                                                                                                                                                                                                                                                                                                                                                                                                                                                                                                                                                                                                                                                                                                                                                                                                                               
SE8176052994,549300QAKFUTGLL18087,"ADVOKAT P J ARVIDSON ABS SÄRSKILDA PENSIONSSTIFT",,"Svartbäcksgatan 33, 753 1, Uppsala",,,                                                                                                                                                                                                                                                                                                                                                                                                                                                                                                                                                                                                                                                                                                                                                                                                                                                                                                           
SE8176020165,549300Q359AWNT8RDS42,"ADVOKATF TOMAS MATTSSON AB:S PENSIONSSTIFTELSE",,"Box 55948, 102 1, Stockholm",,,                                                                                                                                                                                                                                                                                                                                                                                                                                                                                                                                                                                                                                                                                                                                                                                                                                                                                                                    
SE8176038738,984500F7FD5PC0B4E503,"AEMG CAP. FÖRVALT. ABS SÄRSK. PENSIONSSTIFTELSE F. ADAM GERGE O./EFTERL.",,"Box 15121, 750 1, Uppsala",,,                                                                                                                                                                                                                                                                                                                                                                                                                                                                                                                                                                                                                                                                                                                                                                                                                                                                                            
SE8024248356,254900GKW27SX5CYAS42,"AF GEIJERSSTAMSKA PENSIONSSTIFTELSEN",,"Storgatan 25, 641 4, Katrineholm",,,                                                                                                                                                                                                                                                                                                                                                                                                                                                                                                                                                                                                                                                                                                                                                                                                                                                                                                                         
SE5020330642,549300V54X1NJ9FZXW98,"Afa Försäkring tjänstepensionsaktiebolag",,"Klara Södra Kyrkogata 18, 111 5, Stockholm",,,                                                                                                                                                                                                                                                                                                                                                                                                                                                                                                                                                                                                                                                                                                                                                                                                                                                                                                           
SE8020150085,,"AFFÄRSRESOR I SUNDBYBERG AB:S SÄRSK PENS.STIFT",,"Sandhamnsg 25, 115 2, Stockholm",,,                                                                                                                                                                                                                                                                                                                                                                                                                                                                                                                                                                                                                                                                                                                                                                                                                                                                                                                                    
SE8024096979,549300OVDPGXWHCIEL91,"AG PENSIONSSTIFTELSE",,"Box 5147, 402 2, Göteborg",,,                                                                                                                                                                                                                                                                                                                                                                                                                                                                                                                                                                                                                                                                                                                                                                                                                                                                                                                                                
SE8572050949,549300QNG70E6RZDXI54,"AGB INVEST AB:S PENSIONSSTIFTELSE",,"Box 5390, 402 2, Göteborg",,,                                                                                                                                                                                                                                                                                                                                                                                                                                                                                                                                                                                                                                                                                                                                                                                                                                                                                                                                   
SE8176037771,549300NPSMMHBGHHBU06,"ÅGERUP & ÅGERUP AB:S SÄRSKILDA PENSIONSSTIFTELSE",,"Kungsgatan 30, 753 2, Uppsala",,,                                                                                                                                                                                                                                                                                                                                                                                                                                                                                                                                                                                                                                                                                                                                                                                                                                                                                                                
SE8024243464,5493003PGILRDFOEYI62,"AIK HOCKEY PENSIONSSTIFTELSE NR 2",,"Box 5390, 402 2, Göteborg",,,                                                                                                                                                                                                                                                                                                                                                                                                                                                                                                                                                                                                                                                                                                                                                                                                                                                                                                                                   
SE8024809611,,"AIK HOCKEYS PENSIONSSTIFTELSE NR 3 (1590)",,"Box 5390, 402 2, Göteborg",,,                                                                                                                                                                                                                                                                                                                                                                                                                                                                                                                                                                                                                                                                                                                                                                                                                                                                                                                                               
SE8460058038,,"ÅKE P FÅGEL & VILT AB:S SÄRSKILDA PENSIONSSTIFT.",,"Betselgatan 8, 213 7, Malmö",,,                                                                                                                                                                                                                                                                                                                                                                                                                                                                                                                                                                                                                                                                                                                                                                                                                                                                                                                                      
SE8832010790,,"ÅKERÖ SNICKERI AB:S SÄRSKILDA PENSIONSSTIFTELSE",,"Järnavägen 15, 793 3, Leksand",,,                                                                                                                                                                                                                                                                                                                                                                                                                                                                                                                                                                                                                                                                                                                                                                                                                                                                                                                                     
SE8176018706,5493002KV60DAZAMGQ29,"ALBERT THUN AB:S PENS.STIFT",,"Faringe, 741 9, Almunge",,,                                                                                                                                                                                                                                                                                                                                                                                                                                                                                                                                                                                                                                                                                                                                                                                                                                                                                                                                           
SE5020146865,5493003P9RHFT66VQS66,"Alecta Tjänstepension Ömsesidigt",,"Regeringsgatan 107, 111 3, Stockholm",,,                                                                                                                                                                                                                                                                                                                                                                                                                                                                                                                                                                                                                                                                                                                                                                                                                                                                                                                         
SE8645017040,549300DET8MA4PSK2T85,"ALELUNDS HOLDING AB:S PENSIONSSTIFTELSE",,"Box 5390, 402 2, Göteborg",,,                                                                                                                                                                                                                                                                                                                                                                                                                                                                                                                                                                                                                                                                                                                                                                                                                                                                                                                             
SE8020110352,549300PJ16LPTUWOXU50,"ALFA-LAVALS PENSIONSSTIFTELSE",,"Box 73, 221 0, Lund",,,                                                                                                                                                                                                                                                                                                                                                                                                                                                                                                                                                                                                                                                                                                                                                                                                                                                                                                                                             
SE8020156926,549300MUGNSSYZ45K635,"ALINDER AFFÄRSUTVECKLING AB:S SÄRSKILDA PENSIONSSTIFTELSE",,"Österrikevägen 11, 277 3, Kivik",,,                                                                                                                                                                                                                                                                                                                                                                                                                                                                                                                                                                                                                                                                                                                                                                                                                                                                                                     
SE8465008764,549300CQUH3ZIF28XJ11,"ALIPI:S SÄRSKILDA PENSIONSSTIFTELSE",,"Jungmansgatan 12, 211 1, Malmö",,,                                                                                                                                                                                                                                                                                                                                                                                                                                                                                                                                                                                                                                                                                                                                                                                                                                                                                                                            
SE8024821822,529900C8P3AXGJ3CQH88,"Alleima Pensionsstiftelse",,"Storgatan 2, 811 3, Sandviken",,,                                                                                                                                                                                                                                                                                                                                                                                                                                                                                                                                                                                                                                                                                                                                                                                                                                                                                                                                       
SE8645015382,,"ALLMANS FRITID",,"Lamellgatan 10, 504 6, Borås",,,                                                                                                                                                                                                                                                                                                                                                                                                                                                                                                                                                                                                                                                                                                                                                                                                                                                                                                                                                                       
SE8176030768,,"ALMA TRADING AB:S PENSIONSSTIFTELSE",,"Salagatan 17, 753 3, Uppsala",,,                                                                                                                                                                                                                                                                                                                                                                                                                                                                                                                                                                                                                                                                                                                                                                                                                                                                                                                                                  
SE8024249552,9845009B1E80F4BF8F49,"ALMRI ORGANISATIONSUTVECKLING AB:S PENSIONSSTIFT. FÖR P & U BEXELIUS",,"Sveavägen 110, 113 5, Stockholm",,,                                                                                                                                                                                                                                                                                                                                                                                                                                                                                                                                                                                                                                                                                                                                                                                                                                                                                          
SE8024039524,549300ZG6MEVDNVZ4X59,"ALNEBRING INVEST AB:S PENSIONSSTIFTELSE",,"Box 5390, 402 2, Göteborg",,,                                                                                                                                                                                                                                                                                                                                                                                                                                                                                                                                                                                                                                                                                                                                                                                                                                                                                                                             
SE5020332259,54930085BFZPCZ115298,"AMF Tjänstepension AB",,"Klara Södra Kyrkogata 18, 111 5, Stockholm",,,                                                                                                                                                                                                                                                                                                                                                                                                                                                                                                                                                                                                                                                                                                                                                                                                                                                                                                                              
SE8572059296,5493006033ZZEXRJZ175,"AMIVE AB:S PENSIONSSTIFTELSE",,"Box 5390, 402 2, Göteborg",,,                                                                                                                                                                                                                                                                                                                                                                                                                                                                                                                                                                                                                                                                                                                                                                                                                                                                                                                                        
SE8024061213,549300WM462S5FB35A30,"AmuGruppens Pensionsstiftelse 1997",,"c/o Lernia AB, 111 9, Stockholm",,,                                                                                                                                                                                                                                                                                                                                                                                                                                                                                                                                                                                                                                                                                                                                                                                                                                                                                                                            
SE8024243324,549300PGU4JPLORQ2Y24,"ANADAR AUDIT AB:S SÄRSKILDA PENSIONSSTIFTELSE",,"Tegelvägen 11, 227 3, Lund",,,                                                                                                                                                                                                                                                                                                                                                                                                                                                                                                                                                                                                                                                                                                                                                                                                                                                                                                                      
SE8024246996,549300WN5RVND8WQES71,"ANATOMIC SITT AB:S SÄRSKILDA PENSIONSSTIFTELSE",,"Box 6137, 600 0, Norrköping",,,                                                                                                                                                                                                                                                                                                                                                                                                                                                                                                                                                                                                                                                                                                                                                                                                                                                                                                                    
SE8660009559,,"ANDERS KAMPES SPINNERIPRODUKTER AB:S PENS.STIFT",,"Box 5390, 402 2, Göteborg",,,                                                                                                                                                                                                                                                                                                                                                                                                                                                                                                                                                                                                                                                                                                                                                                                                                                                                                                                                         
SE8460039616,549300ZG1OVJKI8YP629,"ANDERS SPORTSMAN AB:S PENSIONSSTIFTELSE",,"Lilla Strandgatan 19, 261 2, Landskrona",,,                                                                                                                                                                                                                                                                                                                                                                                                                                                                                                                                                                                                                                                                                                                                                                                                                                                                                                               
SE8492007912,5493006M6VKLYES6N526,"ANETTE TOLLS PENSIONSFOND",,"Herr Jakobs Väg 8, 302 6, Halmstad",,,                                                                                                                                                                                                                                                                                                                                                                                                                                                                                                                                                                                                                                                                                                                                                                                                                                                                                                                                  
SE8024243415,,"ANEXARTITA SÄRSKILD PENSIONSSTIFT.",,"Engelbrektsgatan 9-11, 114 3, Stockholm",,,                                                                                                                                                                                                                                                                                                                                                                                                                                                                                                                                                                                                                                                                                                                                                                                                                                                                                                                                        
SE8932028239,,"ÅNGERMANÄLVENS VATTENR.FÖRETAGS PENSIONSSTIFTELS",,"Box 392, 831 2, Östersund",,,                                                                                                                                                                                                                                                                                                                                                                                                                                                                                                                                                                                                                                                                                                                                                                                                                                                                                                                                        
SE8024068614,549300AJL4BR86QQDR61,"ANINI KONSULT AB:S PENSIONSSTIFTELSE",,"Renstiernas Gata 41, 116 3, Stockholm",,,                                                                                                                                                                                                                                                                                                                                                                                                                                                                                                                                                                                                                                                                                                                                                                                                                                                                                                                    
SE8024246137,54930023TQHMPOB8TF98,"ANN MAGNUSSON KONSULT AB:S GEMENSAMMA PENSIONSSTIFTELSE",,"Höjdenliden 6, 443 3, Lerum",,,                                                                                                                                                                                                                                                                                                                                                                                                                                                                                                                                                                                                                                                                                                                                                                                                                                                                                                           
SE8020099605,5493002PXNMORTHI0K30,"Apoteket AB:s Pensionsstiftelse",,"Norrlandsgatan 16, 111 4, Stockholm",,,                                                                                                                                                                                                                                                                                                                                                                                                                                                                                                                                                                                                                                                                                                                                                                                                                                                                                                                           
SE8024253513,,"ARALION GEMENSAMMA SÄRSKILDA PENSIONSSTIFTELSE",,"Östra Harg Prästgården, 585 9, Linköping",,,                                                                                                                                                                                                                                                                                                                                                                                                                                                                                                                                                                                                                                                                                                                                                                                                                                                                                                                           
SE8024261011,,"ARCTIC CAR-RENT AB PENSIONSSTIFTELSE",,"Murbruksvägen 13, 973 4, Luleå",,,                                                                                                                                                                                                                                                                                                                                                                                                                                                                                                                                                                                                                                                                                                                                                                                                                                                                                                                                               
SE8932019063,549300678LK51QR2CF79,"ÅRE SLALOMKLUBB:S PENSIONSSTIFTELSE",,"Box 5390, 402 2, Göteborg",,,                                                                                                                                                                                                                                                                                                                                                                                                                                                                                                                                                                                                                                                                                                                                                                                                                                                                                                                                 
SE8020117019,,"ARINVEST AB:S PENSIONSSTIFTELSE",,"Nybrokajen 7, 111 4, Stockholm",,,                                                                                                                                                                                                                                                                                                                                                                                                                                                                                                                                                                                                                                                                                                                                                                                                                                                                                                                                                    
SE8024777396,529900S36311EMZISY62,"Arla Foods-koncernens gemensamma pensionsstiftelse",,"Box 5137, 402 2, Göteborg",,,                                                                                                                                                                                                                                                                                                                                                                                                                                                                                                                                                                                                                                                                                                                                                                                                                                                                                                                  
SE8024088844,,"ARNE OCH SON MEDIA AB:S PENSIONSSTIFTELSE",,"Östra Hamngatan 24, 411 0, Göteborg",,,                                                                                                                                                                                                                                                                                                                                                                                                                                                                                                                                                                                                                                                                                                                                                                                                                                                                                                                                     
SE8020157668,549300I94E2AEYUOZ232,"ARRIVIST AB:S SÄRSKILDA PENSIONSSTIFTELSE",,"Svitiodsvägen 8, 182 6, Djursholm",,,                                                                                                                                                                                                                                                                                                                                                                                                                                                                                                                                                                                                                                                                                                                                                                                                                                                                                                                   
SE8932017216,549300MHZ06CFKGIR785,"ÅSARNA IK:S PENSIONSSTIFTELSE",,"Box 5390, 402 2, Göteborg",,,                                                                                                                                                                                                                                                                                                                                                                                                                                                                                                                                                                                                                                                                                                                                                                                                                                                                                                                                       
SE8176068610,9845005EE69DD0D96B02,"ASCUS AGROBIOMEDICO AB:S SÄRSK. PENSIONSSTIFT.",,"Resmoren 3, 777 9, Söderbärke",,,                                                                                                                                                                                                                                                                                                                                                                                                                                                                                                                                                                                                                                                                                                                                                                                                                                                                                                                  
SE8024258355,,"ASSOCI AB SÄRSKILDA PENSIONSSTIFTELSE",,"Ulvsunda Slottsväg 23, 167 3, Bromma",,,                                                                                                                                                                                                                                                                                                                                                                                                                                                                                                                                                                                                                                                                                                                                                                                                                                                                                                                                        
SE8024105465,213800H4K6S7DWXW7R44,"AstraZeneca AB Pensionsstiftelse",,"Finance, 151 8, Södertälje",,,                                                                                                                                                                                                                                                                                                                                                                                                                                                                                                                                                                                                                                                                                                                                                                                                                                                                                                                                   
SE8551014494,213800XB2OO2YNTA6K21,"ASTRAZENECA AB PENSIONSSTIFTELSE II",,"Finance, 151 8, Södertälje",,,                                                                                                                                                                                                                                                                                                                                                                                                                                                                                                                                                                                                                                                                                                                                                                                                                                                                                                                                
SE8024074182,549300GY15HD2WO6OL35,"ATLANTIS AB:S SÄRSKILDA PENSIONSSTIFTELSE",,"Lillängsdalsvägen 109, 134 6, Ingarö",,,                                                                                                                                                                                                                                                                                                                                                                                                                                                                                                                                                                                                                                                                                                                                                                                                                                                                                                                
SE8024087952,549300BEB8IYGLMWWT97,"Atlas Copco-gruppens gemensamma pensionsstiftelse",,"Box 5147, 402 2, Göteborg",,,                                                                                                                                                                                                                                                                                                                                                                                                                                                                                                                                                                                                                                                                                                                                                                                                                                                                                                                   
SE8176027277,,"AVEO COLOR MANAGEMENT&MARKETING I U-A AB:S PENS.",,"Box 319, 442 1, Kungälv",,,                                                                                                                                                                                                                                                                                                                                                                                                                                                                                                                                                                                                                                                                                                                                                                                                                                                                                                                                          
SE8285005313,549300SBTMTWJ2BY2567,"AXCENTRA INVEST AB SÄRSKILDA PENSIONSSTIFTELSE",,"Majorens Väg 21, 305 6, Villshärad",,,                                                                                                                                                                                                                                                                                                                                                                                                                                                                                                                                                                                                                                                                                                                                                                                                                                                                                                             
SE8020144385,,"AXEL JOHNSON AB:S PENSIONSSTIFTELSE",,"Box 26008, 100 4, Stockholm",,,                                                                                                                                                                                                                                                                                                                                                                                                                                                                                                                                                                                                                                                                                                                                                                                                                                                                                                                                                   
SE8572062647,549300LWYQIZVVHE7Y71,"B. SVENNING REDOVISNINGSBYRÅ AB PENSIONSSTIFT",,"Reutersgatan 4, 413 2, Göteborg",,,                                                                                                                                                                                                                                                                                                                                                                                                                                                                                                                                                                                                                                                                                                                                                                                                                                                                                                                 
SE8572056821,54930066XQHZ82V5EE63,"BAEK CONSULTING AB:S PENSIONSSTIFTELSE",,"Box 319, 442 1, Kungälv",,,                                                                                                                                                                                                                                                                                                                                                                                                                                                                                                                                                                                                                                                                                                                                                                                                                                                                                                                                
SE8020141530,549300WTXKNJZPZU7A32,"BANBRYTARNA GÖRAN WIKLUND AB:S PENSIONSSTIFTELSE",,"Dalagatan 40, 113 2, Stockholm",,,                                                                                                                                                                                                                                                                                                                                                                                                                                                                                                                                                                                                                                                                                                                                                                                                                                                                                                               
SE8020156991,54930039R2SXMI1LV271,"BÅTBYGGARSERV ZELLMAN & CARLSTON SÄRSK PENSSTIFT",,"Sjöv 12, 183 5, Täby",,,                                                                                                                                                                                                                                                                                                                                                                                                                                                                                                                                                                                                                                                                                                                                                                                                                                                                                                                         
SE8024255195,549300JS2FUEF6V5T509,"BBS PENSIONSSTIFTELSE",,"Box 23159, 104 3, Stockholm",,,                                                                                                                                                                                                                                                                                                                                                                                                                                                                                                                                                                                                                                                                                                                                                                                                                                                                                                                                             
SE8024083332,549300RPRQ6IW1NV5Y75,"BDO STOCKHOLM PENSIONSSTIFTELSE 2",,"Sveavägen 53, 113 5, Stockholm",,,                                                                                                                                                                                                                                                                                                                                                                                                                                                                                                                                                                                                                                                                                                                                                                                                                                                                                                                              
SE8024100680,549300WO1LE6YU3DA836,"BE PENSIONSSTIFTELSE",,"Box 5147, 402 2, Göteborg",,,                                                                                                                                                                                                                                                                                                                                                                                                                                                                                                                                                                                                                                                                                                                                                                                                                                                                                                                                                
SE8460021580,549300XTK04ZE4WVNJ98,"BEDROTH HOLDING AB:S SÄRSKILDA PENSIONSSTIFTELSE",,"Västergatan 11, 222 2, Lund",,,                                                                                                                                                                                                                                                                                                                                                                                                                                                                                                                                                                                                                                                                                                                                                                                                                                                                                                                  
SE8275010638,549300XNDVUXOBHFNR37,"BEIJER REF AB-KONCERNENS GEMENSAMMA PENSIONSSTIFTELSE",,"Stortorget 8, 211 3, Malmö",,,                                                                                                                                                                                                                                                                                                                                                                                                                                                                                                                                                                                                                                                                                                                                                                                                                                                                                                              
SE8176057829,,"BENGT CEDERBACK AB:S SÄRSKILDA PENSIONSSTIFTELSE",,"Luthagsesplanaden 13, 752 2, Uppsala",,,                                                                                                                                                                                                                                                                                                                                                                                                                                                                                                                                                                                                                                                                                                                                                                                                                                                                                                                             
SE8024791389,,"BERGENDA AB.S PENSIONSSTIFTELSE",,"Sjöängsvägen 1, 178 3, Ekerö",,,                                                                                                                                                                                                                                                                                                                                                                                                                                                                                                                                                                                                                                                                                                                                                                                                                                                                                                                                                      
SE8460020566,,"BERNDT JÖNSSONS STIFT FÖR UNDERST ÅT BEHÖVANDE",,"106 7, Stockholm",,,                                                                                                                                                                                                                                                                                                                                                                                                                                                                                                                                                                                                                                                                                                                                                                                                                                                                                                                                                   
SE8024264742,,"BEXANDERS RÖKERI AB:S PENSIONSSTIFTELSE",,"Box 5390, 402 2, Göteborg",,,                                                                                                                                                                                                                                                                                                                                                                                                                                                                                                                                                                                                                                                                                                                                                                                                                                                                                                                                                 
SE8826006432,,"BGT-PAT AB:S PENSIONSSTIFTELSE",,"Box 5390, 402 2, Göteborg",,,                                                                                                                                                                                                                                                                                                                                                                                                                                                                                                                                                                                                                                                                                                                                                                                                                                                                                                                                                          
SE8324015307,549300HDXDPN1ZK22X75,"BIGSO AB:S SÄRSKILDA PENSIONSSTIFTELSE",,"Box 73, 382 2, Nybro",,,                                                                                                                                                                                                                                                                                                                                                                                                                                                                                                                                                                                                                                                                                                                                                                                                                                                                                                                                   
SE8124012785,,"BIOTHEMA AB:S PENSIONSSTIFTELSE",,"Stationsvägen 17, 136 4, Handen",,,                                                                                                                                                                                                                                                                                                                                                                                                                                                                                                                                                                                                                                                                                                                                                                                                                                                                                                                                                   
SE8024783394,254900H2OOWW037ZS327,"BIZZRUM INTRESSENTER AB:S SÄRSKILDA PENSIONSSTIFTELSE",,"Box 574, 572 2, Oskarshamn",,,                                                                                                                                                                                                                                                                                                                                                                                                                                                                                                                                                                                                                                                                                                                                                                                                                                                                                                              
SE8896010579,549300NBHCP72BEC1O72,"BJÄSTA AFFÄRSBYRÅ AB:S SÄRSKILDA PENSIONSSTIFT",,"Kattfotsvägen 7, 387 9, Borgholm",,,                                                                                                                                                                                                                                                                                                                                                                                                                                                                                                                                                                                                                                                                                                                                                                                                                                                                                                               
SE8832026531,549300ZJ0P1PC5EV4N40,"BJH:S SÄRSK PENSIONSSTIFTELSE FÖR BJÖRN HÄGGLUND",,"Box 5390, 402 2, Göteborg",,,                                                                                                                                                                                                                                                                                                                                                                                                                                                                                                                                                                                                                                                                                                                                                                                                                                                                                                                    
SE8024249594,,"BJÖRN OCH MAJ BRITT LAGERVALLS PENSIONSSTIFTELSE",,"Lützengatan 1, 115 2, Stockholm",,,                                                                                                                                                                                                                                                                                                                                                                                                                                                                                                                                                                                                                                                                                                                                                                                                                                                                                                                                  
SE8336004000,549300FXK216UIDKTK53,"BLEKHEMS PENSIONANSTALT",,"Box 16052, 103 2, Stockholm",,,                                                                                                                                                                                                                                                                                                                                                                                                                                                                                                                                                                                                                                                                                                                                                                                                                                                                                                                                           
SE8575014777,254900O4N87LXC4K0U17,"BLODBOKEN EKONOMI AB:S PENSIONSSTIFTELSE",,"Blodboksgatan 37, 426 7, Västra Frölunda",,,                                                                                                                                                                                                                                                                                                                                                                                                                                                                                                                                                                                                                                                                                                                                                                                                                                                                                                             
SE8024242987,549300GODCSYV26OC464,"BO EDIN AB:S SÄRSKILDA PENSIONSSTIFTELSE",,"Stockby Hantverksby 3, 181 7, Lidingö",,,                                                                                                                                                                                                                                                                                                                                                                                                                                                                                                                                                                                                                                                                                                                                                                                                                                                                                                                
SE8020064906,549300WS0UPBLTMZOT62,"BOGESTEDT FORESTAM AB:S FRIA PENSIONSSTIFTELSE",,"Hundhamravägen 150, 145 6, Norsborg",,,                                                                                                                                                                                                                                                                                                                                                                                                                                                                                                                                                                                                                                                                                                                                                                                                                                                                                                            
SE8136003194,,"BOGHAMMAR MARIN AB:S PENSIONSSTIFTELSE",,"Nysätrav 6, 181 6, Lidingö",,,                                                                                                                                                                                                                                                                                                                                                                                                                                                                                                                                                                                                                                                                                                                                                                                                                                                                                                                                                 
SE8024076484,549300ZM9LE6QBOIKW49,"BONDI AB:S SÄRSKILDA PENSIONSSTIFTELSE",,"Nybrokajen 7, 111 4, Stockholm",,,                                                                                                                                                                                                                                                                                                                                                                                                                                                                                                                                                                                                                                                                                                                                                                                                                                                                                                                         
SE8572065863,5493004S7IK3Q5IJYJ57,"BONNODUS AB:S PENSIONSSTIFTELSE",,"Box 5390, 402 2, Göteborg",,,                                                                                                                                                                                                                                                                                                                                                                                                                                                                                                                                                                                                                                                                                                                                                                                                                                                                                                                                     
SE8757006302,549300MX6FG2EDS8E555,"BOO EGENDOMS AB:S PENSIONSSTIFTELSE",,"Ågatan 5, 697 9, Hjortkvarn",,,                                                                                                                                                                                                                                                                                                                                                                                                                                                                                                                                                                                                                                                                                                                                                                                                                                                                                                                               
SE8024262829,549300P3632HJ23QZV82,"Börjessons Pensionsstiftelse",,"Box 1067, 262 2, Ängelholm",,,                                                                                                                                                                                                                                                                                                                                                                                                                                                                                                                                                                                                                                                                                                                                                                                                                                                                                                                                       
SE8152007731,549300HZVIXK7UT1NH94,"BR A FÖRVALTNING AB:S PENSIONSSTIFTELSE",,"Vänersborgsvägen 5, 746 3, Bålsta",,,                                                                                                                                                                                                                                                                                                                                                                                                                                                                                                                                                                                                                                                                                                                                                                                                                                                                                                                     
SE8640006428,54930057W0ZR26ZWN038,"BR BÖRJESSONS BIL AB:S PENSIONSSTIFTELSE",,"Box 564, 441 1, Alingsås",,,                                                                                                                                                                                                                                                                                                                                                                                                                                                                                                                                                                                                                                                                                                                                                                                                                                                                                                                             
SE8024799184,,"BRAND EMOTIONAL RESPONSE GROUP IN SW AB:S SÄRSK. PENSIONS. M DI DATO",,"Kastanjevägen 24, 146 5, Tullinge",,,                                                                                                                                                                                                                                                                                                                                                                                                                                                                                                                                                                                                                                                                                                                                                                                                                                                                                                            
SE8024325105,5493002FWE1LSAUM5711,"BREDVIKS GÅRD AB:S PENSIONSSTIFTELSE",,"Bredvisgård, 155 9, Nykvarn",,,                                                                                                                                                                                                                                                                                                                                                                                                                                                                                                                                                                                                                                                                                                                                                                                                                                                                                                                              
SE8492012144,,"BRISSMANS BRANDREDSKAP AB'S PENSIONSSTIFTELSE",,"Skyttev 43, 302 4, Halmstad",,,                                                                                                                                                                                                                                                                                                                                                                                                                                                                                                                                                                                                                                                                                                                                                                                                                                                                                                                                         
SE8382015231,549300M7ZK76APKOAR17,"BROBY ÅKERI AB PENSIONSSTIFTELSE",,"Sven Povels Väg 8, 280 6, Broby",,,                                                                                                                                                                                                                                                                                                                                                                                                                                                                                                                                                                                                                                                                                                                                                                                                                                                                                                                              
SE8024249479,549300TFBHLYWTDKIE67,"BRÖDERNA NILSSON I ULLARED INVEST ABS PENSIONSSTIFTELSE",,"Box 5390, 402 2, Göteborg",,,                                                                                                                                                                                                                                                                                                                                                                                                                                                                                                                                                                                                                                                                                                                                                                                                                                                                                                             
SE8024248885,,"BRUNNAGRUPPENS PENSIONSSTIFTELSE",,"Hjalmar Brantingsgatan 3, 753 3, Uppsala",,,                                                                                                                                                                                                                                                                                                                                                                                                                                                                                                                                                                                                                                                                                                                                                                                                                                                                                                                                         
SE8850013429,,"BRYNÄS IF:S PENSIONSSTIFTELSE",,"Box 5390, 402 2, Göteborg",,,                                                                                                                                                                                                                                                                                                                                                                                                                                                                                                                                                                                                                                                                                                                                                                                                                                                                                                                                                           
SE8572051947,254900QYI87GXGWMZQ23,"BUSCK & CO AB:S PENSIONSSTIFTELSE",,"Box 5390, 402 2, Göteborg",,,                                                                                                                                                                                                                                                                                                                                                                                                                                                                                                                                                                                                                                                                                                                                                                                                                                                                                                                                   
SE8020017706,254900AYREPX0TJ0JB65,"BYGGNADSAB ÅKE SUNDVALLS PENSIONSSTIFTELSE",,"Karlsbodav 9-11, 161 0, Bromma",,,                                                                                                                                                                                                                                                                                                                                                                                                                                                                                                                                                                                                                                                                                                                                                                                                                                                                                                                     
SE8024251814,,"BYGGTJÄNST I LYSEKIL AB:S PENSIONSSTIFTELSE",,"Verkstadsgatan 19, 453 3, Lysekil",,,                                                                                                                                                                                                                                                                                                                                                                                                                                                                                                                                                                                                                                                                                                                                                                                                                                                                                                                                     
SE8585008710,,"C LJUSINREDNING AB:S PENSIONSSTIFTELSE",,"Box 5390, 402 2, Göteborg",,,                                                                                                                                                                                                                                                                                                                                                                                                                                                                                                                                                                                                                                                                                                                                                                                                                                                                                                                                                  
SE8970010057,894500R6C7GYCTLUHA24,"C SANDSTRÖM, EXECUTIVE SEARCH AB:S PENSIONSSTIFT",,"Skansgatan 18, 972 5, Luleå",,,                                                                                                                                                                                                                                                                                                                                                                                                                                                                                                                                                                                                                                                                                                                                                                                                                                                                                                                  
SE8020153493,549300U0SSZNN41UV010,"C.A. TEGNÉR AB:S PENSIONSSTIFTELSE",,"Gårdsfogdevägen 18, 168 6, Kungälv",,,                                                                                                                                                                                                                                                                                                                                                                                                                                                                                                                                                                                                                                                                                                                                                                                                                                                                                                                         
SE8024238688,,"C.H.S AB:S PENSIONSSTIFTELSE",,"Marielundsvägen 49, 178 9, Adelsö",,,                                                                                                                                                                                                                                                                                                                                                                                                                                                                                                                                                                                                                                                                                                                                                                                                                                                                                                                                                    
SE8572053588,549300KD1CS4R1ZOH153,"CAFRIDA AB:S PENSIONSSTIFTELSE",,"Box 5390, 402 2, Göteborg",,,                                                                                                                                                                                                                                                                                                                                                                                                                                                                                                                                                                                                                                                                                                                                                                                                                                                                                                                                      
SE8024266887,,"CAJOMI SÄRSKILDA PENSIONSSTIFTELSE",,"Motionsvägen 6, 616 3, Åby",,,                                                                                                                                                                                                                                                                                                                                                                                                                                                                                                                                                                                                                                                                                                                                                                                                                                                                                                                                                     
SE8024248968,5493003M5OH34W34GW23,"Capgemini Sverige AB:s Pensionsstiftelse",,"Box 8, Box 5147, 402 2, Göteborg",,,                                                                                                                                                                                                                                                                                                                                                                                                                                                                                                                                                                                                                                                                                                                                                                                                                                                                                                                     
SE8024034160,,"CAPONICS SÄRSKLIDA PENSIONSSTIFTELSE",,"Idrottsvägen 6, 185 3, Vaxholm",,,                                                                                                                                                                                                                                                                                                                                                                                                                                                                                                                                                                                                                                                                                                                                                                                                                                                                                                                                               
SE8024264973,,"CARLSKRONA AUTOMATION TECHNOLOGY AB:S PENSIONSSTIFTELSE",,"Västra Prinsgatan 12, 371 3, Karlskrona",,,                                                                                                                                                                                                                                                                                                                                                                                                                                                                                                                                                                                                                                                                                                                                                                                                                                                                                                                   
SE8020113430,549300WOLBC8JEDCQC19,"CARNEGIES SÄRSKILDA PENSIONSSTIFT. 1",,"103 3, Stockholm",,,                                                                                                                                                                                                                                                                                                                                                                                                                                                                                                                                                                                                                                                                                                                                                                                                                                                                                                                                         
SE8024809587,549300B3V2BDN3CXIS52,"CARNEGIES SÄRSKILDA PENSIONSSTIFTELSE II",,"103 3, Stockholm",,,                                                                                                                                                                                                                                                                                                                                                                                                                                                                                                                                                                                                                                                                                                                                                                                                                                                                                                                                     
SE8024054176,549300GQ2C46HQKLYY10,"Carnipend Pensionsstiftelse",,"Box 3, Box 30223, 104 2, Stockholm",,,                                                                                                                                                                                                                                                                                                                                                                                                                                                                                                                                                                                                                                                                                                                                                                                                                                                                                                                                
SE8024238118,529900M21VLY7CA6YO23,"CD PENSIONSSTIFTELSE NR 2",,"Box 5147, 402 2, Göteborg",,,                                                                                                                                                                                                                                                                                                                                                                                                                                                                                                                                                                                                                                                                                                                                                                                                                                                                                                                                           
SE8024073739,529900W7IBVOZ3OVND49,"CD-1 SÄRSKILDA PENSIONSSTIFTELSE",,"Box 5147, 402 2, Göteborg",,,                                                                                                                                                                                                                                                                                                                                                                                                                                                                                                                                                                                                                                                                                                                                                                                                                                                                                                                                    
SE8771012914,5493006ESWTCMUF6LQ11,"CENCEPT MARKETING GROUP I GÖTEBORG AB:S PENSIONSSTIFTELSE",,"Geijersgatan 5, 411 3, Göteborg",,,                                                                                                                                                                                                                                                                                                                                                                                                                                                                                                                                                                                                                                                                                                                                                                                                                                                                                                     
SE8020076702,549300WJORHZ1QOPR858,"Circle K Sveriges AB:s Pensionsstiftelse",,"Box 5147, 402 2, Göteborg",,,                                                                                                                                                                                                                                                                                                                                                                                                                                                                                                                                                                                                                                                                                                                                                                                                                                                                                                                            
SE8152010784,6367009G4XWBYDMEKU67,"CK-DENTAL AB:S PENSIONSSTIFTELSE",,"Box 5390, 402 2, Göteborg",,,                                                                                                                                                                                                                                                                                                                                                                                                                                                                                                                                                                                                                                                                                                                                                                                                                                                                                                                                    
SE8024251772,549300ROJUC9H9454B32,"CLAES DAHLGREN ARKITEKT OCH FÖRVALTNINGS AB:S PENSIONSSTIFTELSE",,"Box 5390, 402 2, Göteborg",,,                                                                                                                                                                                                                                                                                                                                                                                                                                                                                                                                                                                                                                                                                                                                                                                                                                                                                                     
SE8572066531,254900YVH20NRMWNKL66,"CLAES MYRIN DENTALLABORATORIUM AB:S PENS.STIFT",,"Box 5390, 402 2, Göteborg",,,                                                                                                                                                                                                                                                                                                                                                                                                                                                                                                                                                                                                                                                                                                                                                                                                                                                                                                                      
SE8024024062,549300VL4PK97VPQ8473,"COMEX ELECTRONICS AB:S SÄRSKILDA PENSIONSSTIFT",,"Tumstocksvägen 11, 187 6, Täby",,,                                                                                                                                                                                                                                                                                                                                                                                                                                                                                                                                                                                                                                                                                                                                                                                                                                                                                                                 
SE8024809892,636700GB526RTTH2RV72,"CONSILIO DESIGN AB PENSIONSSTIFTELSE",,"Hugo Hammars Gata 1, 400 7, Göteborg",,,                                                                                                                                                                                                                                                                                                                                                                                                                                                                                                                                                                                                                                                                                                                                                                                                                                                                                                                     
SE8024255732,,"CONVENTIUS I SMÅLAND AB:S PENSIONSSTIFTELSE",,"Box 5390, 402 2, Göteborg",,,                                                                                                                                                                                                                                                                                                                                                                                                                                                                                                                                                                                                                                                                                                                                                                                                                                                                                                                                             
SE8024248588,549300HKL48M8GU5W620,"COXA SÄRSKILDA PENSIONSSTIFTELSE",,"Box 16115, 103 2, Stockholm",,,                                                                                                                                                                                                                                                                                                                                                                                                                                                                                                                                                                                                                                                                                                                                                                                                                                                                                                                                  
SE8185011148,54930073WXUW6YP2Q348,"CRELUW AB:S PENSIONSSTIFTELSE",,"Box 5390, 402 2, Göteborg",,,                                                                                                                                                                                                                                                                                                                                                                                                                                                                                                                                                                                                                                                                                                                                                                                                                                                                                                                                       
SE8136003285,,"CRILAB CH LARSSON AB:S SÄRSKILDA PENSIONSSTIFT",,"Höguddsvägen 5, 181 6, Lidingö",,,                                                                                                                                                                                                                                                                                                                                                                                                                                                                                                                                                                                                                                                                                                                                                                                                                                                                                                                                     
SE8024249388,,"CRISTER ÖHRSKOG KONSULT AB PENSIONSSTIFTELSE",,"Grönstavägen 22, 181 4, Lidingö",,,                                                                                                                                                                                                                                                                                                                                                                                                                                                                                                                                                                                                                                                                                                                                                                                                                                                                                                                                      
SE8460062642,5493005MWK3OS4F0FJ25,"CS AFFÄRER MED NÖJE AB:S SÄRSKILDA PENSIONSSTIFT",,"Östanväg 39, 216 1, Malmö",,,                                                                                                                                                                                                                                                                                                                                                                                                                                                                                                                                                                                                                                                                                                                                                                                                                                                                                                                    
SE8024265228,549300YOGO7OWYOPRO10,"CYTIVA SWEDEN AB:S PENSIONSSTIFTELSE",,"Box 5147, 402 2, Göteborg",,,                                                                                                                                                                                                                                                                                                                                                                                                                                                                                                                                                                                                                                                                                                                                                                                                                                                                                                                                
SE8572062589,,"D HALLSTRÖM GROSS AB PENSIONSSTIFTELSE",,"Styrfarten 2, 417 6, Göteborg",,,                                                                                                                                                                                                                                                                                                                                                                                                                                                                                                                                                                                                                                                                                                                                                                                                                                                                                                                                              
SE8260022531,,"DADADO AB PENSIONSSTIFTELSE",,"Vevslupsgränd 1, 553 3, Jönköping",,,                                                                                                                                                                                                                                                                                                                                                                                                                                                                                                                                                                                                                                                                                                                                                                                                                                                                                                                                                     
SE8826012265,,"DALA-JÄRNA LAST AB:S PENSIONSSTIFTELSE",,"Box 5390, 402 2, Göteborg",,,                                                                                                                                                                                                                                                                                                                                                                                                                                                                                                                                                                                                                                                                                                                                                                                                                                                                                                                                                  
SE8220006251,549300B0HVCP1R6UEZ45,"Danske Bank, Sverige Filials Gemensamma Pensionsstiftelse",,"Box 3, Box 328, 581 0, Linköping",,,                                                                                                                                                                                                                                                                                                                                                                                                                                                                                                                                                                                                                                                                                                                                                                                                                                                                                                    
SE8572050113,,"DATASTRUKTUR I SÄTILA AB:S PENSIONSSTIFTELSE",,"Fjäråsvägen 12, 510 2, Sätila",,,                                                                                                                                                                                                                                                                                                                                                                                                                                                                                                                                                                                                                                                                                                                                                                                                                                                                                                                                        
SE8024238712,549300SMSSL6ET5TJG35,"DC HOLDING AB PENSIONSSTIFTELSE",,"Box 5390, 402 2, Göteborg",,,                                                                                                                                                                                                                                                                                                                                                                                                                                                                                                                                                                                                                                                                                                                                                                                                                                                                                                                                     
SE8020148436,549300EH53QFQWH3U218,"DENCKERT EL AB:S SÄRSKILDA PENSIONSSTIFTELSE",,"Sandsborgsvägen 52, 122 3, Enskede",,,                                                                                                                                                                                                                                                                                                                                                                                                                                                                                                                                                                                                                                                                                                                                                                                                                                                                                                               
SE8024258132,254900T6WVFTDMEEDQ06,"DI MA CO SÄRSKILDA PENSIONSSTIFTELSE",,"Tomatvägen 16, 582 7, Linköping",,,                                                                                                                                                                                                                                                                                                                                                                                                                                                                                                                                                                                                                                                                                                                                                                                                                                                                                                                          
SE8024253240,8945001YTW8XM69DHR91,"DIGITAL CENTER I LANDSKRONA AB:S SÄRSKILDA PENSIONSSTIFTELSE",,"Borgmästaregatan 1, 261 3, Landskrona",,,                                                                                                                                                                                                                                                                                                                                                                                                                                                                                                                                                                                                                                                                                                                                                                                                                                                                                            
SE8024266325,254900B4K18LSRTZQ541,"DISEFJORD FASTIGHETSFÖRMEDLING AKTIEBOLAGS PENSIONSSTIFTELSE",,"Bordsvägen 51, 125 2, Älvsjö",,,                                                                                                                                                                                                                                                                                                                                                                                                                                                                                                                                                                                                                                                                                                                                                                                                                                                                                                     
SE8024261516,,"DISKSERVICE SYD AB:S SÄRSKILDA PENSIONSSTIFTELSE",,"Strandvägen 222, 234 3, Lomma",,,                                                                                                                                                                                                                                                                                                                                                                                                                                                                                                                                                                                                                                                                                                                                                                                                                                                                                                                                    
SE8572063090,549300ENJBPZMHTBMF55,"DOKTOR FELIX NEUBERGHS STIFTELSE",,"Karl Gustavsgatan 12, 411 2, Göteborg",,,                                                                                                                                                                                                                                                                                                                                                                                                                                                                                                                                                                                                                                                                                                                                                                                                                                                                                                                        
SE8024263983,5493001MOQO95VGF4677,"DOMCAT GEMENSAM SÄRSKILD PENSIONSSTIFTELSE",,"Trädgårdsgatan 16, 753 0, Uppsala",,,                                                                                                                                                                                                                                                                                                                                                                                                                                                                                                                                                                                                                                                                                                                                                                                                                                                                                                                  
SE8280011209,549300HV37N3W2MVBK61,"DONNA VERDE AB:S PENSIONSSTIFTELSE",,"Box 5390, 402 2, Göteborg",,,                                                                                                                                                                                                                                                                                                                                                                                                                                                                                                                                                                                                                                                                                                                                                                                                                                                                                                                                  
SE8572031592,549300LC7D4X3Q1GLV58,"DONSÖ FISKARES PENSIONSKASSA, FÖRSÄKRINGSFÖREN",,"Grådalsvägen 19, 430 8, Donsö",,,                                                                                                                                                                                                                                                                                                                                                                                                                                                                                                                                                                                                                                                                                                                                                                                                                                                                                                                  
SE8672007773,5493008NVRK1N2SMKN91,"DOREMA AB:S SÄRSKILDA PENSIONSSTIFTELSE",,"Lövviken 1, 563 9, Gränna",,,                                                                                                                                                                                                                                                                                                                                                                                                                                                                                                                                                                                                                                                                                                                                                                                                                                                                                                                             
SE8420009212,,"DR J THULINS PENSIONSFOND",,"N Fogdarödsvägen 6, 243 9, Höör",,,                                                                                                                                                                                                                                                                                                                                                                                                                                                                                                                                                                                                                                                                                                                                                                                                                                                                                                                                                         
SE8460040564,,"DR JOLAN BANYAI LÄKARPRAKTIK AB:S SÄRSK PENSTIFT",,"Kolbäcksg 7, 216 2, Malmö",,,                                                                                                                                                                                                                                                                                                                                                                                                                                                                                                                                                                                                                                                                                                                                                                                                                                                                                                                                        
SE8024017389,549300HA71YORGG5R107,"DREM OFFSET AB SÄRSKILDA PENSIONSSTIFTELSE",,"Humlegårdsgatan 14, 114 4, Stockholm",,,                                                                                                                                                                                                                                                                                                                                                                                                                                                                                                                                                                                                                                                                                                                                                                                                                                                                                                               
SE8190015928,25490060CYGWV34C0Q84,"DROTTNINGENS KÄLLA AB:S SÄRSK PENSIONSSTIFTELSE",,"Torpet Märtlund, 155 9, Nykvarn",,,                                                                                                                                                                                                                                                                                                                                                                                                                                                                                                                                                                                                                                                                                                                                                                                                                                                                                                               
SE8024810130,,"DSV Gemensamma Pensionsstiftelse",,"Österleden 201, 261 2, Landskrona",,,                                                                                                                                                                                                                                                                                                                                                                                                                                                                                                                                                                                                                                                                                                                                                                                                                                                                                                                                                
SE8465017286,549300X8R57U7JS7QJ87,"ECKERSTRÖM & SAMUELSSON I MALMÖ AB SÄRSK PENS.ST",,"Hällkistegränd 1, 246 3, Löddeköpinge",,,                                                                                                                                                                                                                                                                                                                                                                                                                                                                                                                                                                                                                                                                                                                                                                                                                                                                                                        
SE8148010609,8945002R09QFFRNA8E36,"EDSÄNGENS FÖRVALTNINGSAB:S PENS.STIFT",,"Box 5390, 402 2, Göteborg",,,                                                                                                                                                                                                                                                                                                                                                                                                                                                                                                                                                                                                                                                                                                                                                                                                                                                                                                                               
SE8024241211,549300BP30NUK41YYW46,"EGGEGRUND SÄRSKILDA PENSIONS STIFTELSE",,"Brunnsgatan 63, 803 2, Gävle",,,                                                                                                                                                                                                                                                                                                                                                                                                                                                                                                                                                                                                                                                                                                                                                                                                                                                                                                                           
SE8024080502,984500610YCB1FB51F18,"EKEDAHL & CO KONSULTAKTIEBOLAGS PENSIONSSTIFT.",,"P O Hallmans Gata 13, 112 6, Stockholm",,,                                                                                                                                                                                                                                                                                                                                                                                                                                                                                                                                                                                                                                                                                                                                                                                                                                                                                                         
SE8020165034,,"EKG REVISION AB:S PENSIONSSTIFTELSE",,"Box 319, 442 1, Kungälv",,,                                                                                                                                                                                                                                                                                                                                                                                                                                                                                                                                                                                                                                                                                                                                                                                                                                                                                                                                                       
SE8020128909,,"EKONOMIGRUPPEN I SOLNA AB:S PENSIONSSTIFTELSE",,"Box 319, 442 1, Kungälv",,,                                                                                                                                                                                                                                                                                                                                                                                                                                                                                                                                                                                                                                                                                                                                                                                                                                                                                                                                             
SE8024253414,,"EKONOMIJOURNALISTERNA I VAXHOLM AB PENSIONSSTIFTELSE",,"Cronhamnsgata 4, 185 3, Vaxholm",,,                                                                                                                                                                                                                                                                                                                                                                                                                                                                                                                                                                                                                                                                                                                                                                                                                                                                                                                              
SE8480005266,5493009961XOKB629B18,"EL PLANTIO AB:S SÄRSKILDA PENSIONSSTIFTELSE",,"Box 5390, 402 2, Göteborg",,,                                                                                                                                                                                                                                                                                                                                                                                                                                                                                                                                                                                                                                                                                                                                                                                                                                                                                                                         
SE8024256391,,"ELBRANSCHENS YRKESUTBILDNINGS STIFTELSE",,"Kalkstigen 9, 593 4, Västervik",,,                                                                                                                                                                                                                                                                                                                                                                                                                                                                                                                                                                                                                                                                                                                                                                                                                                                                                                                                            
SE8024055082,549300IIXRPU1ENTFE89,"Electrolux-koncernens pensionsstiftelse",,"S:t Göransgatan 143, 105 4, Stockholm",,,                                                                                                                                                                                                                                                                                                                                                                                                                                                                                                                                                                                                                                                                                                                                                                                                                                                                                                                 
SE8020065556,89450049TL7QP54B6732,"ELEKTRISKA AB LENNSTRÖMS PENSIONSSTIFTELSE",,"Sandsborgsvägen 52, 122 3, Enskede",,,                                                                                                                                                                                                                                                                                                                                                                                                                                                                                                                                                                                                                                                                                                                                                                                                                                                                                                                 
SE8024253034,5493004R5K12IHNTQK88,"ELEKTRO J R KROON AB:S SÄRSKILDA PENSIONSSTIFTELSE",,"Krossverksgatan 7, 216 1, Limhamn",,,                                                                                                                                                                                                                                                                                                                                                                                                                                                                                                                                                                                                                                                                                                                                                                                                                                                                                                          
SE8152006774,549300S0GHKN1KZBZJ25,"ELEKTRONOM ELETTA AB:S PENSIONSSTIFTELSE",,"Box 5084, 141 0, Kungens Kurva",,,                                                                                                                                                                                                                                                                                                                                                                                                                                                                                                                                                                                                                                                                                                                                                                                                                                                                                                                       
SE8024788450,5493006DBVG0Z1BOH880,"Element Metech AB:s pensionsstiftelse",,"Box 5, Box 5147, 402 2, Göteborg",,,                                                                                                                                                                                                                                                                                                                                                                                                                                                                                                                                                                                                                                                                                                                                                                                                                                                                                                                        
SE8572059171,636700W9R1XH2UZ97X80,"ELLSINGER PROJEKTLEDNING AB:S PENSIONSSTIFTELSE",,"Box 5390, 402 2, Göteborg",,,                                                                                                                                                                                                                                                                                                                                                                                                                                                                                                                                                                                                                                                                                                                                                                                                                                                                                                                     
SE8136002691,,"EMA TELSTAR AB:S SÄRSKILDA PENSIONSSTIFTELSE",,"Box 5390, 402 2, Göteborg",,,                                                                                                                                                                                                                                                                                                                                                                                                                                                                                                                                                                                                                                                                                                                                                                                                                                                                                                                                            
SE8460025896,549300IDC3661S4ATQ81,"EMILSTORP TEKNIK AB:S SÄRSKILDA PENSIONSSTIFTELSE",,"Ö. Ryttmästaregatan 12, 217 5, Malmö",,,                                                                                                                                                                                                                                                                                                                                                                                                                                                                                                                                                                                                                                                                                                                                                                                                                                                                                                        
SE8024263736,,"ENERGITJÄNST VK AB:S PENSIONS- STIFTELSE",,"Box 5390, 402 2, Göteborg",,,                                                                                                                                                                                                                                                                                                                                                                                                                                                                                                                                                                                                                                                                                                                                                                                                                                                                                                                                                
SE8020151729,,"ENGLUNDS MUSIK AB:S PENSIONSSTIFTELSE",,"Stensätravägen 3, 127 3, Skärholmen",,,                                                                                                                                                                                                                                                                                                                                                                                                                                                                                                                                                                                                                                                                                                                                                                                                                                                                                                                                         
SE8024258686,984500O4FD0E802FA449,"EPCO FÖRSÄKRINGSKONSULTER AB:S SÄRSKILDA PENSIONSSTIFTELSE",,"Apgränd 8, 271 4, Ystad",,,                                                                                                                                                                                                                                                                                                                                                                                                                                                                                                                                                                                                                                                                                                                                                                                                                                                                                                            
SE8024805320,549300VMV6DVM60LD184,"Epiroc-gruppens gemensamma pensionsstiftelse",,"Box 5147, 402 2, Göteborg",,,                                                                                                                                                                                                                                                                                                                                                                                                                                                                                                                                                                                                                                                                                                                                                                                                                                                                                                                        
SE8024258504,549300E8GRYO32ZX0664,"ERADUR AB:S SÄRSKILDA PENSIONS- STIFTELSE",,"Granitgatan 11, 254 6, Helsingborg",,,                                                                                                                                                                                                                                                                                                                                                                                                                                                                                                                                                                                                                                                                                                                                                                                                                                                                                                                  
SE8024245899,549300JU3Y1DF2MB5851,"Ericsson Pensionsstiftelse (A)",,"Torshamnsgatan 23, 164 4, Kista",,,                                                                                                                                                                                                                                                                                                                                                                                                                                                                                                                                                                                                                                                                                                                                                                                                                                                                                                                                
SE8156009402,549300HI6IIK5RMK3V35,"ERIK LUNDQVIST REKLAM AB:S SÄRSK.PENS.ST.",,"Box 19045, 152 2, Södertälje",,,                                                                                                                                                                                                                                                                                                                                                                                                                                                                                                                                                                                                                                                                                                                                                                                                                                                                                                                        
SE8136002949,549300IVXQ5W8LXKXM76,"ERIK RAHMQVIST AB:S ALLMÄNNA PENSIONSSTIFTELSE",,"Box 1, 181 7, Lidingö",,,                                                                                                                                                                                                                                                                                                                                                                                                                                                                                                                                                                                                                                                                                                                                                                                                                                                                                                                          
SE8260022549,549300ZYDN8DJKHVI283,"ERIXONS EL I HKVA AB PENSIONSSTIFTELSE",,"Långgatan 40, 561 3, Huskvarna",,,                                                                                                                                                                                                                                                                                                                                                                                                                                                                                                                                                                                                                                                                                                                                                                                                                                                                                                                         
SE8440008590,,"ERNST HJORTS TRÄVARU AB:S SÄRSK. PENS.STIFTELSE",,"Box 4, 261 2, Landskrona",,,                                                                                                                                                                                                                                                                                                                                                                                                                                                                                                                                                                                                                                                                                                                                                                                                                                                                                                                                          
SE8024246541,549300K9B5A31EE05Y64,"ERNSTRÖM & CO AB:S SÄRSKILDA PENSIONSSTIFTELSE FÖR FABIAN HIELTE",,"Box 5390, 402 2, Göteborg",,,                                                                                                                                                                                                                                                                                                                                                                                                                                                                                                                                                                                                                                                                                                                                                                                                                                                                                                    
SE8024257480,549300SQKZ27EXQ8XQ08,"Ernströmgruppen & C:O AB:s Gemensamma Pensionsstiftelse",,"Box 5147, 402 2, Göteborg",,,                                                                                                                                                                                                                                                                                                                                                                                                                                                                                                                                                                                                                                                                                                                                                                                                                                                                                                             
SE8024805429,5493003ZK2QXOBYWT733,"Essity Aktiebolags (publ) Pensionsstiftelse för anställda",,"Storgatan 22, 852 3, Sundsvall",,,                                                                                                                                                                                                                                                                                                                                                                                                                                                                                                                                                                                                                                                                                                                                                                                                                                                                                                      
SE8024804760,5493005OMTELTHEK5744,"Essity Aktiebolags (publ) Pensionsstiftelse för tjänstemän",,"Storgatan 22, 852 3, Sundsvall",,,                                                                                                                                                                                                                                                                                                                                                                                                                                                                                                                                                                                                                                                                                                                                                                                                                                                                                                     
SE8757008910,549300XX4JW1SAIMW913,"Evangeliska Frikyrkans Pensionsstiftelse",,"Box 1, Box 1624, 701 1, Örebro",,,                                                                                                                                                                                                                                                                                                                                                                                                                                                                                                                                                                                                                                                                                                                                                                                                                                                                                                                       
SE8024241419,549300UVPPIOXMH1R803,"EXPOCELL AB:S SÄRSKILDA PENSIONSSTIFTELSE",,"Ensittarvägen 42, 216 2, Malmö",,,                                                                                                                                                                                                                                                                                                                                                                                                                                                                                                                                                                                                                                                                                                                                                                                                                                                                                                                      
SE8340008708,5493005DSJLS2EODXV57,"FABRIKS- O HANTV.IDK I VISBY PENSIONSKASSA UF",,"Avagatan 1, 621 4, Visby",,,                                                                                                                                                                                                                                                                                                                                                                                                                                                                                                                                                                                                                                                                                                                                                                                                                                                                                                                        
SE8740019206,549300SZ04XLC8HDK079,"FAMILJEFÖRETAGENS PENSIONSSTIFT. NR 8 RÄNTEFOND",,"Värmlandsgatan 9, 652 2, Karlstad",,,                                                                                                                                                                                                                                                                                                                                                                                                                                                                                                                                                                                                                                                                                                                                                                                                                                                                                                             
SE8740011922,549300S3GUGXRPK4CG09,"FAMILJEFÖRETAGENS PENSIONSSTIFTELSE NR 5",,"Box 409, 651 0, Karlstad",,,                                                                                                                                                                                                                                                                                                                                                                                                                                                                                                                                                                                                                                                                                                                                                                                                                                                                                                                             
SE8551007233,549300RY0HTWI782V209,"FAMILJEN MELLANDERS PENSIONSSTIFTELSE",,"Box 5390, 402 2, Göteborg",,,                                                                                                                                                                                                                                                                                                                                                                                                                                                                                                                                                                                                                                                                                                                                                                                                                                                                                                                               
SE8340008716,549300E0M85TZ7NTF503,"Fårö pensionsinrättning, försäkringsförening",,"Fårö Lassor 1800, 624 6, Fårö",,,                                                                                                                                                                                                                                                                                                                                                                                                                                                                                                                                                                                                                                                                                                                                                                                                                                                                                                                    
SE8024253661,549300I02WHEQ9MFW986,"FASTIGHETS AB BALDERS PENSIONSSTIFTELSE",,"Box 5390, 402 2, Göteborg",,,                                                                                                                                                                                                                                                                                                                                                                                                                                                                                                                                                                                                                                                                                                                                                                                                                                                                                                                             
SE8024242359,5493002Y3YXTQ27S3457,"FASTIGHETS AB ERIK DAHLS PENSIONSSTIFTELSE",,"Box 5390, 402 2, Göteborg",,,                                                                                                                                                                                                                                                                                                                                                                                                                                                                                                                                                                                                                                                                                                                                                                                                                                                                                                                          
SE8572052267,549300KKFHBKSZ9JKE69,"FASTIGHETSBOLAGET ANKÉN AB:S PENSIONSSTIFTELSE",,"Box 319, 442 1, Kungälv",,,                                                                                                                                                                                                                                                                                                                                                                                                                                                                                                                                                                                                                                                                                                                                                                                                                                                                                                                        
SE8176017385,54930009HIGUMUUUGG38,"FAUSTUM AB:S PENSIONSSTIFTELSE",,"Box 277, 751 0, Uppsala",,,                                                                                                                                                                                                                                                                                                                                                                                                                                                                                                                                                                                                                                                                                                                                                                                                                                                                                                                                        
SE8020004688,549300MHMY8WFC58DE17,"FD BRYGGAREÄMBETETS I STOCKHOLM PENSIONSKASSA",,"Valhallav 138, 114 5, Stockholm",,,                                                                                                                                                                                                                                                                                                                                                                                                                                                                                                                                                                                                                                                                                                                                                                                                                                                                                                                 
SE8020030675,,"FD SKOMAKAREÄMBETETS PENSIONS-O UNDERSTÖDSSTIFT.",,"Garagevägen 18, 121 4, Johanneshov",,,                                                                                                                                                                                                                                                                                                                                                                                                                                                                                                                                                                                                                                                                                                                                                                                                                                                                                                                               
SE8024130703,549300R9G8SHDWRTIE88,"FH PENSIONSSTIFTELSE",,"Box 5147, 402 2, Göteborg",,,                                                                                                                                                                                                                                                                                                                                                                                                                                                                                                                                                                                                                                                                                                                                                                                                                                                                                                                                                
SE8020154889,549300XIOQPY6JW72091,"FIA SOFTWARE AB:S SÄRSKILDA PENSTIONSSTIFTELSE SPIRAN",,"Svartkärrsvägen 12, 133 3, Saltsjöbaden",,,                                                                                                                                                                                                                                                                                                                                                                                                                                                                                                                                                                                                                                                                                                                                                                                                                                                                                                 
SE8559002947,6367002QZX3XHO76TP53,"FILIP O EBBA ANDERSSONS PENSIONSFOND",,"405 0, Göteborg",,,                                                                                                                                                                                                                                                                                                                                                                                                                                                                                                                                                                                                                                                                                                                                                                                                                                                                                                                                          
SE8024084181,549300LXXBBSTICCPE36,"FINANSFORUMS PENSIONSSTIFTELSE",,"Svartensgatan 12, 116 2, Stockholm",,,                                                                                                                                                                                                                                                                                                                                                                                                                                                                                                                                                                                                                                                                                                                                                                                                                                                                                                                             
SE8572031568,549300T9H1WZJAFVE171,"Fiskarnas Pensionskassa, försäkrings förening",,"Donsö Hamnväg 29, 430 8, Donsö",,,                                                                                                                                                                                                                                                                                                                                                                                                                                                                                                                                                                                                                                                                                                                                                                                                                                                                                                                  
SE8572065855,549300QMMJPXBCT2MM69,"FIXELL INVEST AB:S PENSIONSSTIFTELSE",,"Box 5390, 402 2, Göteborg",,,                                                                                                                                                                                                                                                                                                                                                                                                                                                                                                                                                                                                                                                                                                                                                                                                                                                                                                                                
SE8020106939,549300NGMRCXBX6DWP74,"FLINKS JÄRN AB:S PENSIONSSTIFTELSE",,"Box 5390, 402 2, Göteborg",,,                                                                                                                                                                                                                                                                                                                                                                                                                                                                                                                                                                                                                                                                                                                                                                                                                                                                                                                                  
SE5164016619,54930014Z0DMAW9XOX08,"Folksam LO Tjänstepension AB (publ)",,"Bohusgatan 14, 116 6, STOCKHOLM",,,                                                                                                                                                                                                                                                                                                                                                                                                                                                                                                                                                                                                                                                                                                                                                                                                                                                                                                                           
SE5593376741,636700G0N13ELM6QY880,"Folksam Tjänstepension AB",,"Bohusgatan 14, 106 6, Stockholm",,,                                                                                                                                                                                                                                                                                                                                                                                                                                                                                                                                                                                                                                                                                                                                                                                                                                                                                                                                     
SE8932006946,,"FÖLLINGE-HOTAGENS BRANDF.BOL STIFT F ALLM.NYTT Ä",,"Pelle Prästväg 5, 835 6, Föllinge",,,                                                                                                                                                                                                                                                                                                                                                                                                                                                                                                                                                                                                                                                                                                                                                                                                                                                                                                                                
SE8533009950,5493000SHDAI84M71Z92,"FONIC AB:S PENSIONSSTIFTELSE",,"Box 319, 442 1, Kungälv",,,                                                                                                                                                                                                                                                                                                                                                                                                                                                                                                                                                                                                                                                                                                                                                                                                                                                                                                                                          
SE8156008305,636700F4E5JLC3MEGT08,"FÖRENINGEN SALTÅ BYS ALLMÄNNA PENSIONSSTIFTELSE",,"Box 5390, 402 2, Göteborg",,,                                                                                                                                                                                                                                                                                                                                                                                                                                                                                                                                                                                                                                                                                                                                                                                                                                                                                                                     
SE8492024537,549300CM14VL6FSFPB19,"FÖRETAG NO 4 AB:S PENSIONSSTIFTELSE",,"Box 5390, 402 2, Göteborg",,,                                                                                                                                                                                                                                                                                                                                                                                                                                                                                                                                                                                                                                                                                                                                                                                                                                                                                                                                 
SE8460022026,636700LOJBM86JB01L62,"FÖRETAGSPLANERING I MALMÖ AB:S SÄRSK PENSIONSSTI",,"Östersjögatan 19, 272 3, Brantevik",,,                                                                                                                                                                                                                                                                                                                                                                                                                                                                                                                                                                                                                                                                                                                                                                                                                                                                                                           
SE8024792213,549300XHYZHFJC1RN006,"FÖRETAGSSUPPORT CHRISTER PAMRIN AB:S PENSIONSSTIFTELSE",,"Furugatan 14, 753 2, Uppsala",,,                                                                                                                                                                                                                                                                                                                                                                                                                                                                                                                                                                                                                                                                                                                                                                                                                                                                                                           
SE8024256920,,"FORFRAM AB:S PENSIONSSTIFTELSE FÖR  J TJERNBEG",,"Skölevägen 47, 864 3, Matfors",,,                                                                                                                                                                                                                                                                                                                                                                                                                                                                                                                                                                                                                                                                                                                                                                                                                                                                                                                                      
SE8024261805,894500J56PG5BFGL8P23,"FORSLUNDS GEMENSAMMA SÄRSKILDA PENSIONSSTIFTELSE",,"Box 6282, 102 3, Stockholm",,,                                                                                                                                                                                                                                                                                                                                                                                                                                                                                                                                                                                                                                                                                                                                                                                                                                                                                                                   
SE8492023794,25490054C24U3KT32B23,"FÖRVALTNINGS AB SEKUNDS SÄRSKILDA PENSIONSSTIFT.",,"Wallen, 312 9, Våxtorp",,,                                                                                                                                                                                                                                                                                                                                                                                                                                                                                                                                                                                                                                                                                                                                                                                                                                                                                                                       
SE8024250816,549300PPGQ52VXM89275,"FÖRVALTNINGSAKTIEBOLAGET BRUNNENS PENSIONSSTIFTELSE",,"Box 5390, 402 2, Göteborg",,,                                                                                                                                                                                                                                                                                                                                                                                                                                                                                                                                                                                                                                                                                                                                                                                                                                                                                                                 
SE8295019239,5493001L01WTY7J3S241,"FÖRVALTNINGSANDANS SÄRSKILDA PENSIONSSTIFTELSE",,"Raoul Wallenbergs Gata 18, 352 3, Växjö",,,                                                                                                                                                                                                                                                                                                                                                                                                                                                                                                                                                                                                                                                                                                                                                                                                                                                                                                        
SE8020056142,549300K7L7VZG2NI3419,"FPK Försäkringsbranschens Pensionskassa, Tjänstepensionsförening",,"Klarabergsviadukten 90, 111 6, Stockholm",,,                                                                                                                                                                                                                                                                                                                                                                                                                                                                                                                                                                                                                                                                                                                                                                                                                                                                                     
SE8551004594,,"FRANGHEM ELEKTRONIK AB:S PENSIONSSTIFTELSE",,"Box 5390, 402 2, Göteborg",,,                                                                                                                                                                                                                                                                                                                                                                                                                                                                                                                                                                                                                                                                                                                                                                                                                                                                                                                                              
SE8024777511,549300ONLYL7N633NM41,"FRIDASKOLORNA AB:S SÄRSKILDA PENSIONSSTIFTELSE",,"Olof Palmes Gata 1, 461 3, Trollhättan",,,                                                                                                                                                                                                                                                                                                                                                                                                                                                                                                                                                                                                                                                                                                                                                                                                                                                                                                         
SE8024773585,,"FRIDAY MUSIC AB SÄRSKILDA PENSIONS- STIFTELSE",,"Platensgatan 2, 582 2, Linköping",,,                                                                                                                                                                                                                                                                                                                                                                                                                                                                                                                                                                                                                                                                                                                                                                                                                                                                                                                                    
SE8572056680,549300FZVWOO5SAPOO18,"FRÖLUNDA HOCKEY CLUBS PENSIONSSTIFTELSE",,"Box 5390, 402 2, Göteborg",,,                                                                                                                                                                                                                                                                                                                                                                                                                                                                                                                                                                                                                                                                                                                                                                                                                                                                                                                             
SE5164016643,549300GED19K93D6KN47,"Futur Pension Försäkringsaktiebolag",,"Linnégatan 18, 114 4, STOCKHOLM",,,                                                                                                                                                                                                                                                                                                                                                                                                                                                                                                                                                                                                                                                                                                                                                                                                                                                                                                                           
SE8572062241,2549004602QHN2065S52,"FYRAGE EKONOMIKONSULT HB PENSIONSSTIFTELSE",,"Box 31094, 400 3, Göteborg",,,                                                                                                                                                                                                                                                                                                                                                                                                                                                                                                                                                                                                                                                                                                                                                                                                                                                                                                                         
SE8460028254,5493000IXHSUNM864074,"GALERIE BÖRJESON AB:S SÄRSKILDA PENSIONSSTIFT.",,"Flaggskeppsgatan 6, 211 1, Malmö",,,                                                                                                                                                                                                                                                                                                                                                                                                                                                                                                                                                                                                                                                                                                                                                                                                                                                                                                               
SE8979002857,,"GÄLLIVARE ALLMÄNNINGSSKOGS PENSIONSSTIFTELSE",,"Garvaregatan 8, 982 3, Gällivare",,,                                                                                                                                                                                                                                                                                                                                                                                                                                                                                                                                                                                                                                                                                                                                                                                                                                                                                                                                     
SE5164016536,5493007QZK2UFPJ6NV33,"Gamla Livförsäkringsaktiebolaget SEB Trygg Liv (publ)",,"Sergels Torg 2, 111 5, STOCKHOLM",,,                                                                                                                                                                                                                                                                                                                                                                                                                                                                                                                                                                                                                                                                                                                                                                                                                                                                                                        
SE8572044066,549300127LOJKYL3WM39,"GARPUR AB:S PENSIONSSTIFTELSE",,"Box 5390, 402 2, Göteborg",,,                                                                                                                                                                                                                                                                                                                                                                                                                                                                                                                                                                                                                                                                                                                                                                                                                                                                                                                                       
SE8024246483,,"GC ADVOKATBYRÅ AB PENSIONSSTIFTELSE",,"Mölnbackavägen 5, 122 4, Enskede",,,                                                                                                                                                                                                                                                                                                                                                                                                                                                                                                                                                                                                                                                                                                                                                                                                                                                                                                                                              
SE8892015283,,"GIF SUNDSVALLS PENSIONSSTIFTELSE",,"Box 5390, 402 2, Göteborg",,,                                                                                                                                                                                                                                                                                                                                                                                                                                                                                                                                                                                                                                                                                                                                                                                                                                                                                                                                                        
SE8572052861,549300YQYGLCYHUP0Z43,"GILLVIKENS FÖRVALTNINGS AB:S PENSIONSSTIFTELSE",,"Kilsgatan 4, 405 0, Göteborg",,,                                                                                                                                                                                                                                                                                                                                                                                                                                                                                                                                                                                                                                                                                                                                                                                                                                                                                                                   
SE8460019568,,"GLAS LINDBERG AB:S PENSIONSSTIFTELSE",,"Box 50124, 202 1, Malmö",,,                                                                                                                                                                                                                                                                                                                                                                                                                                                                                                                                                                                                                                                                                                                                                                                                                                                                                                                                                      
SE8520004725,,"GLASFIBER & PLASTPROD. AB:S SÄRSKILDA PENS.STIFT",,"Box 5390, 402 2, Göteborg",,,                                                                                                                                                                                                                                                                                                                                                                                                                                                                                                                                                                                                                                                                                                                                                                                                                                                                                                                                        
SE8492019131,,"GN TRANSPORT I HALMSTAD AB:S PENSIONSSTIFTELSE",,"Box 5390, 402 2, Göteborg",,,                                                                                                                                                                                                                                                                                                                                                                                                                                                                                                                                                                                                                                                                                                                                                                                                                                                                                                                                          
SE8280011357,549300JT022UOP1JCB50,"GNOSJÖ AUTOMATSVARVNING AB:S PENSIONSSTIFTELSE",,"Lidängsvägen 1, 335 3, Gnosjö",,,                                                                                                                                                                                                                                                                                                                                                                                                                                                                                                                                                                                                                                                                                                                                                                                                                                                                                                                  
SE8176012105,5493003R0UXPW2F43M70,"GÖRANSGÅRDEN PENSIONSSTIFTELSE",,"Danmarksby, 754 5, Uppsala",,,                                                                                                                                                                                                                                                                                                                                                                                                                                                                                                                                                                                                                                                                                                                                                                                                                                                                                                                                     
SE8572057910,636700MZTE2D54QLBU48,"Gösta Andersson Byggnadsfirma AB:S Pensionsstift",,"Box 5390, 402 2, Göteborg",,,                                                                                                                                                                                                                                                                                                                                                                                                                                                                                                                                                                                                                                                                                                                                                                                                                                                                                                                    
SE8572007931,549300BOHN0GUJBQSW28,"GÖTEBORGS IS AB:S PENSIONSSTIFTELSE",,"Fiskhamnsgatan 4, 414 5, Göteborg",,,                                                                                                                                                                                                                                                                                                                                                                                                                                                                                                                                                                                                                                                                                                                                                                                                                                                                                                                         
SE8635006797,549300CDXNEH5H2OP179,"GÖTEBORGS TRAKTOR AB:S PENSIONSSTIFTELSE",,"Box 319, 442 1, Kungälv",,,                                                                                                                                                                                                                                                                                                                                                                                                                                                                                                                                                                                                                                                                                                                                                                                                                                                                                                                              
SE8024267760,549300D48VSUMH360P24,"GOTSKA FASTIGHETS ABS SÄRSKILDA PENSIONSSTIFTELSE",,"Norrlandsgatan 11, 111 4, Stockholm",,,                                                                                                                                                                                                                                                                                                                                                                                                                                                                                                                                                                                                                                                                                                                                                                                                                                                                                                         
SE8020155159,549300DT05Q21CFRM574,"GRANATH & FORSGREN EKONOMIKONSULTER AB PENSIONSSTIFTELSE",,"Box 5390, 402 2, Göteborg",,,                                                                                                                                                                                                                                                                                                                                                                                                                                                                                                                                                                                                                                                                                                                                                                                                                                                                                                            
SE8185011395,549300D6HBBEFWMXCF40,"GRIPEN INDUSTRI & INVEST AB:S PENSIONSSTIFTELSE",,"Box 2049, 750 0, Uppsala",,,                                                                                                                                                                                                                                                                                                                                                                                                                                                                                                                                                                                                                                                                                                                                                                                                                                                                                                                      
SE8559006039,636700YVFHZW77GAWC46,"GUNNAR JOHANSSON & CO AB:S PENSIONSSTIFT. NR 2",,"Box 5390, 402 2, Göteborg",,,                                                                                                                                                                                                                                                                                                                                                                                                                                                                                                                                                                                                                                                                                                                                                                                                                                                                                                                      
SE8290015158,254900G1ZY1GG2ERG183,"GUNNAR NELSON AB:S SÄRSKILDA PENSIONSSTIFTELSE",,"Vännaryd Mellangård, 341 5, Lagan",,,                                                                                                                                                                                                                                                                                                                                                                                                                                                                                                                                                                                                                                                                                                                                                                                                                                                                                                              
SE8285005396,549300IYQUIK5Q8ZN381,"GUNNARSSONS MASKIN AB:S SÄRSKILDA PENSIONSSTIFTELSE",,"Kållerstadsvägen 1, 330 2, Reftele",,,                                                                                                                                                                                                                                                                                                                                                                                                                                                                                                                                                                                                                                                                                                                                                                                                                                                                                                        
SE8785003123,549300QO26AFFDH1R291,"GUSSELBORGS AB PENSIONSTIFTELSE",,"Björnstigen 30, 731 4, Köping",,,                                                                                                                                                                                                                                                                                                                                                                                                                                                                                                                                                                                                                                                                                                                                                                                                                                                                                                                                 
SE8520005243,549300GO4UH7GERW1M17,"GUST. HOLM & CO AB:S PENSIONSSTIFTELSE",,"Lagerbringsgatan 7, 412 5, Göteborg",,,                                                                                                                                                                                                                                                                                                                                                                                                                                                                                                                                                                                                                                                                                                                                                                                                                                                                                                                    
SE8024257092,549300ITKIR7O03MDR05,"H A CONVERTING AB:S SÄRSKILDA PENSIONSSTIFTELSE",,"Mässans Gata 10, 412 5, Göteborg",,,                                                                                                                                                                                                                                                                                                                                                                                                                                                                                                                                                                                                                                                                                                                                                                                                                                                                                                              
SE8640008754,,"H ARVIDSONS TANDTEK LAB AB:S SÄR PENSIONSTIFTELS",,"Box 5390, 402 2, Göteborg",,,                                                                                                                                                                                                                                                                                                                                                                                                                                                                                                                                                                                                                                                                                                                                                                                                                                                                                                                                        
SE8494005518,5493001DB1BC4DH12443,"HAGEMA PENSIONSSTIFTELSE",,"Bolshedens Industriväg 26, 427 5, Billdal",,,                                                                                                                                                                                                                                                                                                                                                                                                                                                                                                                                                                                                                                                                                                                                                                                                                                                                                                                            
SE8024095138,89450032V30JLC1ZM635,"HÄGGSTRÖM & CO AB:S SÄRKILDA PEN.STIFT.",,"Drottning Kristinas Väg 31, 114 2, Stockholm",,,                                                                                                                                                                                                                                                                                                                                                                                                                                                                                                                                                                                                                                                                                                                                                                                                                                                                                                          
SE8024260997,549300BKENUGS14TPE76,"HÅKAN SANDBERG I ÅMÅL AB:S SÄRSKILDA PENSIONSSIFTELSE",,"Granliden 11, 662 3, Åmål",,,                                                                                                                                                                                                                                                                                                                                                                                                                                                                                                                                                                                                                                                                                                                                                                                                                                                                                                               
SE8585007506,549300QPRYHSY3FMSF64,"HALLBERG-RASSY HOLDING AB:S PENSIONSSTIFTELSE",,"Box 5390, 402 2, Göteborg",,,                                                                                                                                                                                                                                                                                                                                                                                                                                                                                                                                                                                                                                                                                                                                                                                                                                                                                                                       
SE8572043720,549300ZYC4Y1C80GTK37,"HÄLLEFLUNDREGATAN 16 FASTIGHETS AB:S PENSIONSSTIFTELSE",,"Box 319, 442 1, Kungälv",,,                                                                                                                                                                                                                                                                                                                                                                                                                                                                                                                                                                                                                                                                                                                                                                                                                                                                                                                
SE8230006903,549300POMBL0QOG2NS46,"HALLINS VERKSTÄDER AB:S PENSIONSSTIFTELSE",,"Fabriksvägen 1, 599 2, Ödeshög",,,                                                                                                                                                                                                                                                                                                                                                                                                                                                                                                                                                                                                                                                                                                                                                                                                                                                                                                                      
SE8024813969,5493005BWY5ZEM1HH383,"HÅLLÖ SÄRSKILDA PENSIONSSTIFTELSE",,"",,,                                                                                                                                                                                                                                                                                                                                                                                                                                                                                                                                                                                                                                                                                                                                                                                                                                                                                                                                                            
SE8024262050,,"HALLOSBACKEN AB:S PENSIONSSTIFTELSE",,"Box 319, 442 1, Kungälv",,,                                                                                                                                                                                                                                                                                                                                                                                                                                                                                                                                                                                                                                                                                                                                                                                                                                                                                                                                                       
SE8480005340,549300GYD5BLPYHVB958,"HANDELSHUSET SKÖNA TING AB:S S PENSIONSSTIFTELSE",,"Skansgatan 24, 271 4, Ystad",,,                                                                                                                                                                                                                                                                                                                                                                                                                                                                                                                                                                                                                                                                                                                                                                                                                                                                                                                  
SE8024242557,5493002XI5J8WYDOSL87,"HANTERINGSEKONOMI I NORA AB:S SÄRSKILDA PENSIONSSTIFTELSER",,"Industrigatan 5, 693 3, Degerfors",,,                                                                                                                                                                                                                                                                                                                                                                                                                                                                                                                                                                                                                                                                                                                                                                                                                                                                                                  
SE8551004073,,"HANTON INVEST AB:S PENSIONSSTIFTELSE",,"Stålebov 30, 433 7, Jonsered",,,                                                                                                                                                                                                                                                                                                                                                                                                                                                                                                                                                                                                                                                                                                                                                                                                                                                                                                                                                 
SE8173008635,,"HARGS BRUKS PENSIONSSTIFTELSE",,"Harg 401, 742 9, Hargshamn",,,                                                                                                                                                                                                                                                                                                                                                                                                                                                                                                                                                                                                                                                                                                                                                                                                                                                                                                                                                          
SE8024777743,,"HARTVIK PENSIONSSTIFTELSE",,"Fridhemsvägen 4, 741 5, Uppsala",,,                                                                                                                                                                                                                                                                                                                                                                                                                                                                                                                                                                                                                                                                                                                                                                                                                                                                                                                                                         
SE8024805692,549300EKG4BHK2QYV445,"HAVETS SÄRSKILDA PENSIONSSTIFTELSE",,"Olof Asklundsgata 8, 421 3, Västra Frölunda",,,                                                                                                                                                                                                                                                                                                                                                                                                                                                                                                                                                                                                                                                                                                                                                                                                                                                                                                                
SE8450021467,549300K8QSYFGKYPY519,"HBA INVEST AB:S SÄRSKILDA PENSIONSSTIFTELSE",,"Lokalv 11, 246 4, Löddeköpinge",,,                                                                                                                                                                                                                                                                                                                                                                                                                                                                                                                                                                                                                                                                                                                                                                                                                                                                                                                    
SE8136003814,549300L3NHINSVWKR256,"HD REHAB AB:S PENSIONSSTIFTELSE",,"Box 5390, 402 2, Göteborg",,,                                                                                                                                                                                                                                                                                                                                                                                                                                                                                                                                                                                                                                                                                                                                                                                                                                                                                                                                     
SE8024257654,549300GZT6QN1C0QYV92,"HEDEHUS SÄRSKILDA PENSIONSSTIFTELSE",,"Brantstigen 4, 167 6, Bromma",,,                                                                                                                                                                                                                                                                                                                                                                                                                                                                                                                                                                                                                                                                                                                                                                                                                                                                                                                              
SE8020170620,2549007RY481527CL257,"HEDINFO AB:S PENSIONSSTIFTELSE",,"Torsgatan 48, 113 3, Stockholm",,,                                                                                                                                                                                                                                                                                                                                                                                                                                                                                                                                                                                                                                                                                                                                                                                                                                                                                                                                 
SE8940029104,549300BZ26M0L01A8B75,"HEINESTAMS PENSIONSSTIFTELSE",,"Skärvstensgatan 4, 906 5, Umeå",,,                                                                                                                                                                                                                                                                                                                                                                                                                                                                                                                                                                                                                                                                                                                                                                                                                                                                                                                                   
SE8480008302,254900WRG6CAQSJ2WR26,"HEINRICH FÄRG & MÅLERI AB:S SÄRSK PENSIONSSTIFT.",,"Långgatan 8, 271 4, Ystad",,,                                                                                                                                                                                                                                                                                                                                                                                                                                                                                                                                                                                                                                                                                                                                                                                                                                                                                                                    
SE8024099494,,"HELIJO PENSIONSSTIFTELSE",,"Box 5390, 402 2, Göteborg",,,                                                                                                                                                                                                                                                                                                                                                                                                                                                                                                                                                                                                                                                                                                                                                                                                                                                                                                                                                                
SE8024816640,636700NTXM0924TYWU68,"HEMMAKVÄLL AB:S SÄRSKILDA PENSIONSSTIFTELSE",,"Box 613, 131 2, Nacka",,,                                                                                                                                                                                                                                                                                                                                                                                                                                                                                                                                                                                                                                                                                                                                                                                                                                                                                                                             
SE8465019977,,"Henda Byggservice AB:s Särsk.Pensionsstiftelse",,"Tullstorpsvägen 108, 232 9, Arlöv",,,                                                                                                                                                                                                                                                                                                                                                                                                                                                                                                                                                                                                                                                                                                                                                                                                                                                                                                                                  
SE8024816343,549300Y2WCJHVSR5Y688,"HENROB AB:S PENSIONSSTIFTELSE",,"Box 319, 442 1, Kungälv",,,                                                                                                                                                                                                                                                                                                                                                                                                                                                                                                                                                                                                                                                                                                                                                                                                                                                                                                                                         
SE8450022283,,"HERMANSSON & LINDSTRÖM AB:S SÄRSK PENSIONSSTIFT.",,"Norra Stillerydsvägen 129, 374 9, Karlshamn",,,                                                                                                                                                                                                                                                                                                                                                                                                                                                                                                                                                                                                                                                                                                                                                                                                                                                                                                                      
SE8124004618,549300QIDJ7KF737YM70,"HEWARK AB:S PENSIONSSTIFTELSE",,"Vanadisvägen 28, 113 4, Stockholm",,,                                                                                                                                                                                                                                                                                                                                                                                                                                                                                                                                                                                                                                                                                                                                                                                                                                                                                                                               
SE8024798848,5493001G4Q4MNR020566,"HILLEBERG HOLDING AB:S PENSIONSSTIFTELSE",,"Box 5390, 402 2, Göteborg",,,                                                                                                                                                                                                                                                                                                                                                                                                                                                                                                                                                                                                                                                                                                                                                                                                                                                                                                                            
SE8640000025,549300REI6FLPNLBXQ41,"HJULTORP KRAFT AB:S PENSIONSSTIFTELSE",,"Box 5390, 402 2, Göteborg",,,                                                                                                                                                                                                                                                                                                                                                                                                                                                                                                                                                                                                                                                                                                                                                                                                                                                                                                                               
SE8430031842,549300BBK73IWHFIN872,"Höganäs-Koncernens PRI-pensionsstiftelse",,"Höganäs Ab, 263 8, Höganäs",,,                                                                                                                                                                                                                                                                                                                                                                                                                                                                                                                                                                                                                                                                                                                                                                                                                                                                                                                           
SE8024260880,,"HÖGÖN INVEST SÄRSKILDA PENSIONSSTIFTELSE",,"Jakobs Gränd 5, 193 3, Sigtuna",,,                                                                                                                                                                                                                                                                                                                                                                                                                                                                                                                                                                                                                                                                                                                                                                                                                                                                                                                                           
SE8020145531,549300ZS1QAEQZUOC695,"HÖGSTEDT EKONOMIKONSULTER AB:S PENSIONSSTIFTELSE",,"Adolfsbergsvägen 31, 168 6, Bromma",,,                                                                                                                                                                                                                                                                                                                                                                                                                                                                                                                                                                                                                                                                                                                                                                                                                                                                                                           
SE8020157007,549300EPLE380GV1U823,"HÖGUDDEN AB:S SÄRSKILDA PENSIONSSTIFTELSE",,"Höguddsv 48, 181 6, Lidingö",,,                                                                                                                                                                                                                                                                                                                                                                                                                                                                                                                                                                                                                                                                                                                                                                                                                                                                                                                         
SE8572031287,,"HOLGER LUNDIN AB:S PENSIONSSTIFTELSE",,"Banvägen 66, 435 4, Pixbo",,,                                                                                                                                                                                                                                                                                                                                                                                                                                                                                                                                                                                                                                                                                                                                                                                                                                                                                                                                                    
SE8460019121,549300433FUFNC8HNJ31,"HOLMBERGS SÄRSKILDA PENSIONSSTIFTELSE",,"Box 26, 201 2, Malmö",,,                                                                                                                                                                                                                                                                                                                                                                                                                                                                                                                                                                                                                                                                                                                                                                                                                                                                                                                                    
SE8896011155,549300HXZPYS2V3LS605,"HOLMEN ABS SÄRSKILDA PENSIONSSTIFTELSE 1989",,"Box 5407, 114 8, Stockholm",,,                                                                                                                                                                                                                                                                                                                                                                                                                                                                                                                                                                                                                                                                                                                                                                                                                                                                                                                        
SE8440007824,,"HOTELL ÖSTERGATAN 108 AB:S SÄRSK. PENSIONSSTIFT",,"Östergatan 108, 261 3, Landskrona",,,                                                                                                                                                                                                                                                                                                                                                                                                                                                                                                                                                                                                                                                                                                                                                                                                                                                                                                                                 
SE8533011378,549300SRRS6UNJQPD141,"HULTÉN FÄSTELEMENT AB:S PENSSIONSSTIFTELSE",,"Box 5390, 402 2, Göteborg",,,                                                                                                                                                                                                                                                                                                                                                                                                                                                                                                                                                                                                                                                                                                                                                                                                                                                                                                                          
SE8024248331,549300V7564XHQALV610,"HULTSÖ GEMENSAMMA PENSIONSSTIFTELSE",,"Pråmplatsen 4, 211 1, Malmö",,,                                                                                                                                                                                                                                                                                                                                                                                                                                                                                                                                                                                                                                                                                                                                                                                                                                                                                                                               
SE8024249925,549300HY24T73K0YYD08,"Husqvarna-koncernens pensionsstiftelse",,"Husqvarna AB (publ), 561 8, Huskvarna",,,                                                                                                                                                                                                                                                                                                                                                                                                                                                                                                                                                                                                                                                                                                                                                                                                                                                                                                                  
SE8260013076,549300EMLWHY7R23IT62,"HV 71:S PENSIONSSTIFTELSE",,"Elmiavägen 18, 554 5, Jönköping",,,                                                                                                                                                                                                                                                                                                                                                                                                                                                                                                                                                                                                                                                                                                                                                                                                                                                                                                                                     
SE8024260682,98450093F85A0B51R106,"HYDROGIS HOLDING AB:S SÄRSKILDA PENSIONSSTIFTELSE",,"Norra Hog 121, 444 9, Svenshögen",,,                                                                                                                                                                                                                                                                                                                                                                                                                                                                                                                                                                                                                                                                                                                                                                                                                                                                                                            
SE8020144369,549300CU3933TKJ2D026,"IDA AKTIEBOLAGS SÄRSKILDA PENSIONSSTIFTELSE",,"Wirséns V 4, 182 6, Djursholm",,,                                                                                                                                                                                                                                                                                                                                                                                                                                                                                                                                                                                                                                                                                                                                                                                                                                                                                                                     
SE8220032448,549300815FXRWMNGX312,"IFS Företagens Pensionsstiftelse",,"Box 1, c/o IFS World Operations AB, 581 1, Linköping",,,                                                                                                                                                                                                                                                                                                                                                                                                                                                                                                                                                                                                                                                                                                                                                                                                                                                                                                         
SE8559004216,636700CJMXZMTTQCYR51,"IM GUNNARSSON HANDELS AB:S PENSIONSSTIFTELSE",,"Box 5390, 402 2, Göteborg",,,                                                                                                                                                                                                                                                                                                                                                                                                                                                                                                                                                                                                                                                                                                                                                                                                                                                                                                                        
SE8024828249,,"Industry Nordic Gemensam Pensionsstiftelse",,"170 8, Solna",,,                                                                                                                                                                                                                                                                                                                                                                                                                                                                                                                                                                                                                                                                                                                                                                                                                                                                                                                                                           
SE8494007878,54930046V43HH0OK4415,"INF.KONSULT G & C SJÖBERG AB:S PENSIONSSTIFTELSE",,"Skörvalla Backe 15, 429 4, Särö",,,                                                                                                                                                                                                                                                                                                                                                                                                                                                                                                                                                                                                                                                                                                                                                                                                                                                                                                              
SE8460028155,,"ING. FIRM G DAHLQVIST AB:S SÄRSK PENSIONSSTIFT.",,"Industrig 25, 234 3, Lomma",,,                                                                                                                                                                                                                                                                                                                                                                                                                                                                                                                                                                                                                                                                                                                                                                                                                                                                                                                                        
SE8460015673,5493000TL6A95JZEH311,"ING.FIRMA KEDJETEKNIK AB:S SÄRSK PENS.STIFT",,"Barag 2, 212 2, Malmö",,,                                                                                                                                                                                                                                                                                                                                                                                                                                                                                                                                                                                                                                                                                                                                                                                                                                                                                                                             
SE8460056156,6367008ZF92HHVPEON23,"INGELSSON MAT AB:S SÄRSKILDA PENSIONSSTIFTELSE",,"Drevkarlsvägen 6, 246 5, Barsebäck",,,                                                                                                                                                                                                                                                                                                                                                                                                                                                                                                                                                                                                                                                                                                                                                                                                                                                                                                             
SE8551003430,8945009F770JD9H5YS17,"INGEMAR NYBERG KONSULT & AGENTURER AB:S PENSIONSSTIFTELSE",,"Lesikavägen 19, 427 4, Billdal",,,                                                                                                                                                                                                                                                                                                                                                                                                                                                                                                                                                                                                                                                                                                                                                                                                                                                                                                      
SE8572069097,,"INGENJÖR C A MÖRCKS PENSIONSFOND",,"Box 9123, 400 9, Göteborg",,,                                                                                                                                                                                                                                                                                                                                                                                                                                                                                                                                                                                                                                                                                                                                                                                                                                                                                                                                                        
SE8450027266,5493000O85UA2BTC8R49,"INNOTEK AB:S SÄRSKILDA PENSIONSSTIFTELSE",,"Nicolovius Väg 9, 224 6, Lund",,,                                                                                                                                                                                                                                                                                                                                                                                                                                                                                                                                                                                                                                                                                                                                                                                                                                                                                                                        
SE8625009116,549300IFRBG8J28X5G42,"INOVO EKONOMI AB:S PENSIONSSTIFTELSE",,"Box 5390, 402 2, Göteborg",,,                                                                                                                                                                                                                                                                                                                                                                                                                                                                                                                                                                                                                                                                                                                                                                                                                                                                                                                                
SE8732022382,5493004U8VTXS1ABF029,"INTERPEA",,"Box 5147, 402 2, Göteborg",,,                                                                                                                                                                                                                                                                                                                                                                                                                                                                                                                                                                                                                                                                                                                                                                                                                                                                                                                                                            
SE8024249016,,"INVEKO ALFA GEMENSAMMA SÄRSKILDA PENSIONSSTIFTELSE",,"Tjusarbacken 10, 603 6, Norrköping",,,                                                                                                                                                                                                                                                                                                                                                                                                                                                                                                                                                                                                                                                                                                                                                                                                                                                                                                                             
SE8024253497,6367008Q8H8VC3S5S524,"INVEKO BETA GEMENSAMMA SÄRSKILDA PENSIONSSTIFTELSE",,"Nybrovägen 35, 589 3, Linköping",,,                                                                                                                                                                                                                                                                                                                                                                                                                                                                                                                                                                                                                                                                                                                                                                                                                                                                                                            
SE8024243126,5493007BYV58N0I6UH16,"Investment AB Spiltans Gemensamma Pensionsstiftelse",,"Box 5390, 402 2, Göteborg",,,                                                                                                                                                                                                                                                                                                                                                                                                                                                                                                                                                                                                                                                                                                                                                                                                                                                                                                                 
SE8124010151,549300TD4U1Q2349N886,"IOTAC AB:S SÄRSKILDA PENSIONSSTIFTELSE",,"Klosterg 23, 703 6, Örebro",,,                                                                                                                                                                                                                                                                                                                                                                                                                                                                                                                                                                                                                                                                                                                                                                                                                                                                                                                             
SE8672007369,,"IRODENT AB:S PENSIONSSTIFTELSE",,"Box 5390, 402 2, Göteborg",,,                                                                                                                                                                                                                                                                                                                                                                                                                                                                                                                                                                                                                                                                                                                                                                                                                                                                                                                                                          
SE8024820717,8945000QSL7D1HVWCT77,"ISFLAKET AB PENSIONSSTIFTELSE",,"",,,                                                                                                                                                                                                                                                                                                                                                                                                                                                                                                                                                                                                                                                                                                                                                                                                                                                                                                                                                                
SE8460039129,54930001SZWWBXK7XU66,"ISHOCKEYFÖRENINGEN MALMÖ REDHAWKS PENSIONSSTIFTELSE",,"Box 5390, 402 2, Göteborg",,,                                                                                                                                                                                                                                                                                                                                                                                                                                                                                                                                                                                                                                                                                                                                                                                                                                                                                                                 
SE8024109350,636700Q6021HNX5ZGX59,"ISIKRONA AKTIEBOLAGS PENSIONSSTIFTELSE",,"Regeringsgatan 76, 111 3, Stockholm",,,                                                                                                                                                                                                                                                                                                                                                                                                                                                                                                                                                                                                                                                                                                                                                                                                                                                                                                                    
SE8020182740,5493006OWLAXTQFELH47,"ITHACA CONSULTING AB PENSIONSSTIFTELSE",,"Swedenborgsgatan 7, 118 4, Stockholm",,,                                                                                                                                                                                                                                                                                                                                                                                                                                                                                                                                                                                                                                                                                                                                                                                                                                                                                                                   
SE8020077635,5493005LWJK4XLIG2C63,"IURIDICIALIS AB:S PENSIONSSTIFTELSE",,"Surbrunnsg 28, 113 4, Stockholm",,,                                                                                                                                                                                                                                                                                                                                                                                                                                                                                                                                                                                                                                                                                                                                                                                                                                                                                                                           
SE8024254263,549300JR58CAUPX05P52,"J & T:S SÄRSKILDA PENSIONSSTIFTELSE",,"Kalendegatan 20, 211 3, Malmö",,,                                                                                                                                                                                                                                                                                                                                                                                                                                                                                                                                                                                                                                                                                                                                                                                                                                                                                                                             
SE8572045113,,"J A JANSSONS OCH MARTIN WENANDERS PENSIONSFOND",,"106 4, Stockholm",,,                                                                                                                                                                                                                                                                                                                                                                                                                                                                                                                                                                                                                                                                                                                                                                                                                                                                                                                                                   
SE8020138015,,"J A LINDBLADS BOKFÖRLAGS AB PENSIONSSTIFTELSE",,"Stenbocksvägen 7, 182 6, Djursholm",,,                                                                                                                                                                                                                                                                                                                                                                                                                                                                                                                                                                                                                                                                                                                                                                                                                                                                                                                                  
SE8572037136,549300FQYZB8I7C8VQ66,"J F JOHANSSON AB:S PENSIONSSTIFTELSE",,"Hulda Mellgrens Gata 5, 421 3, Västra Frölunda",,,                                                                                                                                                                                                                                                                                                                                                                                                                                                                                                                                                                                                                                                                                                                                                                                                                                                                                                           
SE8148007597,894500ET73OVW5P0TT76,"J NORDSTRÖMS VERKTYGSMASKINER AB:S SÄRSK PENS ST",,"Nyponv 4, 191 4, Sollentuna",,,                                                                                                                                                                                                                                                                                                                                                                                                                                                                                                                                                                                                                                                                                                                                                                                                                                                                                                                  
SE8024257050,,"J O J BESTÅNDSGALLRING AB:S PENSIONSSTIFTELSE",,"Lingonststigen 34, 567 3, Vaggeryd",,,                                                                                                                                                                                                                                                                                                                                                                                                                                                                                                                                                                                                                                                                                                                                                                                                                                                                                                                                  
SE8024256649,549300CA63ZXX2Y5F626,"J.A. KJELLBERG & SÖNER AB:S GEMENSAMMA PENSIONSSTIFTELSE",,"Box 5390, 402 2, Göteborg",,,                                                                                                                                                                                                                                                                                                                                                                                                                                                                                                                                                                                                                                                                                                                                                                                                                                                                                                            
SE8430018922,549300FPSIIEZHSO2G13,"JAN G BERGMAN AB:S SÄRSKILDA PENSIONSSTIFT",,"Stockholmsvägen 23-4, 263 6, Viken",,,                                                                                                                                                                                                                                                                                                                                                                                                                                                                                                                                                                                                                                                                                                                                                                                                                                                                                                                 
SE8450011864,,"JANOPLAST I STAFF AB SÄRSK PENSIONSSTIFTELSE",,"Box 114, 245 2, Staffanstorp",,,                                                                                                                                                                                                                                                                                                                                                                                                                                                                                                                                                                                                                                                                                                                                                                                                                                                                                                                                         
SE8024251400,,"JÄRNLODETS DOKTOR AB:S PENSIONSSTIFTELSE",,"Nybrogatan 12, 114 3, Stockholm",,,                                                                                                                                                                                                                                                                                                                                                                                                                                                                                                                                                                                                                                                                                                                                                                                                                                                                                                                                          
SE8020083112,549300NIFFEXNMZ84N77,"JEJ PROJEKTERING JANERIK JOHNSON AB PENSIONSST",,"Lundhagens Strand 51, 178 3, Ekerö",,,                                                                                                                                                                                                                                                                                                                                                                                                                                                                                                                                                                                                                                                                                                                                                                                                                                                                                                             
SE8450023422,54930053M1UC7MEJ7790,"JENSEN PROTECT AB:S SÄRSKILDA PENSIONSTIFTELSE",,"Borrgatan 27, 211 2, Malmö",,,                                                                                                                                                                                                                                                                                                                                                                                                                                                                                                                                                                                                                                                                                                                                                                                                                                                                                                                     
SE8024259957,549300VZYLVMYDRIL013,"JERRY JÖNSSON VVS KONSULT AB:S SÄRSKILDA PENSIONSSTIFTELSE",,"Byvägen 35, 232 5, Åkarp",,,                                                                                                                                                                                                                                                                                                                                                                                                                                                                                                                                                                                                                                                                                                                                                                                                                                                                                                           
SE8020102250,549300YNEZ2SK48HUL83,"JILGASH FOND AB:S PENSIONSSTIFTELSE",,"Box 319, 442 1, Kungälv",,,                                                                                                                                                                                                                                                                                                                                                                                                                                                                                                                                                                                                                                                                                                                                                                                                                                                                                                                                   
SE8492020279,549300C4LRW3ZHTXZ353,"JIMMY FUN AB:S SÄRSKILDA PENSIONSSTIFTELSE",,"Klosterg 23, 703 6, Örebro",,,                                                                                                                                                                                                                                                                                                                                                                                                                                                                                                                                                                                                                                                                                                                                                                                                                                                                                                                         
SE8020164284,636700D70CI92BEETG78,"JOF MASKINSERVICE AB:S PENSIONSSTIFTELSE",,"Box 319, 442 1, Kungälv",,,                                                                                                                                                                                                                                                                                                                                                                                                                                                                                                                                                                                                                                                                                                                                                                                                                                                                                                                              
SE8551005724,5493000281V2F2C46U02,"JOGULA FÖRVALTNINGS AB PENSIONSSTIFTELSE NR 2",,"Box 5390, 402 2, Göteborg",,,                                                                                                                                                                                                                                                                                                                                                                                                                                                                                                                                                                                                                                                                                                                                                                                                                                                                                                                       
SE8024244587,549300RWCGFAABWO6064,"JOHAN & ANNA KNAUSTS PENSIONSSTIFTELSE",,"Box 5390, 402 2, Göteborg",,,                                                                                                                                                                                                                                                                                                                                                                                                                                                                                                                                                                                                                                                                                                                                                                                                                                                                                                                              
SE8020083237,5493006EP7WPK1MFIS26,"JOHN ERICSSONS PLATTSÄTTNING AB:S PENS.STIFTELSE",,"Sorterargatan 23, 162 5, Vällingby",,,                                                                                                                                                                                                                                                                                                                                                                                                                                                                                                                                                                                                                                                                                                                                                                                                                                                                                                           
SE8559003283,6367008K6FD3GJIDM897,"JOHN O MINA WESTERBERGS PENSIONSFOND",,"405 0, Göteborg",,,                                                                                                                                                                                                                                                                                                                                                                                                                                                                                                                                                                                                                                                                                                                                                                                                                                                                                                                                          
SE8024116439,549300TVEDSBZ5G0TI36,"JONAS GARDELL PRODUKTION AB:S PENSIONSSTIFTELSE",,"Box 5390, 402 2, Göteborg",,,                                                                                                                                                                                                                                                                                                                                                                                                                                                                                                                                                                                                                                                                                                                                                                                                                                                                                                                     
SE8024257308,549300JF5IC68W0SBO33,"JONI FASTIGHETS AB:S SÄRSKILDA PENSIONSSTIFTELSE",,"Valnäsgatan 11, 442 5, Ytterby",,,                                                                                                                                                                                                                                                                                                                                                                                                                                                                                                                                                                                                                                                                                                                                                                                                                                                                                                               
SE8024825450,6367002LEFQKPQSB2K16,"Jula Holding AB gemensamma pensionsstiftelse",,"Box 5147, 402 2, Göteborg",,,                                                                                                                                                                                                                                                                                                                                                                                                                                                                                                                                                                                                                                                                                                                                                                                                                                                                                                                        
SE8024102223,549300N553E1KYJ6HS53,"JW PENSIONSSTIFTELSE",,"Box 16066, 103 2, Stockholm",,,                                                                                                                                                                                                                                                                                                                                                                                                                                                                                                                                                                                                                                                                                                                                                                                                                                                                                                                                              
SE8024238134,549300W264Q7PC2JR546,"JW PENSIONSSTIFTELSE NR 2",,"Box 16066, 103 2, Stockholm",,,                                                                                                                                                                                                                                                                                                                                                                                                                                                                                                                                                                                                                                                                                                                                                                                                                                                                                                                                         
SE8024111620,,"K E MÖLLER AB:S SÄRSKILDA PENSIONSTIFTELSE",,"Box 5390, 402 2, Göteborg",,,                                                                                                                                                                                                                                                                                                                                                                                                                                                                                                                                                                                                                                                                                                                                                                                                                                                                                                                                              
SE8896010363,894500Q201H8ZVRPMA63,"K SJÖLUND REVISION AB:S SÄRSK PENSIONSSTIFTELSE",,"Kattfotsvägen 7, 387 9, Borgholm",,,                                                                                                                                                                                                                                                                                                                                                                                                                                                                                                                                                                                                                                                                                                                                                                                                                                                                                                              
SE8020153956,636700YZJONRKRH3OI80,"K-A SWEDÉRUS AB:S SÄRSKILDA PENSIONSSTIFTELSE",,"Bergviksvägen 25, 167 6, Bromma",,,                                                                                                                                                                                                                                                                                                                                                                                                                                                                                                                                                                                                                                                                                                                                                                                                                                                                                                                 
SE8020096791,,"K.A. BERGANDER IMPORT AB:S SÄRSKILDA PENSIONSST",,"Kanalvägen 8, 183 3, Täby",,,                                                                                                                                                                                                                                                                                                                                                                                                                                                                                                                                                                                                                                                                                                                                                                                                                                                                                                                                         
SE8024245501,5493002957FV6HUMDR71,"Kanozi Arkitekter AB:S Pensionsstiftelse",,"Järntorget 3, 413 0, Göteborg",,,                                                                                                                                                                                                                                                                                                                                                                                                                                                                                                                                                                                                                                                                                                                                                                                                                                                                                                                        
SE8164004114,549300KXK2BI4PYWQ807,"Kåpan Tjänstepensionsförening",,"Smålandsgatan 12, 111 4, Stockholm",,,                                                                                                                                                                                                                                                                                                                                                                                                                                                                                                                                                                                                                                                                                                                                                                                                                                                                                                                              
SE8850012454,5493006SJ18PWLXJ4J65,"KARLSARVETS CAPITAL AB:S PENSIONSSTIFTELSE",,"Nobelvägen 2, 801 3, Sollentuna",,,                                                                                                                                                                                                                                                                                                                                                                                                                                                                                                                                                                                                                                                                                                                                                                                                                                                                                                                    
SE8572045758,549300S44O926RU8OS33,"KENT NYMAN I GÖTEBORG AB:S PENSIONSSTIFTELSE",,"Box 5390, 402 2, Göteborg",,,                                                                                                                                                                                                                                                                                                                                                                                                                                                                                                                                                                                                                                                                                                                                                                                                                                                                                                                        
SE8450033926,549300ZD6H6IZHIMOI74,"KENTIMA CONTROL R&D AB:S SÄRSKILDA PENSIONSSTIFT",,"Box 174, 245 2, Staffanstorp",,,                                                                                                                                                                                                                                                                                                                                                                                                                                                                                                                                                                                                                                                                                                                                                                                                                                                                                                                 
SE8024821236,,"KEYMON BUSINESS PÅ FRÖSÖN AB:S PENSIONSSTIFTELSE",,"Box 148, 541 2, Skövde",,,                                                                                                                                                                                                                                                                                                                                                                                                                                                                                                                                                                                                                                                                                                                                                                                                                                                                                                                                           
SE8024246756,549300BE7NH63U1NPR51,"KIBO AB:S SÄRSKILDA PENSIONSSTIFTELSE",,"Ringvägen 14, 117 2, Stockholm",,,                                                                                                                                                                                                                                                                                                                                                                                                                                                                                                                                                                                                                                                                                                                                                                                                                                                                                                                          
SE8024131479,894500VOS7NCQDCQCY39,"KIEFERS SYSTEM SVETS HOLDING AB:S PENSIONSSTIFT.",,"Box 732, 601 1, Norrköping",,,                                                                                                                                                                                                                                                                                                                                                                                                                                                                                                                                                                                                                                                                                                                                                                                                                                                                                                                   
SE8650008330,,"KINNA INVEST AB:S PENS.STIFT",,"Fridhemsvägen 5, 511 7, Fritsla",,,                                                                                                                                                                                                                                                                                                                                                                                                                                                                                                                                                                                                                                                                                                                                                                                                                                                                                                                                                      
SE8388007257,,"KIVIK HOLDING AB:S SÄRSK PENS.STIFT FÖR G OCH I  ÅKESSON",,"Kiviks Musteri Ab, 277 3, Kivik",,,                                                                                                                                                                                                                                                                                                                                                                                                                                                                                                                                                                                                                                                                                                                                                                                                                                                                                                                          
SE8630008004,,"KLOCKMÄSTER PENSIONSSTIFTELSE",,"Kungsgatan 39, 461 3, Trollhättan",,,                                                                                                                                                                                                                                                                                                                                                                                                                                                                                                                                                                                                                                                                                                                                                                                                                                                                                                                                                   
SE8024782628,894500TRSMGEX1YRNB25,"Kommunernas gemensamma pensionsstiftelse",,"c/o Swedbak Stiftelsetjänst, 404 8, Göteborg",,,                                                                                                                                                                                                                                                                                                                                                                                                                                                                                                                                                                                                                                                                                                                                                                                                                                                                                                         
SE8020018423,549300EYPGDZBTV9T416,"Konsumentkooperationens Pensionsstiftelse",,"Bohusgatan 14, 116 6, Stockholm",,,                                                                                                                                                                                                                                                                                                                                                                                                                                                                                                                                                                                                                                                                                                                                                                                                                                                                                                                     
SE5164016544,5493000FE6UT6IWYYK32,"KPA Tjänstepensionsförsäkring AB (publ)",,"Bohusgatan 14, 116 6, STOCKHOLM",,,                                                                                                                                                                                                                                                                                                                                                                                                                                                                                                                                                                                                                                                                                                                                                                                                                                                                                                                       
SE8024774179,549300W37WDJ0QJUN826,"Kramfors kommuns Pensionsstiftelse",,"c/o Kramfors kommun, 872 8, Kramfors",,,                                                                                                                                                                                                                                                                                                                                                                                                                                                                                                                                                                                                                                                                                                                                                                                                                                                                                                                       
SE8024807664,549300JC8FLKJCEMH742,"KRISTOFFER LIND AB:S PENSIONSSTIFTELSE",,"Box 319, 442 1, Kungälv",,,                                                                                                                                                                                                                                                                                                                                                                                                                                                                                                                                                                                                                                                                                                                                                                                                                                                                                                                                
SE8465025552,5493007I6NAU20R8SK28,"KS DUCENTE AB:S PENSIONSSTIFTELSE",,"Box 5390, 402 2, Göteborg",,,                                                                                                                                                                                                                                                                                                                                                                                                                                                                                                                                                                                                                                                                                                                                                                                                                                                                                                                                   
SE8020086990,549300YVM3SVEUYZJD02,"KUNGL. PATRIOTISKA SÄLLSKAPETS PENSIONSSTIFTELSE",,"Eriksbergsgatan 12, 114 3, Stockholm",,,                                                                                                                                                                                                                                                                                                                                                                                                                                                                                                                                                                                                                                                                                                                                                                                                                                                                                                         
SE8850017834,894500OM9H3ULYA16X70,"KUSMORA INVEST AB:S PENSIONSSTIFTELSE",,"Box 5390, 402 2, Göteborg",,,                                                                                                                                                                                                                                                                                                                                                                                                                                                                                                                                                                                                                                                                                                                                                                                                                                                                                                                               
SE8024267109,549300BAPQWF75JJBD89,"L & C I LUND AB:S PENSIONSSTIFTELSE",,"Box 5390, 402 2, Göteborg",,,                                                                                                                                                                                                                                                                                                                                                                                                                                                                                                                                                                                                                                                                                                                                                                                                                                                                                                                                 
SE8450022390,549300E63ICO5PHU7J64,"L H NAVY AB:S SÄRSKILDA PENSIONSSTIFTELSE",,"Gråsparvsvägen 192, 227 3, Lund",,,                                                                                                                                                                                                                                                                                                                                                                                                                                                                                                                                                                                                                                                                                                                                                                                                                                                                                                                     
SE8551008744,5299007GWXI14FMTMH41,"LA COLLE BERGLUND AB:S PENSIONSSTIFTELSE",,"Carl Grimbergsgatan 20, 411 2, Göteborg",,,                                                                                                                                                                                                                                                                                                                                                                                                                                                                                                                                                                                                                                                                                                                                                                                                                                                                                                              
SE8492023828,,"LACHRI AB:S PENSIONSSTIFTELSE",,"Box 5390, 402 2, Göteborg",,,                                                                                                                                                                                                                                                                                                                                                                                                                                                                                                                                                                                                                                                                                                                                                                                                                                                                                                                                                           
SE8480009953,,"LAKA NILSSON HOLDING AB:S SÄRSKILDA PENSIONSSTIFTELSE",,"Östra Vemmenhögsvägen 8, 274 9, Skurup",,,                                                                                                                                                                                                                                                                                                                                                                                                                                                                                                                                                                                                                                                                                                                                                                                                                                                                                                                      
SE8024258819,,"LÅNGHULTS MARKTJÄNST AB:S PENSIONSSTIFTELSE",,"Box 5390, 402 2, Göteborg",,,                                                                                                                                                                                                                                                                                                                                                                                                                                                                                                                                                                                                                                                                                                                                                                                                                                                                                                                                             
SE8585008983,549300MJGIP7J4JX5K76,"LÄNS-HSO I GBGS O BOHUS LÄN,UNDERSTÖDSSTIFTELSE",,"Persgärde 45, 437 3, Lindome",,,                                                                                                                                                                                                                                                                                                                                                                                                                                                                                                                                                                                                                                                                                                                                                                                                                                                                                                                  
SE5164018219,549300M8P0LTMZZSMQ10,"Länsförsäkringar Fondliv Försäkringsaktiebolag (publ)",,"Tegeluddsvägen 11-13, 115 4, STOCKHOLM",,,                                                                                                                                                                                                                                                                                                                                                                                                                                                                                                                                                                                                                                                                                                                                                                                                                                                                                                  
SE5164016627,5493000M8THYN8D5I395,"Länsförsäkringar Liv Försäkringsaktiebolag (publ)",,"Tegeluddsvägen 11-13, 115 4, STOCKHOLM",,,                                                                                                                                                                                                                                                                                                                                                                                                                                                                                                                                                                                                                                                                                                                                                                                                                                                                                                      
SE8024773700,549300R6QGA1B672D669,"Lantmännens Gemensamma Pensionsstiftelse Grodden",,"Box 3, Box 30192, 104 2, Stockholm",,,                                                                                                                                                                                                                                                                                                                                                                                                                                                                                                                                                                                                                                                                                                                                                                                                                                                                                                           
SE8970012277,,"LANTMÄTARNAS I NORRBOTTENS LÄN PENSIONSFÖRENING",,"Västbacken 5, 975 9, Luleå",,,                                                                                                                                                                                                                                                                                                                                                                                                                                                                                                                                                                                                                                                                                                                                                                                                                                                                                                                                        
SE8340020703,9845005N6B5723D72389,"LARIKU AB:S PENSIONSSTIFTELSE",,"Björngränd 21, 621 5, Visby",,,                                                                                                                                                                                                                                                                                                                                                                                                                                                                                                                                                                                                                                                                                                                                                                                                                                                                                                                                     
SE8024249834,549300XUT2SJLWM2S781,"LARS ERIC GUSTAFSSON ADV.BYRÅ AB:S SÄRSKILDA PENSIONSSTIFTELSE",,"Box 5116, 102 4, Stockholm",,,                                                                                                                                                                                                                                                                                                                                                                                                                                                                                                                                                                                                                                                                                                                                                                                                                                                                                                     
SE8460038311,549300COBR5NDZQ5MK75,"LARS JÖNSSON REVISIONSBYRÅ AB:S SÄRSKILDA PENSIONSSTIFTELSE",,"Flygarevägen 9, 236 3, Höllviken",,,                                                                                                                                                                                                                                                                                                                                                                                                                                                                                                                                                                                                                                                                                                                                                                                                                                                                                                  
SE8572059288,,"LARS-ERIK ENANDER AKTIEBOLAGS PENSIONSSTIFTELSE",,"Benjamins Väg 2, 433 3, Partille",,,                                                                                                                                                                                                                                                                                                                                                                                                                                                                                                                                                                                                                                                                                                                                                                                                                                                                                                                                  
SE8551002390,5493003DR1HH0II4JJ82,"LASSE KRANTZ RURAL DEVELOP. CONS. AB PENS.STIFTE",,"Box 319, 442 1, Kungälv",,,                                                                                                                                                                                                                                                                                                                                                                                                                                                                                                                                                                                                                                                                                                                                                                                                                                                                                                                      
SE8450013928,549300HTFQQ1TB6C6P84,"LASSES KONSULT AB:S SÄRSKILDA PENSIONSSTIFTELSE",,"Ouvertyrvägen 4, 245 4, Staffanstorp",,,                                                                                                                                                                                                                                                                                                                                                                                                                                                                                                                                                                                                                                                                                                                                                                                                                                                                                                          
SE8144008953,,"LÄTTMETALLVERKET I NORRTÄLJE PENSIONSSTIFTELSE",,"Baldersg 20, 761 5, Norrtälje",,,                                                                                                                                                                                                                                                                                                                                                                                                                                                                                                                                                                                                                                                                                                                                                                                                                                                                                                                                      
SE8024255229,549300DE8KM4BQB3J325,"LAVA INT. AB:S SÄRSKILDA PENSIONSSTIFTELSE",,"Constantiavägen 5, 181 3, Lidingö",,,                                                                                                                                                                                                                                                                                                                                                                                                                                                                                                                                                                                                                                                                                                                                                                                                                                                                                                                  
SE8572037284,549300H17YGYJJT18U31,"LAXBÄCKEN TRADING AB:S PENSIONSSTIFTELSE",,"Box 19077, 400 1, Göteborg",,,                                                                                                                                                                                                                                                                                                                                                                                                                                                                                                                                                                                                                                                                                                                                                                                                                                                                                                                           
SE8024250832,5493003BB15HKHWB6618,"LBJ PLASTPRODUKTION AB:S PENSIONS STIFTELSE",,"Box 319, 442 1, Kungälv",,,                                                                                                                                                                                                                                                                                                                                                                                                                                                                                                                                                                                                                                                                                                                                                                                                                                                                                                                           
SE8575014785,549300E1M5JVOTK3CK83,"LEGUBO REVISION AB:S PENSIONSSTIFTELSE",,"Box 5390, 402 2, Göteborg",,,                                                                                                                                                                                                                                                                                                                                                                                                                                                                                                                                                                                                                                                                                                                                                                                                                                                                                                                              
SE8024251533,,"LEKHUSET AB SÄRSKILDA PENSIONSSTIFTELSE",,"Järngatan 21, 602 2, Norrköping",,,                                                                                                                                                                                                                                                                                                                                                                                                                                                                                                                                                                                                                                                                                                                                                                                                                                                                                                                                           
SE8572098997,5493002WFQBVPYE8HQ04,"LENNART PETERSSON HOLDING AB:S PENSIONSSTIFT",,"Södra Gubberogatan 20, 416 6, Göteborg",,,                                                                                                                                                                                                                                                                                                                                                                                                                                                                                                                                                                                                                                                                                                                                                                                                                                                                                                           
SE8470006027,549300TLDG0JCHF1R331,"LETS WEAR AB:S SÄRSKILDA PENSIONSSTIFTELSE",,"Box 76, 235 2, Vellinge",,,                                                                                                                                                                                                                                                                                                                                                                                                                                                                                                                                                                                                                                                                                                                                                                                                                                                                                                                            
SE8136004218,549300VU11OFQ4TSJD49,"LIDINGÖ TRÄDGÅRDSCENTER AB:S PENSIONSSTIFTELSE",,"Förrådsv 11, 181 4, Lidingö",,,                                                                                                                                                                                                                                                                                                                                                                                                                                                                                                                                                                                                                                                                                                                                                                                                                                                                                                                    
SE8450008688,54930053FEM5ZPMG8E61,"LILIUS DATASERVICE AB SÄRSK PENSIONSSTIFTELSE",,"Hästskovägen 1, 254 8, Helsingborg",,,                                                                                                                                                                                                                                                                                                                                                                                                                                                                                                                                                                                                                                                                                                                                                                                                                                                                                                              
SE8572052788,5493008KIFJMLDEPQG29,"LILJEGRENS REVISIONSBYRÅ AB:S SÄRSK PENS STIFT",,"Vasagatan 43, 411 3, Göteborg",,,                                                                                                                                                                                                                                                                                                                                                                                                                                                                                                                                                                                                                                                                                                                                                                                                                                                                                                                  
SE8572048927,549300UG7VTSLJ0ES596,"LIMAK AB:S PENSIONSSTIFTELSE",,"Box 319, 442 1, Kungälv",,,                                                                                                                                                                                                                                                                                                                                                                                                                                                                                                                                                                                                                                                                                                                                                                                                                                                                                                                                          
SE8655009333,,"LIMMAREDS RÖR AB:S SÄRSK. PENSI.STIFTELSE",,"Box 5390, 402 2, Göteborg",,,                                                                                                                                                                                                                                                                                                                                                                                                                                                                                                                                                                                                                                                                                                                                                                                                                                                                                                                                               
SE8185011056,,"LINDEROTHS TRYCKERI V-ÅKER ABS PENSIONSSTIFTELSE",,"Box 5390, 402 2, Göteborg",,,                                                                                                                                                                                                                                                                                                                                                                                                                                                                                                                                                                                                                                                                                                                                                                                                                                                                                                                                        
SE8480010548,5493006R8X5MYPFX8E72,"LINDHAGA FREDRIKSBERG FÖRV AB:S SÄRSKILDA PENSIONSSTIFTELSE",,"Östra Sandskogsvägen 69-14, 271 7, Köpingebro",,,                                                                                                                                                                                                                                                                                                                                                                                                                                                                                                                                                                                                                                                                                                                                                                                                                                                                                     
SE8645017255,894500I0J1AGYOSEXB92,"LINUS OCH LOTTA INVEST AB:S SÄRSKILDA PENSIONSSTIFTELSE",,"Stickargatan 4, 507 3, Brämhult",,,                                                                                                                                                                                                                                                                                                                                                                                                                                                                                                                                                                                                                                                                                                                                                                                                                                                                                                       
SE8024241369,549300RIUXMGUPBD2S10,"LIRI AB:S PENSIONSSTIFTELSE",,"Box 319, 442 1, Kungälv",,,                                                                                                                                                                                                                                                                                                                                                                                                                                                                                                                                                                                                                                                                                                                                                                                                                                                                                                                                           
SE5164060948,5493002XO4O96E9XFC76,"Livförsäkringsbolaget Skandia, ömsesidigt",,"Lindhagensgatan 86, 112 1, STOCKHOLM",,,                                                                                                                                                                                                                                                                                                                                                                                                                                                                                                                                                                                                                                                                                                                                                                                                                                                                                                                
SE8494004180,549300BSOMQECJP77506,"LIVGRO AB SÄRSK. PENSIONSSTIFTELSE",,"Box 5390, 402 2, Göteborg",,,                                                                                                                                                                                                                                                                                                                                                                                                                                                                                                                                                                                                                                                                                                                                                                                                                                                                                                                                  
SE8024780424,549300UDDIJ0G27S8Y84,"LKAB koncernens gemensamma pensionsstiftelse",,"Box 5, Box 5147, 402 2, Göteborg",,,                                                                                                                                                                                                                                                                                                                                                                                                                                                                                                                                                                                                                                                                                                                                                                                                                                                                                                                 
SE8024261680,8945004YWWEBTMYTTF93,"LÖFSTRÖM ARKITEKTKONTOR AB:S SÄRSKILDA PENSIONSSTIFTELSE",,"Renstiernas Gata 12, 116 2, Stockholm",,,                                                                                                                                                                                                                                                                                                                                                                                                                                                                                                                                                                                                                                                                                                                                                                                                                                                                                                
SE8024254990,5493001FRD7X9K5Y2V27,"LOKRIMA AB PENSIONSSTIFTELSE",,"Lockebo Gård 3, 556 1, Jönköping",,,                                                                                                                                                                                                                                                                                                                                                                                                                                                                                                                                                                                                                                                                                                                                                                                                                                                                                                                                 
SE8465018516,636700DZ8H5LGW74ST68,"LSJ FÖRVALNING AB:S SÄRSKILDA PENSIONSSTIFTELSE",,"Gottåkravägen 28, 236 4, Höllviken",,,                                                                                                                                                                                                                                                                                                                                                                                                                                                                                                                                                                                                                                                                                                                                                                                                                                                                                                            
SE8024046198,,"LUKI AB:S SÄRSKILDA PENSIONSSTIFTELSE",,"Box 3276, 103 6, Stockholm",,,                                                                                                                                                                                                                                                                                                                                                                                                                                                                                                                                                                                                                                                                                                                                                                                                                                                                                                                                                  
SE8896010785,549300KQL2J0EGX3DN45,"LUNDGRENS HUSHÅLLSMASKINER AB PENSIONSSTIFTELSE",,"Box 4068, 891 0, Örnsköldsvik",,,                                                                                                                                                                                                                                                                                                                                                                                                                                                                                                                                                                                                                                                                                                                                                                                                                                                                                                                 
SE8620006547,,"LUSTHUSET AB:S SÄRSK PENSIONSSTIFTELSE",,"Box 5390, 402 2, Göteborg",,,                                                                                                                                                                                                                                                                                                                                                                                                                                                                                                                                                                                                                                                                                                                                                                                                                                                                                                                                                  
SE8024097480,5493005JMH2FDU5ZB208,"LW PENSIONSSTIFTELSE",,"Box 5147, 402 2, Göteborg",,,                                                                                                                                                                                                                                                                                                                                                                                                                                                                                                                                                                                                                                                                                                                                                                                                                                                                                                                                                
SE8024782586,,"M&M PROJEKTUTVECKLING AB:S SÄRSKILDA PENSIONSSTIFTELSE",,"Norrtullsgatan 11, 113 2, Stockholm",,,                                                                                                                                                                                                                                                                                                                                                                                                                                                                                                                                                                                                                                                                                                                                                                                                                                                                                                                        
SE8024076088,549300YKEN06KX8L2192,"MACGREGOR SWE AB:S PENSIONSSTIFTELSE NR 1",,"Box 5147, 402 2, Göteborg",,,                                                                                                                                                                                                                                                                                                                                                                                                                                                                                                                                                                                                                                                                                                                                                                                                                                                                                                                           
SE8024076096,549300OE78C16C5H8Z87,"MACGREGOR SWE AB:S PENSIONSSTIFTELSE NR 2",,"Box 5147, 402 2, Göteborg",,,                                                                                                                                                                                                                                                                                                                                                                                                                                                                                                                                                                                                                                                                                                                                                                                                                                                                                                                           
SE8024247978,549300CQM6SPG8TIBP56,"MAGLIN INDUSTRIE AB:S PENSIONSSTIFTELSE",,"Box 5390, 402 2, Göteborg",,,                                                                                                                                                                                                                                                                                                                                                                                                                                                                                                                                                                                                                                                                                                                                                                                                                                                                                                                             
SE8020113851,549300478EM85LZL0F02,"MAJABE KONSULT AB:S SÄRSKILDA PENSSIONSTIFTELSE",,"Värtavägen 15, 183 6, Täby",,,                                                                                                                                                                                                                                                                                                                                                                                                                                                                                                                                                                                                                                                                                                                                                                                                                                                                                                                    
SE8572061193,,"MÄKLARFÖRETAGET BENGT JANSON & SON AB:S PENSIONSSTIFTELSE",,"Box 319, 442 1, Kungälv",,,                                                                                                                                                                                                                                                                                                                                                                                                                                                                                                                                                                                                                                                                                                                                                                                                                                                                                                                                 
SE8020084110,549300NGXDGVPAGPVW55,"MALAM KONSULT AB:S PENSIONSSTIFTELSE",,"Box 319, 442 1, Kungälv",,,                                                                                                                                                                                                                                                                                                                                                                                                                                                                                                                                                                                                                                                                                                                                                                                                                                                                                                                                  
SE8460036620,5493001LCAO7DWOCOQ62,"MALMÖ FF:S  PENSIONSSTIFTELSE",,"Box 5390, 402 2, Göteborg",,,                                                                                                                                                                                                                                                                                                                                                                                                                                                                                                                                                                                                                                                                                                                                                                                                                                                                                                                                       
SE8024814843,549300A3Z3AUZVFH3W79,"MALU TEKNIK AB:SÄRSKILDA PENSIONSSTIFTELSE",,"Terminsvägen 22, 224 6, Lund",,,                                                                                                                                                                                                                                                                                                                                                                                                                                                                                                                                                                                                                                                                                                                                                                                                                                                                                                                       
SE8148011441,,"MÄRSTA TAXAMETERSERVICE AB:S PENSIONSSTIFTELSE",,"Spakbacken 23, 741 9, Knivsta",,,                                                                                                                                                                                                                                                                                                                                                                                                                                                                                                                                                                                                                                                                                                                                                                                                                                                                                                                                      
SE8430006646,,"MASKINBEFÄLSSÄLLSKAPETS I HBG UNDERSTÖDSSTIFT",,"Eleshultsvägen 11, 263 7, Nyhamnsläge",,,                                                                                                                                                                                                                                                                                                                                                                                                                                                                                                                                                                                                                                                                                                                                                                                                                                                                                                                               
SE8024798434,,"MAZTON HIGHLAND AB:S PENSIONSSTIFTELSE",,"Box 5390, 402 2, Göteborg",,,                                                                                                                                                                                                                                                                                                                                                                                                                                                                                                                                                                                                                                                                                                                                                                                                                                                                                                                                                  
SE8533008044,636700HSL2ETB0QC6O31,"MCV AGENTURER AB:S PENSIONSSTIFTELSE",,"Box 5390, 402 2, Göteborg",,,                                                                                                                                                                                                                                                                                                                                                                                                                                                                                                                                                                                                                                                                                                                                                                                                                                                                                                                                
SE8020180272,,"MEDSTRÖMS AB:S PENSIONSSTIFTELSE NR 2",,"Box 5390, 402 2, Göteborg",,,                                                                                                                                                                                                                                                                                                                                                                                                                                                                                                                                                                                                                                                                                                                                                                                                                                                                                                                                                   
SE8640010685,,"MEE TRADING AB:S PENSIONSSTIFTELSE",,"Box 5390, 402 2, Göteborg",,,                                                                                                                                                                                                                                                                                                                                                                                                                                                                                                                                                                                                                                                                                                                                                                                                                                                                                                                                                      
SE8024261003,549300LCN02ROZW5IK82,"Mellersta Norrlands Pensionsstiftelse",,"Härnösands Kommun, 871 8, Härnösand",,,                                                                                                                                                                                                                                                                                                                                                                                                                                                                                                                                                                                                                                                                                                                                                                                                                                                                                                                     
SE8020176205,549300E3HLKUYCWHSK69,"MICHAEL MILD CONSULTING AB:S PENSIONSSTIFTELSE",,"Box 5390, 402 2, Göteborg",,,                                                                                                                                                                                                                                                                                                                                                                                                                                                                                                                                                                                                                                                                                                                                                                                                                                                                                                                      
SE8020167337,549300WLOZ4PWJT6DL77,"MIJESI AB:S PENSIONSSTIFTELSE",,"Ekevägen 13, 462 5, Vänersborg",,,                                                                                                                                                                                                                                                                                                                                                                                                                                                                                                                                                                                                                                                                                                                                                                                                                                                                                                                                  
SE8024776000,,"MILLIMUL AB:S PENSIONSSTIFTELSE",,"Box 319, 442 1, Kungälv",,,                                                                                                                                                                                                                                                                                                                                                                                                                                                                                                                                                                                                                                                                                                                                                                                                                                                                                                                                                           
SE8465020967,549300C86SGMSRL8UK19,"MKB:S PREMIEPENSIONSSTIFTELSE",,"Box 5147, 402 2, Göteborg",,,                                                                                                                                                                                                                                                                                                                                                                                                                                                                                                                                                                                                                                                                                                                                                                                                                                                                                                                                       
SE8496005599,,"MM ESON PAC AB:S SÄRSKILDA PENSIONSSTIFTELSE",,"Box 5390, 402 2, Göteborg",,,                                                                                                                                                                                                                                                                                                                                                                                                                                                                                                                                                                                                                                                                                                                                                                                                                                                                                                                                            
SE8635007282,636700DPEWN3EL1MW124,"MM MEKANISKA AB:S PENSIONSSTIFTELSE",,"Ostindiefararen 67, 417 6, Göteborg",,,                                                                                                                                                                                                                                                                                                                                                                                                                                                                                                                                                                                                                                                                                                                                                                                                                                                                                                                       
SE8896009704,,"MODO HOCKEY PENSIONSSTIFTELSE",,"Box 5390, 402 2, Göteborg",,,                                                                                                                                                                                                                                                                                                                                                                                                                                                                                                                                                                                                                                                                                                                                                                                                                                                                                                                                                           
SE8024246327,549300X7CRBO0RX8RX02,"MONÉR GEMENSAM PENSIONSSTIFTELSE",,"Box 409, 182 3, Danderyd",,,                                                                                                                                                                                                                                                                                                                                                                                                                                                                                                                                                                                                                                                                                                                                                                                                                                                                                                                                     
SE8635004677,549300WX4VEE6KMK6R87,"MONTANO FASTIGHETER AB:S PENSIONSSTIFTELSE",,"Box 5390, 402 2, Göteborg",,,                                                                                                                                                                                                                                                                                                                                                                                                                                                                                                                                                                                                                                                                                                                                                                                                                                                                                                                          
SE5164016718,549300L3SKPPLGYVSI02,"Movestic Livförsäkring AB",,"Tegnérgatan 2, 113 5, STOCKHOLM",,,                                                                                                                                                                                                                                                                                                                                                                                                                                                                                                                                                                                                                                                                                                                                                                                                                                                                                                                                     
SE8465022690,5493005C1J555BN3MT42,"MPC HELSINGBORG AB:S SÄRSKILDA PENSIONSSTIFTELSE",,"Karl X Gustavs Gata 53, 254 4, Helsingborg",,,                                                                                                                                                                                                                                                                                                                                                                                                                                                                                                                                                                                                                                                                                                                                                                                                                                                                                                   
SE8024808647,636700C36LDM5T3ZCP57,"MUSIC IS GOOD FOR YOU AB SÄRSKILDA PENSIONSSTIFTELSE",,"Box 271, 581 0, Linköping",,,                                                                                                                                                                                                                                                                                                                                                                                                                                                                                                                                                                                                                                                                                                                                                                                                                                                                                                                
SE8024071204,549300E26T0KW3DCW481,"MW PENSIONSSTIFT. FÖR STEN WESTERBERG",,"Box 5390, 402 2, Göteborg",,,                                                                                                                                                                                                                                                                                                                                                                                                                                                                                                                                                                                                                                                                                                                                                                                                                                                                                                                               
SE8024088000,549300CFOQRAS7JI0160,"MW-P SÄRSKILDA PENSIONSSTIFTELSE",,"Box 5147, 402 2, Göteborg",,,                                                                                                                                                                                                                                                                                                                                                                                                                                                                                                                                                                                                                                                                                                                                                                                                                                                                                                                                    
SE8450013779,,"NAVKAPSELN INVEST AB:S STORA PENSIONSSTIFTELSE",,"Bredåker 56, 829 5, Bergsjö",,,                                                                                                                                                                                                                                                                                                                                                                                                                                                                                                                                                                                                                                                                                                                                                                                                                                                                                                                                        
SE8020115567,,"NAVKAPSELN INVESTS PENSIONSSTIFTELSE II",,"Smedjevägen 1, 167 3, Bromma",,,                                                                                                                                                                                                                                                                                                                                                                                                                                                                                                                                                                                                                                                                                                                                                                                                                                                                                                                                              
SE8024129887,213800HJARWOHPWQKD64,"NCC-koncernens Pensionsstiftelse",,"c/o NCC AB, 170 8, Solna",,,                                                                                                                                                                                                                                                                                                                                                                                                                                                                                                                                                                                                                                                                                                                                                                                                                                                                                                                                     
SE8024254875,5493008NJOMWBLX1UA74,"NEVISS PENSIONSSTIFTELSE",,"Box 5390, 402 2, Göteborg",,,                                                                                                                                                                                                                                                                                                                                                                                                                                                                                                                                                                                                                                                                                                                                                                                                                                                                                                                                            
SE8124009492,,"NIBEMA AB:S SÄRSKILDA PENSIONSSTIFTELSE",,"Box 5390, 402 2, Göteborg",,,                                                                                                                                                                                                                                                                                                                                                                                                                                                                                                                                                                                                                                                                                                                                                                                                                                                                                                                                                 
SE8136004341,549300T8A7WRL82QTZ71,"NILS BENGTSSON BYGGNADS AB:S SÄRSK PENSSTIFT",,"Herrgårdsvägen 18, 135 5, Tyresö",,,                                                                                                                                                                                                                                                                                                                                                                                                                                                                                                                                                                                                                                                                                                                                                                                                                                                                                                                 
SE8024249420,,"NOLAB I LYSEKIL AB:S PENSIONSSTIFTELSE NR 1",,"Box 5390, 402 2, Göteborg",,,                                                                                                                                                                                                                                                                                                                                                                                                                                                                                                                                                                                                                                                                                                                                                                                                                                                                                                                                             
SE8024249438,,"NOLAB I LYSEKIL AB:S PENSIONSSTIFTELSE NR 2",,"Box 5390, 402 2, Göteborg",,,                                                                                                                                                                                                                                                                                                                                                                                                                                                                                                                                                                                                                                                                                                                                                                                                                                                                                                                                             
SE8892016554,,"NORBÄCKS PENSIONSSTIFTELSE",,"Uslandsvägen 56, 860 1, Stöde",,,                                                                                                                                                                                                                                                                                                                                                                                                                                                                                                                                                                                                                                                                                                                                                                                                                                                                                                                                                          
SE8295029501,,"NORBERGS,HJELMGRENS O E.NILSSONS UNDERH.STIFT.",,"Box 307, 351 0, Växjö",,,                                                                                                                                                                                                                                                                                                                                                                                                                                                                                                                                                                                                                                                                                                                                                                                                                                                                                                                                              
SE8020002765,54930022SYIK1N0I6B07,"Nordea Bank Sveriges Pensionsstiftelse",,"M514, 105 7, Stockholm",,,                                                                                                                                                                                                                                                                                                                                                                                                                                                                                                                                                                                                                                                                                                                                                                                                                                                                                                                                 
SE5164060286,549300IPHZPJ0WRTP061,"Nordnet Pensionsförsäkring AB",,"Alströmergatan 39, 112 4, Stockholm",,,                                                                                                                                                                                                                                                                                                                                                                                                                                                                                                                                                                                                                                                                                                                                                                                                                                                                                                                             
SE8250012708,,"Norrköpings Stuveri AB:s Pensionsstiftelse för anställda",,"Box 6, Box 6075, 600 0, Norrköping",,,                                                                                                                                                                                                                                                                                                                                                                                                                                                                                                                                                                                                                                                                                                                                                                                                                                                                                                                       
SE8940038840,5493004UU8ND1WKERN89,"Norrmejeriers Pensionsstiftelse",,"Mariehemsvägen 210, 906 5, Umeå",,,                                                                                                                                                                                                                                                                                                                                                                                                                                                                                                                                                                                                                                                                                                                                                                                                                                                                                                                               
SE8460053476,89450056RHJ1HI6FM205,"NORTEK-LAB.AB.S SÄRSKILDA PENSIONSSTIFTELSE",,"Fridhemsvägen 27, 217 7, Malmö",,,                                                                                                                                                                                                                                                                                                                                                                                                                                                                                                                                                                                                                                                                                                                                                                                                                                                                                                                    
SE8533007723,549300OD97H83G3GM379,"NORTHLY AB:S PENSIONSSTIFTELSE",,"Box 5390, 402 2, Göteborg",,,                                                                                                                                                                                                                                                                                                                                                                                                                                                                                                                                                                                                                                                                                                                                                                                                                                                                                                                                      
SE8024243951,,"NSM PENSIONSSTIFTELSE",,"Stärbsnäs 11, 764 5, Björkö",,,                                                                                                                                                                                                                                                                                                                                                                                                                                                                                                                                                                                                                                                                                                                                                                                                                                                                                                                                                                 
SE8024245162,5493000U88QNNE259626,"NXTLEVEL CONSULTING AB:S PENSIONSSTIFTELSE",,"Box 5390, 402 2, Göteborg",,,                                                                                                                                                                                                                                                                                                                                                                                                                                                                                                                                                                                                                                                                                                                                                                                                                                                                                                                          
SE8024248570,,"Nytida Solhagagruppen AB Gemensamma Pensionsstiftelse",,"Box 5, Box 5147, 402 2, Göteborg",,,                                                                                                                                                                                                                                                                                                                                                                                                                                                                                                                                                                                                                                                                                                                                                                                                                                                                                                                            
SE8190006638,9845007879A49463EB96,"ODD FELLOWS UNDERSTÖDSF GLEIPNER",,"Jäder 2, 611 9, Jönåker",,,                                                                                                                                                                                                                                                                                                                                                                                                                                                                                                                                                                                                                                                                                                                                                                                                                                                                                                                                      
SE8024081773,549300OSEKA3WT2MKZ15,"ODENRESOR AB:S PENSIONSSTIFTELSE",,"Langenskiöldsväg 3, 182 6, Djursholm",,,                                                                                                                                                                                                                                                                                                                                                                                                                                                                                                                                                                                                                                                                                                                                                                                                                                                                                                                         
SE8024247150,,"OHLSSONS RÖR I LJUNGBY AB:S SÄRSKILDA PENSIONSSTIFTELSE",,"Lingonstigen 4, 341 3, Ljungby",,,                                                                                                                                                                                                                                                                                                                                                                                                                                                                                                                                                                                                                                                                                                                                                                                                                                                                                                                            
SE8024103726,,"OINA V V AB:S PENSIONSTIFSSTELSE",,"Södra Stäkholmsvägen 8, 139 9, Värmdö",,,                                                                                                                                                                                                                                                                                                                                                                                                                                                                                                                                                                                                                                                                                                                                                                                                                                                                                                                                            
SE8645017354,549300S26R8U1SFGAS85,"OMELO FASTIGHETS AB PENSIONSSTIFTELSE",,"Skolvägen 22, 518 3, Sandared",,,                                                                                                                                                                                                                                                                                                                                                                                                                                                                                                                                                                                                                                                                                                                                                                                                                                                                                                                           
SE8470009336,549300NY0S4OSY5BLP51,"ONEXENO AB:S SÄRSKILDA PENSIONSSTIFTELSE",,"Skrattmåsvägen 2, 239 4, Falsterbo",,,                                                                                                                                                                                                                                                                                                                                                                                                                                                                                                                                                                                                                                                                                                                                                                                                                                                                                                                   
SE8020102292,549300YY1Z7M1L6NFW06,"OSBORNE JOHNSONS REV.BYRÅ AB:S SÄRSK PENSSTIFT",,"Box 1306, 111 8, Stockholm",,,                                                                                                                                                                                                                                                                                                                                                                                                                                                                                                                                                                                                                                                                                                                                                                                                                                                                                                                     
SE8785004691,,"OSCARSSONS RADIO & TV AB:S SÄRSK PENSIONSSTIFT",,"Box 5390, 402 2, Göteborg",,,                                                                                                                                                                                                                                                                                                                                                                                                                                                                                                                                                                                                                                                                                                                                                                                                                                                                                                                                          
SE8551008843,5493003OSNVZIZPPU504,"OSCON AB:S PENSIONSSTIFTELSE",,"Box 319, 442 1, Kungälv",,,                                                                                                                                                                                                                                                                                                                                                                                                                                                                                                                                                                                                                                                                                                                                                                                                                                                                                                                                          
SE8020118223,549300PZ8ZFWU30CBC72,"OSSERS REVISONSBYRÅ AB:S PENSIONSSTIFTELSE",,"Starrängsringen 31, 115 5, Stockholm",,,                                                                                                                                                                                                                                                                                                                                                                                                                                                                                                                                                                                                                                                                                                                                                                                                                                                                                                               
SE8173010094,,"ÖSTERBYBRUKS BIL AB:S PENSIONSSTIFTELSE",,"Dannemorav 50, 740 6, Österbybruk",,,                                                                                                                                                                                                                                                                                                                                                                                                                                                                                                                                                                                                                                                                                                                                                                                                                                                                                                                                         
SE8020076652,,"OTTO ELMGRENS AB:S PENSIONSSTIFTELSE",,"Box 2128, 103 1, Stockholm",,,                                                                                                                                                                                                                                                                                                                                                                                                                                                                                                                                                                                                                                                                                                                                                                                                                                                                                                                                                   
SE8024243647,549300QKW36I1QQUSU90,"OVERDRIVE I SVERIGE AB PENSIONSSTIFTELSE FÖR G TJERNBERG",,"Spikgatan 2, 235 3, Vellinge",,,                                                                                                                                                                                                                                                                                                                                                                                                                                                                                                                                                                                                                                                                                                                                                                                                                                                                                                         
SE8024263033,,"OVK ENERGI I SALA AB:S PENSIONSSTIFTELSE",,"Box 5390, 402 2, Göteborg",,,                                                                                                                                                                                                                                                                                                                                                                                                                                                                                                                                                                                                                                                                                                                                                                                                                                                                                                                                                
SE8533008101,,"P A BERNTSSON ENTREPRENAD AB PENSIONSSTIFTELSE",,"Box 5390, 402 2, Göteborg",,,                                                                                                                                                                                                                                                                                                                                                                                                                                                                                                                                                                                                                                                                                                                                                                                                                                                                                                                                          
SE8572052036,549300MKZADZA7EH4491,"P-O MANAGEMENT AB:S PENSIONSSTIFTELSE",,"Box 5390, 402 2, Göteborg",,,                                                                                                                                                                                                                                                                                                                                                                                                                                                                                                                                                                                                                                                                                                                                                                                                                                                                                                                               
SE8450032357,,"PA-KONSULT BERTIL RASMUSSON AB:S SÄRSK. PENSIONS",,"Kärnmakaregatan 5, 281 5, Hässleholm",,,                                                                                                                                                                                                                                                                                                                                                                                                                                                                                                                                                                                                                                                                                                                                                                                                                                                                                                                             
SE8024248828,,"PALMDAHL GEMENSAMMA SÄRSKILDA PENSIONSSTIFTELSE",,"Box 6282, 102 3, Stockholm",,,                                                                                                                                                                                                                                                                                                                                                                                                                                                                                                                                                                                                                                                                                                                                                                                                                                                                                                                                        
SE8024246293,549300S8SSNP60HFHU38,"PARASYS SÄRSKILDA PENSIONSSTIFTELSE",,"Box 16115, 103 2, Stockholm",,,                                                                                                                                                                                                                                                                                                                                                                                                                                                                                                                                                                                                                                                                                                                                                                                                                                                                                                                               
SE8024266234,549300XO4IB6AASH6S52,"PARASYS SÄRSKILDA PENSIONSSTIFTELSE FÖR STEPHANIE ERIKSSON",,"Box 16115, 103 2, Stockholm",,,                                                                                                                                                                                                                                                                                                                                                                                                                                                                                                                                                                                                                                                                                                                                                                                                                                                                                                        
SE8684014031,549300NRDYF16SRG3R58,"Parker Hannifin ABs Pensionsstiftelse för tjänstemän",,"Parker Hannifin AB, 501 7, Borås",,,                                                                                                                                                                                                                                                                                                                                                                                                                                                                                                                                                                                                                                                                                                                                                                                                                                                                                                         
SE8020112408,549300SYXH7MEB0Y1G30,"PARSELLS REVISIONSBYRÅ AB:S SÄRSK PENS.STIFT",,"Box 26122, 100 4, Stockholm",,,                                                                                                                                                                                                                                                                                                                                                                                                                                                                                                                                                                                                                                                                                                                                                                                                                                                                                                                      
SE8024774740,549300N3LYMIXU0QK648,"PDS PENSIONSSTIFTELSE",,"Sturegatan 6, 114 3, Stockholm",,,                                                                                                                                                                                                                                                                                                                                                                                                                                                                                                                                                                                                                                                                                                                                                                                                                                                                                                                                          
SE8024241799,549300TO4HX9PF0M1N42,"PELARO BILLEASING AB PENSIONSSTIFTELSE",,"Göteborgsvägen 12, 441 3, Alingsås",,,                                                                                                                                                                                                                                                                                                                                                                                                                                                                                                                                                                                                                                                                                                                                                                                                                                                                                                                     
SE8020055565,549300UITO5PJTIL8V65,"Pensionskassan SHB Tjänstepensionsförening",,"Svenska Handelsbanken Cop, 106 7, Stockholm",,,                                                                                                                                                                                                                                                                                                                                                                                                                                                                                                                                                                                                                                                                                                                                                                                                                                                                                                        
SE8024257365,,"PENSIONSNAVIGERING MARIESTAD AB:S PENSIONSSTIFTELSE",,"Box 5390, 402 2, Göteborg",,,                                                                                                                                                                                                                                                                                                                                                                                                                                                                                                                                                                                                                                                                                                                                                                                                                                                                                                                                     
SE8260004406,549300XCL8BFC5ATVA39,"Pensionsstiftelse för Svenska Alliansmissionens anställda",,"Västra Storgatan 14, 553 1, Jönköping",,,                                                                                                                                                                                                                                                                                                                                                                                                                                                                                                                                                                                                                                                                                                                                                                                                                                                                                               
SE8020175546,549300KNJK6URJK8FI50,"PENSIONSSTIFTELSE GREVELIUS & KULLVING",,"Kustgatan 30, 252 7, Råå",,,                                                                                                                                                                                                                                                                                                                                                                                                                                                                                                                                                                                                                                                                                                                                                                                                                                                                                                                               
SE8024246343,2549006Z1EKXRQ1IP240,"PENSIONSSTIFTELSEN BISAM",,"Bisamgatan 11, 426 7, Västra Frölunda",,,                                                                                                                                                                                                                                                                                                                                                                                                                                                                                                                                                                                                                                                                                                                                                                                                                                                                                                                                
SE8892002760,549300HBFS15FM78F673,"Pensionsstiftelsen för tjänstemän och arbetsledare vid (SCA) Svenska Cellulosa Aktiebolag",,"Storgatan 22, 852 3, Sundsvall",,,                                                                                                                                                                                                                                                                                                                                                                                                                                                                                                                                                                                                                                                                                                                                                                                                                                                                      
SE8024073960,549300Z9RTPNW7DINM63,"Pensionsstiftelsen för tjänstemän och arbetsledare vid Svenska Cellulosa Aktiebolaget SCA (nr 2)",,"Storgatan 22, 852 3, Sundsvall",,,                                                                                                                                                                                                                                                                                                                                                                                                                                                                                                                                                                                                                                                                                                                                                                                                                                                               
SE8024247903,549300YMYI1P1X82KF83,"PENSIONSSTIFTELSEN FORSSELL ADVISORY AB",,"Torebo Herrgård 546, 474 9, Ellös",,,                                                                                                                                                                                                                                                                                                                                                                                                                                                                                                                                                                                                                                                                                                                                                                                                                                                                                                                     
SE8024107677,549300XFT9ORJ6TKMJ83,"PENSIONSSTIFTELSEN MERVÄRDE",,"Vasagatan 38, 111 2, Stockholm",,,                                                                                                                                                                                                                                                                                                                                                                                                                                                                                                                                                                                                                                                                                                                                                                                                                                                                                                                                    
SE8850006860,549300K0GRM9L7PH5215,"PENSIONSSTIFTELSEN OPTIMAL",,"Box 7831, 103 9, Stockholm",,,                                                                                                                                                                                                                                                                                                                                                                                                                                                                                                                                                                                                                                                                                                                                                                                                                                                                                                                                         
SE8024243969,549300O7N3X3KDY30S34,"PENSIONSSTIFTELSEN RIDDERSHOLMS VÄNNER",,"Melodislingan 14, 115 5, Stockholm",,,                                                                                                                                                                                                                                                                                                                                                                                                                                                                                                                                                                                                                                                                                                                                                                                                                                                                                                                     
SE8430025307,,"PENSIONSSTIFTELSEN TÖRNROSEN",,"F M Franzéns Gata 15, 254 4, Helsingborg",,,                                                                                                                                                                                                                                                                                                                                                                                                                                                                                                                                                                                                                                                                                                                                                                                                                                                                                                                                             
SE8024261904,549300JQ0XZO4V6HS067,"PENSIONSSTIFTELSEN TRYGGA FRAMTIDEN",,"Mallgatan 15, 426 7, Västra Frölunda",,,                                                                                                                                                                                                                                                                                                                                                                                                                                                                                                                                                                                                                                                                                                                                                                                                                                                                                                                      
SE8572067281,,"Pensionssystem AB Särskilda Pensionsstiftelse",,"Bottnevägen 21, 423 5, Torslanda",,,                                                                                                                                                                                                                                                                                                                                                                                                                                                                                                                                                                                                                                                                                                                                                                                                                                                                                                                                    
SE8024247374,,"PER SE AB PENSIONSSTIFTELSER",,"Råövägen 300, 439 9, Onsala",,,                                                                                                                                                                                                                                                                                                                                                                                                                                                                                                                                                                                                                                                                                                                                                                                                                                                                                                                                                          
SE8020154871,,"PER SUNDSTEDT AB:S SÄRSKILDA PENSIONSSTIFTELSE",,"Tantogatan 43, 118 4, Stockholm",,,                                                                                                                                                                                                                                                                                                                                                                                                                                                                                                                                                                                                                                                                                                                                                                                                                                                                                                                                    
SE8572047341,549300D7Y7MITSG7I795,"PERNORDIC AB:S PENSIONSSTIFTELSE",,"Box 319, 442 1, Kungälv",,,                                                                                                                                                                                                                                                                                                                                                                                                                                                                                                                                                                                                                                                                                                                                                                                                                                                                                                                                      
SE8020030055,,"PERSONALSTIFTELSEN SKANDIAS PENSIONÄRSSTIFTELSE",,"Jakobsgatan 6, 111 5, Stockholm",,,                                                                                                                                                                                                                                                                                                                                                                                                                                                                                                                                                                                                                                                                                                                                                                                                                                                                                                                                   
SE8024253687,,"PETER DANIELSSON FÖRVALTNING AB:S PENSIONSSTIFTELSE",,"Box 5390, 402 2, Göteborg",,,                                                                                                                                                                                                                                                                                                                                                                                                                                                                                                                                                                                                                                                                                                                                                                                                                                                                                                                                     
SE8024248091,,"PFIZER SWEDEN PENSIONSSTIFTELSE I",,"Box 7831, 103 9, Stockholm",,,                                                                                                                                                                                                                                                                                                                                                                                                                                                                                                                                                                                                                                                                                                                                                                                                                                                                                                                                                      
SE8024242805,5493009C873PA5C4X852,"PHARMA INDUSTRY HOLDING AB:S PENSIONSSTIFTELSE",,"Box 5390, 402 2, Göteborg",,,                                                                                                                                                                                                                                                                                                                                                                                                                                                                                                                                                                                                                                                                                                                                                                                                                                                                                                                      
SE8020084078,549300LW7OPXUMQBM684,"Pingstförsamlingarnas Pensonsstiftelse",,"Box 1, BOX 15144, 167 1, Bromma",,,                                                                                                                                                                                                                                                                                                                                                                                                                                                                                                                                                                                                                                                                                                                                                                                                                                                                                                                        
SE8020164193,,"POLISVETERANERNA I STOCKHOLM LÄN SAMFOND",,"Harpsundsvägen 83, 124 5, Bandhagen",,,                                                                                                                                                                                                                                                                                                                                                                                                                                                                                                                                                                                                                                                                                                                                                                                                                                                                                                                                      
SE8024261797,894500Y9MV2ULM9QXB46,"POM GEMENSAMMA SÄRSKILDA PENSIONSSTIFTELSE",,"Box 6282, 102 3, Stockholm",,,                                                                                                                                                                                                                                                                                                                                                                                                                                                                                                                                                                                                                                                                                                                                                                                                                                                                                                                         
SE8020090422,894500ZND249V4WY9F37,"PONDUS DENTALLABORATORIUM AB:S PENSIONSSTIFTELSE",,"Storgatan 16, 114 5, Stockholm",,,                                                                                                                                                                                                                                                                                                                                                                                                                                                                                                                                                                                                                                                                                                                                                                                                                                                                                                               
SE8024042635,549300M1ZWPJGA4JLU27,"Postens Pensionsstiftelse",,"Terminalvägen 14, 171 7, Solna",,,                                                                                                                                                                                                                                                                                                                                                                                                                                                                                                                                                                                                                                                                                                                                                                                                                                                                                                                                      
SE8164004163,549300E1SYJHVSRCOY71,"PostNord Försäkringsförening",,"Box 5898, 102 4, Stockholm",,,                                                                                                                                                                                                                                                                                                                                                                                                                                                                                                                                                                                                                                                                                                                                                                                                                                                                                                                                       
SE8020055573,529900H5VIFZDTKDDB18,"PP Pension Tjänstepensionsförening",,"Kammakargatan 22, 111 4, Stockholm",,,                                                                                                                                                                                                                                                                                                                                                                                                                                                                                                                                                                                                                                                                                                                                                                                                                                                                                                                         
SE8024100698,549300QJSS1Y2TRE7X24,"PR PENSIONSSTIFTELSE",,"Box 5147, 402 2, Göteborg",,,                                                                                                                                                                                                                                                                                                                                                                                                                                                                                                                                                                                                                                                                                                                                                                                                                                                                                                                                                
SE8520007363,636700CP71TO2534VM27,"PRACTICAL EQUIPMENT WANGE AB:S PENSIONSSTIFTELSE",,"Box 319, 442 1, Kungälv",,,                                                                                                                                                                                                                                                                                                                                                                                                                                                                                                                                                                                                                                                                                                                                                                                                                                                                                                                      
SE8020084094,549300J21PFIOZDBO469,"Praktikertjänst AB:s Pensionsstiftelse",,"Adolf Fredriks Kyrkogata 9, 111 3, Stockholm",,,                                                                                                                                                                                                                                                                                                                                                                                                                                                                                                                                                                                                                                                                                                                                                                                                                                                                                                           
SE8024818596,549300YL7IW66STCYJ90,"Praktikertjänst AB:s Pensionsstiftelse 2",,"c/o Praktikertjänst AB, 103 5, STOCKHOLM",,,                                                                                                                                                                                                                                                                                                                                                                                                                                                                                                                                                                                                                                                                                                                                                                                                                                                                                                             
SE8024263322,5493006XL63CNMLNFO82,"PREFIRE SYD AB:S SÄRSKILDA PENSIONSSTIFTELSE",,"Box 114, 246 2, Löddeköpinge",,,                                                                                                                                                                                                                                                                                                                                                                                                                                                                                                                                                                                                                                                                                                                                                                                                                                                                                                                     
SE91701,,"Premiepensionssystemet (PPM)",,"Box 3, 100 6, Stockholm",,,                                                                                                                                                                                                                                                                                                                                                                                                                                                                                                                                                                                                                                                                                                                                                                                                                                                                                                                                                                   
SE8024781018,549300HTK4A8DYS41V60,"PRINSENS SILL & SALLADER AB:S SÄRSK. PENSIONSSTIFTELSE FÖR MARCUS H.",,"Valnäsgatan 11, 442 5, Ytterby",,,                                                                                                                                                                                                                                                                                                                                                                                                                                                                                                                                                                                                                                                                                                                                                                                                                                                                                           
SE8572055948,549300DDNSE6UANVWE19,"PRINT DAX KENT MATTSSON AB:S SÄRSK PENS.STIFT",,"Box 5390, 402 2, Göteborg",,,                                                                                                                                                                                                                                                                                                                                                                                                                                                                                                                                                                                                                                                                                                                                                                                                                                                                                                                       
SE8020112200,5493003ZKXKIE6CEU267,"PROCORDIAS PENSIONSSTIFTELSE I",,"Box 5147, 402 2, Stockholm",,,                                                                                                                                                                                                                                                                                                                                                                                                                                                                                                                                                                                                                                                                                                                                                                                                                                                                                                                                     
SE8020157049,5493001NLCCD3EE2EC33,"Procordias Pensionsstiftelse II",,"Box 7, Box 7831, 103 9, Stockholm",,,                                                                                                                                                                                                                                                                                                                                                                                                                                                                                                                                                                                                                                                                                                                                                                                                                                                                                                                             
SE8460031431,,"PRODEO AB:S SÄRSKILDA PENSIONSSTIFTELSE",,"Industrigatan 39, 212 2, Malmö",,,                                                                                                                                                                                                                                                                                                                                                                                                                                                                                                                                                                                                                                                                                                                                                                                                                                                                                                                                            
SE8024247960,894500LEMNQA6XGOSS65,"PROFIL PARTNER SWÄRDH & BJÖRK AB SÄRSKILDA PENSIONSSTIFTELSE",,"Gottorpsgatan 1, 582 7, Linköping",,,                                                                                                                                                                                                                                                                                                                                                                                                                                                                                                                                                                                                                                                                                                                                                                                                                                                                                                
SE8324013930,2549003BCRY4SKU5YT32,"PROGERIA AB:S PENSIONSSTIFTELSE",,"Trädgårdsgatan 7, 361 3, Emmaboda",,,                                                                                                                                                                                                                                                                                                                                                                                                                                                                                                                                                                                                                                                                                                                                                                                                                                                                                                                             
SE8024777230,984500T0HB37DQEC4D90,"PROMEA SYSTEM AB:S PENSIONSSTIFTELSE",,"Brolyckan 21, 433 6, Sävedalen",,,                                                                                                                                                                                                                                                                                                                                                                                                                                                                                                                                                                                                                                                                                                                                                                                                                                                                                                                           
SE8020172543,549300KWBGXTOX17WI04,"PROVENTUS AB:S PENSIONSSTIFTELSE I",,"Box 1719, 111 8, Stockholm",,,                                                                                                                                                                                                                                                                                                                                                                                                                                                                                                                                                                                                                                                                                                                                                                                                                                                                                                                                 
SE8020122159,549300MITHZUO2B0PU53,"PROVENTUS AB:S PENSIONSSTIFTELSE II",,"Box 1719, 111 8, Stockholm",,,                                                                                                                                                                                                                                                                                                                                                                                                                                                                                                                                                                                                                                                                                                                                                                                                                                                                                                                                
SE8176056367,549300VL0FCV4X16NS78,"PSYKOTERAPEUTISK O PSYKOSOCIAL INTERAKTION, PPI",,"Slussplan 3, 211 3, Malmö",,,                                                                                                                                                                                                                                                                                                                                                                                                                                                                                                                                                                                                                                                                                                                                                                                                                                                                                                                     
SE8394011723,549300EOXW3M2C092O62,"QINAMASTE ATHLETICA AB:S SÄRSKILDA PENSIONSSTIFTELSE",,"Stigmansgatan 15, 262 6, Ängelholm",,,                                                                                                                                                                                                                                                                                                                                                                                                                                                                                                                                                                                                                                                                                                                                                                                                                                                                                                       
SE8520005086,,"R ERIKSSONS MASKINER AB:S SÄRSK PENSIONSSTIFT.",,"412 7, Göteborg",,,                                                                                                                                                                                                                                                                                                                                                                                                                                                                                                                                                                                                                                                                                                                                                                                                                                                                                                                                                    
SE8024261482,,"Ramböll svenska pensionsstiftelse",,"Box 1, c/o Ramböll Sverige AB Box 17009, 104 6, Stockholm",,,                                                                                                                                                                                                                                                                                                                                                                                                                                                                                                                                                                                                                                                                                                                                                                                                                                                                                                                       
SE8024252119,9845004A6AA011FFF330,"RANSGAARD & CO AB:S SÄRSKLIDA PENSIONSSTIFTELSE",,"Boltensternsvägen 2, 236 3, Höllviken",,,                                                                                                                                                                                                                                                                                                                                                                                                                                                                                                                                                                                                                                                                                                                                                                                                                                                                                                         
SE8988008135,636700KK4UPEV1318319,"RÄVGÅRDENS PENSIONSSTIFTELSE",,"Norra Altervägen 790, 945 9, Altersbruk",,,                                                                                                                                                                                                                                                                                                                                                                                                                                                                                                                                                                                                                                                                                                                                                                                                                                                                                                                          
SE8024774773,,"RAVOLA AB:S PENSIONSSTIFTELSE",,"Agavägen 52, 181 5, Lidingö",,,                                                                                                                                                                                                                                                                                                                                                                                                                                                                                                                                                                                                                                                                                                                                                                                                                                                                                                                                                         
SE8551009767,549300I98RG0YJBB5541,"RCK JOHNSSON KOTTAR AB:S PENSIONSSTIFTELSE",,"Nösundsgatan 8, 416 4, Göteborg",,,                                                                                                                                                                                                                                                                                                                                                                                                                                                                                                                                                                                                                                                                                                                                                                                                                                                                                                                    
SE8450026425,549300J0Y2C62T08R268,"REHAB OCH FRISKVÅRDSHUSET BPN AB:S PENSIONSSTIFTELSE NR 2",,"Box 5390, 402 2, Göteborg",,,                                                                                                                                                                                                                                                                                                                                                                                                                                                                                                                                                                                                                                                                                                                                                                                                                                                                                                           
SE8024243035,5493005QSP6GV2KQR394,"RESEKOMPANI AB:S SÄRSK. PENS.STIFT. F.GRUND.TRYGG.AV.FRAMTIDA PENSIONER.",,"Sprötgatan 6, 811 6, Sandviken",,,                                                                                                                                                                                                                                                                                                                                                                                                                                                                                                                                                                                                                                                                                                                                                                                                                                                                                       
SE8020127935,98450070D6713A5J8159,"REVIDERE AB:S PENSIONSSTIFTELSE",,"Lokevägen 5, 182 6, Djursholm",,,                                                                                                                                                                                                                                                                                                                                                                                                                                                                                                                                                                                                                                                                                                                                                                                                                                                                                                                                 
SE8988015130,,"REVISIONSBYRÅN LEHTO OCH PARTNER AB:S PENSIONSSTIFTELSE NR 1",,"Briggen Carl Emils Väg 5, 384 7, Timmernabben",,,                                                                                                                                                                                                                                                                                                                                                                                                                                                                                                                                                                                                                                                                                                                                                                                                                                                                                                        
SE8024242862,5493008N65G3L2P32T12,"REVISIONSFIRMAN NILS ALBERTSEN AB:S SÄRSKILDA PENSIONSSTIFTELSE",,"Krankesjövägen 12, 247 4, Revinge",,,                                                                                                                                                                                                                                                                                                                                                                                                                                                                                                                                                                                                                                                                                                                                                                                                                                                                                             
SE8024113857,529900W5NPY93XVXX053,"REVMAC AB:S SÄRSKILDA PENSIONSSTIFTELSE",,"Box 2975, 187 2, Täby",,,                                                                                                                                                                                                                                                                                                                                                                                                                                                                                                                                                                                                                                                                                                                                                                                                                                                                                                                                 
SE8024816350,549300638MHUIDPWT985,"RIEGO AB:S PENSIONSSTIFTELSE",,"Box 319, 442 1, Kungälv",,,                                                                                                                                                                                                                                                                                                                                                                                                                                                                                                                                                                                                                                                                                                                                                                                                                                                                                                                                          
SE8024775564,8945009UWH5EL6IM4R95,"ROB. ENGSTRÖMS PENSIONSSTIFTELSE",,"Box 5390, 402 2, Göteborg",,,                                                                                                                                                                                                                                                                                                                                                                                                                                                                                                                                                                                                                                                                                                                                                                                                                                                                                                                                    
SE8572089509,549300PZWPHLT3JMGT30,"ROBOTKONSULT AB:S PENSIONSSTIFTELSE",,"Hultet 58, 471 7, Hjälteby",,,                                                                                                                                                                                                                                                                                                                                                                                                                                                                                                                                                                                                                                                                                                                                                                                                                                                                                                                                
SE8520006423,,"ROGER ANDRÉASSON FÖRVALTNING AB:S PENSIONSSTIFTELSE",,"Box 5390, 402 2, Göteborg",,,                                                                                                                                                                                                                                                                                                                                                                                                                                                                                                                                                                                                                                                                                                                                                                                                                                                                                                                                     
SE8394006160,,"RÖGLE BANDYKLUBBS PENSIONSSTIFTELSE",,"Box 5390, 402 2, Göteborg",,,                                                                                                                                                                                                                                                                                                                                                                                                                                                                                                                                                                                                                                                                                                                                                                                                                                                                                                                                                     
SE8460019329,549300P1OU5U4P01W159,"ROLF LUNDAHL AB:S SÄRSK PENSIONSSTIFTELSE",,"",,,                                                                                                                                                                                                                                                                                                                                                                                                                                                                                                                                                                                                                                                                                                                                                                                                                                                                                                                                                    
SE8024245675,54930005MPX1DJLF2D43,"ROLO FÖRVALTNING AB:S PENSIONSSTIFTELSE",,"Varvsgatan 1, 392 5, Kalmar",,,                                                                                                                                                                                                                                                                                                                                                                                                                                                                                                                                                                                                                                                                                                                                                                                                                                                                                                                           
SE8024048285,,"ROSLAGSJÄRN FÄRG AB SÄRSKILDA PENSIONSSTIFTELSE",,"Box 145, 761 2, Norrtälje",,,                                                                                                                                                                                                                                                                                                                                                                                                                                                                                                                                                                                                                                                                                                                                                                                                                                                                                                                                         
SE8020077262,549300ITYB4J67RU6974,"ROVENCO AB:S PENSIONSSTIFTELSESE",,"Box 1444, 801 3, Gävle",,,                                                                                                                                                                                                                                                                                                                                                                                                                                                                                                                                                                                                                                                                                                                                                                                                                                                                                                                                       
SE8020155902,5493002V1KX17SA50Z72,"Ryttarholmen Aktiebolags Pensionsstiftelse",,"Box 5390, 402 2, Göteborg",,,                                                                                                                                                                                                                                                                                                                                                                                                                                                                                                                                                                                                                                                                                                                                                                                                                                                                                                                          
SE8024253109,,"S. LINDGRENS BILVERKSTAD AB:S SÄRSKILDA PENSIONSSTIFTELSE",,"S. Portgatan 34, 283 5, Osby",,,                                                                                                                                                                                                                                                                                                                                                                                                                                                                                                                                                                                                                                                                                                                                                                                                                                                                                                                            
SE8025251250,,"SA METALLSERVICE I MALMÖ AB SÄRSKILDA PENSIONSSTIFTELSE",,"Wulffs Väg 6, 245 3, Staffanstorp",,,                                                                                                                                                                                                                                                                                                                                                                                                                                                                                                                                                                                                                                                                                                                                                                                                                                                                                                                         
SE8024251020,549300SX6S1TR1D6NR82,"Saab Pensionsstiftelse",,"c/o Saab Treasury AB, 581 8, Linköping",,,                                                                                                                                                                                                                                                                                                                                                                                                                                                                                                                                                                                                                                                                                                                                                                                                                                                                                                                                 
SE8024242870,,"SAKI AB:S SÄRSKILDA PENSIONSSTIFTELSE",,"Box 510, 233 2, Svedala",,,                                                                                                                                                                                                                                                                                                                                                                                                                                                                                                                                                                                                                                                                                                                                                                                                                                                                                                                                                     
SE8024258280,,"SAMMES ÅKERI AB:S PENSIONSSTIFTELSE",,"Box 5390, 402 2, Göteborg",,,                                                                                                                                                                                                                                                                                                                                                                                                                                                                                                                                                                                                                                                                                                                                                                                                                                                                                                                                                     
SE8156008917,636700CP7B0KKE03KX43,"SANDBERG FÖRETAGSKONSULTER AB:S PENSIONSSTIFTELSE",,"Box 5390, 402 2, Göteborg",,,                                                                                                                                                                                                                                                                                                                                                                                                                                                                                                                                                                                                                                                                                                                                                                                                                                                                                                                   
SE8855014356,529900PTCMW7U8Y9WD19,"Sandviks Pensionsstiftelse i Sverige",,"Box 5147, 402 2, Göteborg",,,                                                                                                                                                                                                                                                                                                                                                                                                                                                                                                                                                                                                                                                                                                                                                                                                                                                                                                                                
SE8020156934,636700SXJL5R153TNA64,"SATELLITTEKNIK ORBIT AB:S PENSIONSSTIFTELSE",,"Box 5390, 402 2, Göteborg",,,                                                                                                                                                                                                                                                                                                                                                                                                                                                                                                                                                                                                                                                                                                                                                                                                                                                                                                                         
SE8625013183,549300E03J04HBHJBL73,"SB ELECTRO-TECH AB:S SÄRSKILDA PENSIONSSTIFTELSE",,"Kalvhed 2, 461 9, Sjuntorp",,,                                                                                                                                                                                                                                                                                                                                                                                                                                                                                                                                                                                                                                                                                                                                                                                                                                                                                                                   
SE8551012266,6367004T6K5NQZN9OA05,"SCAND SAFE TRANSP SST AB:S PENS STIFT",,"Box 5390, 402 2, Göteborg",,,                                                                                                                                                                                                                                                                                                                                                                                                                                                                                                                                                                                                                                                                                                                                                                                                                                                                                                                               
SE8136001990,5493001PLYCPB0TQS076,"SCANDING DEVELOPMENT AB PENSIONSSTIFTELSE",,"Ankarvägen 24, 181 4, Lidingö",,,                                                                                                                                                                                                                                                                                                                                                                                                                                                                                                                                                                                                                                                                                                                                                                                                                                                                                                                       
SE8024810908,,"Scaniakoncernens gemensamma pensionsstiftelse",,"Box 5147, 402 2, Göteborg",,,                                                                                                                                                                                                                                                                                                                                                                                                                                                                                                                                                                                                                                                                                                                                                                                                                                                                                                                                           
SE8024026190,984500A57BD45BEEC316,"SDM KONSULT AB:S SÄRSKILDA PENSIONSSTIFTELSE",,"Astrakanv 5, 178 3, Ekerö",,,                                                                                                                                                                                                                                                                                                                                                                                                                                                                                                                                                                                                                                                                                                                                                                                                                                                                                                                        
SE5164018243,549300JSCP0FWW1SE044,"SEB Pension och Försäkring AB",,"Stjärntorget 4, 169 7, Solna",,,                                                                                                                                                                                                                                                                                                                                                                                                                                                                                                                                                                                                                                                                                                                                                                                                                                                                                                                                    
SE8020007871,549300OBW7CMVSEYXY30,"SEB-Stiftelsen, Skandinaviska Enskilda Bankens Pensionsstiftelse",,"c/o Institutioner & Stiftelser ST S3, 106 4, Stockholm",,,                                                                                                                                                                                                                                                                                                                                                                                                                                                                                                                                                                                                                                                                                                                                                                                                                                                                       
SE8020055631,549300648XGKKPJXUK84,"SH Pension Tjänstepensionsförening",,"Brännkyrkagatan 14, 118 2, Stockholm",,,                                                                                                                                                                                                                                                                                                                                                                                                                                                                                                                                                                                                                                                                                                                                                                                                                                                                                                                       
SE8020111251,549300MPRMDZ3ULGNV62,"SIMSONBOLAGEN AB:S PENSIONSSTIFTELSE",,"Götgatan 83, 116 6, Stockholm",,,                                                                                                                                                                                                                                                                                                                                                                                                                                                                                                                                                                                                                                                                                                                                                                                                                                                                                                                            
SE8024242003,549300V856UU8JW9XI10,"SIR T PENSIONSSTIFTELSE FÖR LARS GUNNAR SCHULTZ",,"Vitsippsvägen 1, 133 3, Saltsjöbaden",,,                                                                                                                                                                                                                                                                                                                                                                                                                                                                                                                                                                                                                                                                                                                                                                                                                                                                                                          
SE8020080316,5493008OO7KXBRRGRX97,"SJÖOFFICERARNAS ENSKILDA UNDERSTÖDSFOND",,"Teatergatan 3, 111 4, Stockholm",,,                                                                                                                                                                                                                                                                                                                                                                                                                                                                                                                                                                                                                                                                                                                                                                                                                                                                                                                       
SE8290010241,549300LE5WR5NFWDWN43,"SKAND.ORTOPEDTEKN.LAB.AB:S SÄRSK.PENSIONSSTIFT.",,"Magnus Paulins Gata 1, 254 3, Helsingborg",,,                                                                                                                                                                                                                                                                                                                                                                                                                                                                                                                                                                                                                                                                                                                                                                                                                                                                                                     
SE8020064526,549300VZ2XHU75FE3C44,"SKANDIAKONCERNENS PENSIONSSTIFTELSE",,"Kammakargatan 22, 103 5, Stockholm",,,                                                                                                                                                                                                                                                                                                                                                                                                                                                                                                                                                                                                                                                                                                                                                                                                                                                                                                                        
SE8024023759,549300L3PNW9GTWH2L85,"SKANDINAVISKA HANDELSKOMPANIET AB:S SÄRS P.STIFT",,"Valhallav 116, 114 4, Stockholm",,,                                                                                                                                                                                                                                                                                                                                                                                                                                                                                                                                                                                                                                                                                                                                                                                                                                                                                                              
SE8572062472,549300GRSI9H6966RN20,"SKÅNE SALLAD AB:S PENSIONSSTIFTELSE",,"Box 5390, 402 2, Göteborg",,,                                                                                                                                                                                                                                                                                                                                                                                                                                                                                                                                                                                                                                                                                                                                                                                                                                                                                                                                 
SE8024090170,5493002S15CNYCTNTC49,"Skanska Ettan Särskild Pensionsstiftelse",,"Warfvinges Väg 25, 112 7, Stockholm",,,                                                                                                                                                                                                                                                                                                                                                                                                                                                                                                                                                                                                                                                                                                                                                                                                                                                                                                                  
SE8024091319,549300F9CT2Y2N7C7E40,"Skanska Trean Allmän Pensionsstiftelse",,"Warfvinges Väg 25, 112 7, Stockholm",,,                                                                                                                                                                                                                                                                                                                                                                                                                                                                                                                                                                                                                                                                                                                                                                                                                                                                                                                    
SE8024243290,5493007Z1ZESI9VA2V68,"SKF koncernens gemensamma Pensionsstiftelse",,"Box 5, Box 5147, 402 2, Göteborg",,,                                                                                                                                                                                                                                                                                                                                                                                                                                                                                                                                                                                                                                                                                                                                                                                                                                                                                                                  
SE8176033929,549300M7AW6GAIG6RD68,"SKI TOTAL AB:S SÄRSKILDA PENSIONSSTIFTELSE",,"Dragarbrunnsgatan 41, 753 2, Uppsala",,,                                                                                                                                                                                                                                                                                                                                                                                                                                                                                                                                                                                                                                                                                                                                                                                                                                                                                                               
SE8265004575,549300O2U7V3FREYEM43,"SKOBES BIL AKTIEBOLAGS PERSONALSTIFTELSE",,"Box 1021, 573 2, Tranås",,,                                                                                                                                                                                                                                                                                                                                                                                                                                                                                                                                                                                                                                                                                                                                                                                                                                                                                                                              
SE8024805700,5493008X7G63PG2VL141,"SKOGENS SÄRSKILDA PENSIONSSTIFTELSE",,"Olof Asklundsgata 8, 421 3, Västra Frölunda",,,                                                                                                                                                                                                                                                                                                                                                                                                                                                                                                                                                                                                                                                                                                                                                                                                                                                                                                               
SE8865011160,,"SKÖLD INVEST I BOLLNÄS AB:S PENSIONSSTIFTELSE",,"Box 5390, 402 2, Göteborg",,,                                                                                                                                                                                                                                                                                                                                                                                                                                                                                                                                                                                                                                                                                                                                                                                                                                                                                                                                           
SE8465010893,894500WLVYPEZDAS1D19,"Skyddsprodukter i Sverige Finans AB-koncernens gemensamma pensionsstiftelse",,"Bronsyxeatan 8, 213 7, Malmö",,,                                                                                                                                                                                                                                                                                                                                                                                                                                                                                                                                                                                                                                                                                                                                                                                                                                                                                      
SE8551004909,,"SM MOTOR & MEK. AB:S PENSIONSSTIFTELSE",,"Vättnedalsvägen 29, 421 5, Västra Frölunda",,,                                                                                                                                                                                                                                                                                                                                                                                                                                                                                                                                                                                                                                                                                                                                                                                                                                                                                                                                 
SE8024238159,,"SMEDSTA ADVOKAT AB:S PENSIONSSTIFTELSE",,"Norr Mälarstrand 26, 112 2, Stockholm",,,                                                                                                                                                                                                                                                                                                                                                                                                                                                                                                                                                                                                                                                                                                                                                                                                                                                                                                                                      
SE8546005979,,"SMÖGENVARVET I SMÖGEN AB:S PENSIONSSTIFTELSE",,"Hamng 7, 450 4, Smögen",,,                                                                                                                                                                                                                                                                                                                                                                                                                                                                                                                                                                                                                                                                                                                                                                                                                                                                                                                                               
SE8024072087,5493006D60UF1HTIRO09,"SN-P SÄRSKILDA PENSIONSSTIFTELSE",,"Box 5147, 402 2, Göteborg",,,                                                                                                                                                                                                                                                                                                                                                                                                                                                                                                                                                                                                                                                                                                                                                                                                                                                                                                                                    
SE8024249115,5493006XIYT6RVCR9P62,"Söderberg & Partners Gemensam FPG Pensionsstiftelse",,"Box 7, Box 7785, 103 9, Stockholm",,,                                                                                                                                                                                                                                                                                                                                                                                                                                                                                                                                                                                                                                                                                                                                                                                                                                                                                                         
SE8024246186,,"SÖDERHAMNS ÖGONPRAKTIK AB:S PENSIONSSTIFTELSE",,"Box 5390, 402 2, Göteborg",,,                                                                                                                                                                                                                                                                                                                                                                                                                                                                                                                                                                                                                                                                                                                                                                                                                                                                                                                                           
SE8024238746,549300PHNC32ADW8I861,"Södra-koncernens Pensionsstiftelse",,"Södra Skogsägarna Ek För, 351 8, Växjö",,,                                                                                                                                                                                                                                                                                                                                                                                                                                                                                                                                                                                                                                                                                                                                                                                                                                                                                                                     
SE8024806054,,"SOLBACKENS PENSIONSSTIFTELSE",,"",,,                                                                                                                                                                                                                                                                                                                                                                                                                                                                                                                                                                                                                                                                                                                                                                                                                                                                                                                                                                                     
SE8460058046,636700Y23N39ZLWHR988,"SOLECTRO AB:S SÄRSKILDA PENSIONSSTIFTELSE",,"Tenngatan 6-8, 234 3, Lomma",,,                                                                                                                                                                                                                                                                                                                                                                                                                                                                                                                                                                                                                                                                                                                                                                                                                                                                                                                         
SE8572062571,6367008V28PX4INWZO49,"SOLITAIRE LIMITED AB:S PENSIONSSTIFTELSE",,"Box 5390, 402 2, Göteborg",,,                                                                                                                                                                                                                                                                                                                                                                                                                                                                                                                                                                                                                                                                                                                                                                                                                                                                                                                            
SE8024103957,549300ERB4N3XFFKLQ18,"SOLNA TRÄDGÅRDSANLÄGGNING AB:PENSIONSSTIFTELSE",,"Box 5390, 402 2, Göteborg",,,                                                                                                                                                                                                                                                                                                                                                                                                                                                                                                                                                                                                                                                                                                                                                                                                                                                                                                                      
SE8024250956,549300ZVQCO6XJT1BR37,"SOLSTOLEN INVEST AB:S SÄRSKILDA PENSIONSSTIFTELSE",,"Enslövsvägen 17, 302 4, Halmstad",,,                                                                                                                                                                                                                                                                                                                                                                                                                                                                                                                                                                                                                                                                                                                                                                                                                                                                                                            
SE8546006241,549300WLHM5FMGUM4332,"Sotenäs Mekaniska AB:S Pensionsstiftelse",,"Box 5390, 402 2, Göteborg",,,                                                                                                                                                                                                                                                                                                                                                                                                                                                                                                                                                                                                                                                                                                                                                                                                                                                                                                                            
SE8024244033,636700L6DVKLCV08AK83,"SPAMAC AB:S SÄRSKILDA PENSIONSSTIFTELSE ACL",,"Box 19015, 104 3, Stockholm",,,                                                                                                                                                                                                                                                                                                                                                                                                                                                                                                                                                                                                                                                                                                                                                                                                                                                                                                                       
SE8024244017,894500QK09J2V1TJLE41,"SPAMAC AB:S SÄRSKILDA PENSIONSSTIFTELSE CC",,"Frejgatan 17, 113 4, Stockholm",,,                                                                                                                                                                                                                                                                                                                                                                                                                                                                                                                                                                                                                                                                                                                                                                                                                                                                                                                     
SE8020055581,213800OVKR1HGIPBLP06,"SPK Pension Tjänstepensionsförening",,"Wallingatan 2, 111 6, Stockholm",,,                                                                                                                                                                                                                                                                                                                                                                                                                                                                                                                                                                                                                                                                                                                                                                                                                                                                                                                           
SE8572044827,894500X8ZB74UE6FM579,"SPORTMASTER INTERNATIONAL AB:S PENSIONSSTIFTELSE",,"Box 5390, 402 2, Göteborg",,,                                                                                                                                                                                                                                                                                                                                                                                                                                                                                                                                                                                                                                                                                                                                                                                                                                                                                                                    
SE5164018599,529900GS6OZTM1HYL611,"SPP Pension & Försäkring AB (publ)",,"Vasagatan 10, 111 2, STOCKHOLM",,,                                                                                                                                                                                                                                                                                                                                                                                                                                                                                                                                                                                                                                                                                                                                                                                                                                                                                                                             
SE8024257787,549300252N90N9R0QL89,"STAFFAN PERSSONS REVISIONSBYRÅ AB:S SÄRSKILDA PENSIONSSTIFTELSE",,"Måkabyggsvägen 59, 266 9, Munka-Ljungby",,,                                                                                                                                                                                                                                                                                                                                                                                                                                                                                                                                                                                                                                                                                                                                                                                                                                                                                       
SE8572060906,,"STELLAN ISACSON MARKNADSINFORMATION AB PENS.STIF",,"Maskingatan 5, 417 6, Göteborg",,,                                                                                                                                                                                                                                                                                                                                                                                                                                                                                                                                                                                                                                                                                                                                                                                                                                                                                                                                   
SE8572032582,5493001ED7UWRQ9JMU73,"Sten A Olssons Pensionsstiftelse",,"c/o Stena AB, 405 1, Göteborg",,,                                                                                                                                                                                                                                                                                                                                                                                                                                                                                                                                                                                                                                                                                                                                                                                                                                                                                                                                
SE8024266200,9845005BED7C8FBA3A64,"STENFALKENS SÄRSKILDA PENSIONSSTIFTELSE",,"Box 1229, 262 2, Ängelholm",,,                                                                                                                                                                                                                                                                                                                                                                                                                                                                                                                                                                                                                                                                                                                                                                                                                                                                                                                            
SE8533008200,,"STENUNGSUNDS SPRÄNGTJÄNST PENSIONSSTIFTELSE",,"S Vägen 15, 444 4, Stenungsund",,,                                                                                                                                                                                                                                                                                                                                                                                                                                                                                                                                                                                                                                                                                                                                                                                                                                                                                                                                        
SE8195000180,,"STIFT F UNDERSTÖD ÅT PAUVRES HONTEUX I STRÄNGNÄS",,"Aspö Skapan 17, 645 9, Strängnäs",,,                                                                                                                                                                                                                                                                                                                                                                                                                                                                                                                                                                                                                                                                                                                                                                                                                                                                                                                                 
SE8460020624,549300FL0J5YMLQMTI58,"STIFT HOVRÄTTEN Ö SKÅNE O BLEK ENSK PENSIONSKASS",,"Box 846, 201 8, Malmö",,,                                                                                                                                                                                                                                                                                                                                                                                                                                                                                                                                                                                                                                                                                                                                                                                                                                                                                                                        
SE8020020965,,"STIFT KUNGLIGA LIVGARDETS TILL HÄST PENSIONSFOND",,"Box 27803, 115 9, Stockholm",,,                                                                                                                                                                                                                                                                                                                                                                                                                                                                                                                                                                                                                                                                                                                                                                                                                                                                                                                                      
SE8020062991,549300J8D3W3UQWOOG04,"STIFT SJ-PERSONALENS PENSIONS- O FÖRMÅNSFOND",,"Hemgärdesvägen 5, 416 7, Göteborg",,,                                                                                                                                                                                                                                                                                                                                                                                                                                                                                                                                                                                                                                                                                                                                                                                                                                                                                                                
SE8020034909,549300IU7AEZ3E8TRR95,"STIFT STH MANUFAKTURHANDL.FÖREN FONDER F PENSION",,"Cylindervägen 18, 131 5, Nacka Strand",,,                                                                                                                                                                                                                                                                                                                                                                                                                                                                                                                                                                                                                                                                                                                                                                                                                                                                                                        
SE8020169762,5493000HC2N35VD5EC12,"STIFT SVENSKA KOMMITTÉN FÖR REHABILITERING",,"Hammarby Allé 91, 120 6, Stockholm",,,                                                                                                                                                                                                                                                                                                                                                                                                                                                                                                                                                                                                                                                                                                                                                                                                                                                                                                                 
SE8732003341,549300CFMRK8GS3H2G77,"STIFT VÄRMLANDS PROVINS.LOGENS FRIMURAREH PENS",,"Tingvallagatan 15, 652 2, Karlstad",,,                                                                                                                                                                                                                                                                                                                                                                                                                                                                                                                                                                                                                                                                                                                                                                                                                                                                                                             
SE8020036680,,"STIFT.A O V WALLENTINS UND.STÖD.F F PENS SOPHIAS",,"Stiftelser As 9, 106 4, Stockholm",,,                                                                                                                                                                                                                                                                                                                                                                                                                                                                                                                                                                                                                                                                                                                                                                                                                                                                                                                                
SE8020066588,549300VX9OMVFL3TO668,"STIFT.LIVFÖRSÄKRINGSFONDEN",,"Hm Konungens Hovförvaltning, 111 3, Stockholm",,,                                                                                                                                                                                                                                                                                                                                                                                                                                                                                                                                                                                                                                                                                                                                                                                                                                                                                                                      
SE8020075399,549300TKKYD84YKVGO75,"STIFT.SVERIGES ADVOKATSAMFUNDS UNDERSTÖDSFOND",,"Laboratoriegatan 4, 115 2, Stockholm",,,                                                                                                                                                                                                                                                                                                                                                                                                                                                                                                                                                                                                                                                                                                                                                                                                                                                                                                            
SE8740019214,549300YZWY3SR1P2VI39,"Stifta Gemensam Pensionsstiftelse",,"Hamntorget 1, 652 2, Karlstad",,,                                                                                                                                                                                                                                                                                                                                                                                                                                                                                                                                                                                                                                                                                                                                                                                                                                                                                                                               
SE8020029438,,"STIFTELSEN A.V SCHüTZERCRANTZ PENSIONSFOND",,"Box 8307, 106 4, Stockholm",,,                                                                                                                                                                                                                                                                                                                                                                                                                                                                                                                                                                                                                                                                                                                                                                                                                                                                                                                                             
SE8690007284,549300GGNOAP83ZK8111,"STIFTELSEN ERNST OCH MARGARETA WAHRENS MINNESFOND",,"Box 5074, 402 2, Göteborg",,,                                                                                                                                                                                                                                                                                                                                                                                                                                                                                                                                                                                                                                                                                                                                                                                                                                                                                                                   
SE8170015849,,"STIFTELSEN FÖR BEHÖVANDE I ENKÖPINGS KOMMUN",,"Service O Utv, 745 8, Enköping",,,                                                                                                                                                                                                                                                                                                                                                                                                                                                                                                                                                                                                                                                                                                                                                                                                                                                                                                                                        
SE8430008857,549300BYMKOFJC0SN152,"STIFTELSEN GORTHONREDERIERNAS PENSIONSANSTALT",,"Idrottsvägen 1, 444 3, Stenungsund",,,                                                                                                                                                                                                                                                                                                                                                                                                                                                                                                                                                                                                                                                                                                                                                                                                                                                                                                              
SE8492009330,89450096VK632M3N1U53,"STIFTELSEN HALLBÄCKSKA PENSIONSFONDEN",,"Prästgården 349, 305 9, Holm",,,                                                                                                                                                                                                                                                                                                                                                                                                                                                                                                                                                                                                                                                                                                                                                                                                                                                                                                                            
SE8260009165,,"STIFTELSEN JKPG:S BORGAREKASSA & BJUGGSKA FONDEN",,"Box 320, 551 1, Jönköping",,,                                                                                                                                                                                                                                                                                                                                                                                                                                                                                                                                                                                                                                                                                                                                                                                                                                                                                                                                        
SE8220020161,,"STIFTELSEN LINKÖPINGS HANDLANDES PENSIONSKASSA",,"Box 364, 581 0, Linköping",,,                                                                                                                                                                                                                                                                                                                                                                                                                                                                                                                                                                                                                                                                                                                                                                                                                                                                                                                                          
SE8020033778,549300NO3K2EJKVRTN52,"STIFTELSEN OLOF A SÖDERBERGS FOND",,"106 4, Stockholm",,,                                                                                                                                                                                                                                                                                                                                                                                                                                                                                                                                                                                                                                                                                                                                                                                                                                                                                                                                            
SE8572029786,549300WDXMI0IZ60MI70,"STIFTELSEN PENSIONSINRÄTTN F ÅLDERSTIGNE EL SJUKL TJÄNARE I GBG",,"Box 11055, 411 0, Göteborg",,,                                                                                                                                                                                                                                                                                                                                                                                                                                                                                                                                                                                                                                                                                                                                                                                                                                                                                                    
SE8020174267,,"STIFTELSEN S/Y ELLEN",,"Box 38089, 100 6, Stockholm",,,                                                                                                                                                                                                                                                                                                                                                                                                                                                                                                                                                                                                                                                                                                                                                                                                                                                                                                                                                                  
SE8572028861,549300WWO9HXY3UCVW12,"STIFTELSEN UNDERSTÖDSKASSAN VID LYCKHOLMS BRYGGERI",,"Box 1336, 171 2, Solna",,,                                                                                                                                                                                                                                                                                                                                                                                                                                                                                                                                                                                                                                                                                                                                                                                                                                                                                                                     
SE8450027654,,"STING-PROD,S.NORDSTR.AB:S SÄRSK.PENS.STIFT.NR 2",,"Fabriksvägen 7, 245 3, Staffanstorp",,,                                                                                                                                                                                                                                                                                                                                                                                                                                                                                                                                                                                                                                                                                                                                                                                                                                                                                                                               
SE8024247457,6367009EC7SH74UWHF26,"STOCKENS LIVS I MJÖLBY AB:S SÄRSKILDA PENSIONSSTIFTELSE",,"Box 201, 595 2, Mjölby",,,                                                                                                                                                                                                                                                                                                                                                                                                                                                                                                                                                                                                                                                                                                                                                                                                                                                                                                                
SE8020053842,,"STOCKHOLMS SKRÄDDERIIDKAREFÖRENINGS PENS.STIFT",,"Offergränd 17, 187 6, Täby",,,                                                                                                                                                                                                                                                                                                                                                                                                                                                                                                                                                                                                                                                                                                                                                                                                                                                                                                                                         
SE8020037084,549300WG8KLNBICJMS81,"STOCKHOLMS VIKTUALIEHANDELSSOCIETET",,"Wivalliusgatan 25, 112 6, Stockholm",,,                                                                                                                                                                                                                                                                                                                                                                                                                                                                                                                                                                                                                                                                                                                                                                                                                                                                                                                       
SE8170011012,549300ED0R06CXR7VK14,"STORA BÄRBY AB:S PENSIONSSTIFTELSE",,"Swedenborgsgatan 39, 753 3, Uppsala",,,                                                                                                                                                                                                                                                                                                                                                                                                                                                                                                                                                                                                                                                                                                                                                                                                                                                                                                                        
SE8024248620,213800CJPYFSXQNXY713,"Stora Ensos Svenska Gemensamma Pensionsstiftelse",,"c/o Stora Enso AB, 791 8, Falun",,,                                                                                                                                                                                                                                                                                                                                                                                                                                                                                                                                                                                                                                                                                                                                                                                                                                                                                                              
SE8572059650,5493009ISLU6H5VVZS03,"STRATEGISK FÖRETAGSUTVECKL SFU AB SÄRS PENSSTIFT",,"Kungsportsavenyen 1, 411 3, Göteborg",,,                                                                                                                                                                                                                                                                                                                                                                                                                                                                                                                                                                                                                                                                                                                                                                                                                                                                                                         
SE8132004782,549300X8PZP7FLEM6407,"STYRELSEN FÖR IMSRS PENSIONSSTIFTELSE",,"Aspvägen 14, 175 6, Järfälla",,,                                                                                                                                                                                                                                                                                                                                                                                                                                                                                                                                                                                                                                                                                                                                                                                                                                                                                                                            
SE8024242300,549300ELK5GVK0PS6N61,"SUNDQVIST SERVICEDEPÅ AB:S SÄRSKILDA PENSIONSSTIFTELSE",,"Jättegrytsvägen 3, 141 4, Huddinge",,,                                                                                                                                                                                                                                                                                                                                                                                                                                                                                                                                                                                                                                                                                                                                                                                                                                                                                                     
SE8932032306,,"SVANTE WIKSTRÖM ENTREPRENADK AB:S PENSIONSSTIFT",,"Box 5390, 402 2, Göteborg",,,                                                                                                                                                                                                                                                                                                                                                                                                                                                                                                                                                                                                                                                                                                                                                                                                                                                                                                                                         
SE8020162866,549300WSN4NVCLK46T18,"SVEN BLANKE ADVOKATBYRÅ AB:S PENSIONSSTIFTELSE",,"Alvägen 29, 191 3, Sollentuna",,,                                                                                                                                                                                                                                                                                                                                                                                                                                                                                                                                                                                                                                                                                                                                                                                                                                                                                                                  
SE8572093907,,"SVEN ERIK BORGLUND AB:S SÄRSKILDA PENSIONSSTIFT",,"Östra Storgatan 36, 611 3, Nyköping",,,                                                                                                                                                                                                                                                                                                                                                                                                                                                                                                                                                                                                                                                                                                                                                                                                                                                                                                                               
SE8460028221,549300CG5VKZJWYT7702,"SVEN FREDIN AB:S SÄRSKILDA PENSIONSSTIFTELSE",,"Box 5089, 200 7, Malmö",,,                                                                                                                                                                                                                                                                                                                                                                                                                                                                                                                                                                                                                                                                                                                                                                                                                                                                                                                           
SE8388005384,549300OCPXJJ0LVN9Q45,"SVEN LEVIN EL AB SÄRSKILDA PENSIONSSTIFTELSE",,"Garnhängevägen 20, 277 3, Kivik",,,                                                                                                                                                                                                                                                                                                                                                                                                                                                                                                                                                                                                                                                                                                                                                                                                                                                                                                                  
SE8533010479,549300HM2Y0V8XMYGI52,"SVENSK AIRBAG FSG:S AB:S SÄRK PENSIONSSTIFTELSE",,"Box 5390, 402 2, Göteborg",,,                                                                                                                                                                                                                                                                                                                                                                                                                                                                                                                                                                                                                                                                                                                                                                                                                                                                                                                     
SE8024258298,549300DM0IYWYXN0JN02,"SVENSK AREAMATNING AB:S PENSIONSSTIFTELSE",,"Bellmansgatan 14, 118 2, Stockholm",,,                                                                                                                                                                                                                                                                                                                                                                                                                                                                                                                                                                                                                                                                                                                                                                                                                                                                                                                  
SE8140003842,549300D03VD2WBI0CX33,"SVENSKA ABB:S VÄLFÄRDSPERSONAL STIFTELSE",,"Box 5147, 402 2, Göteborg",,,                                                                                                                                                                                                                                                                                                                                                                                                                                                                                                                                                                                                                                                                                                                                                                                                                                                                                                                            
SE8152009638,,"Svenska Baptistsamfundets Pensionsstiftelse",,"Box 1, Box 14038, 167 1, Bromma",,,                                                                                                                                                                                                                                                                                                                                                                                                                                                                                                                                                                                                                                                                                                                                                                                                                                                                                                                                       
SE8020076280,549300I74UUS3SI2JA68,"Svenska Byggnadsarbetareförbundets Pensionsstiftelse",,"c/o Svenska Byggnadsarbetarförbundet, 106 3, Stockholm",,,                                                                                                                                                                                                                                                                                                                                                                                                                                                                                                                                                                                                                                                                                                                                                                                                                                                                                   
SE8460063632,549300VAPVXBKVG5E789,"SVENSKA CIVILEKONOMI AB:S SÄRSKILDA PENSIONSSTIF",,"Sundspromenaden 33, 211 1, Malmö",,,                                                                                                                                                                                                                                                                                                                                                                                                                                                                                                                                                                                                                                                                                                                                                                                                                                                                                                             
SE8024258157,254900O1YF5Y3ITVXV98,"SVENSKA FINANS- & FÖRSÄKRINGSTEAMET AB:S SÄRSKILDA PENSIONSSTIFTELSE",,"Gårdsvägen 10, 260 3, Kattarp",,,                                                                                                                                                                                                                                                                                                                                                                                                                                                                                                                                                                                                                                                                                                                                                                                                                                                                                            
SE8020013564,549300UJVKLDLV7KX809,"Svenska Handelsbankens Pensionsstiftelse",,"c/o Handelsbanken, 106 7, Stockholm",,,                                                                                                                                                                                                                                                                                                                                                                                                                                                                                                                                                                                                                                                                                                                                                                                                                                                                                                                  
SE8572043712,549300L0MSZIJDVZ7V34,"SVENSKA HUS I GBG AB:S PENSIONSSTIFTELSE",,"Box 53262, 400 1, Göteborg",,,                                                                                                                                                                                                                                                                                                                                                                                                                                                                                                                                                                                                                                                                                                                                                                                                                                                                                                                           
SE8020083336,549300QFKI570OYFXK67,"Svenska Kommunalarbetareförbundets pensionsstiftelse för funktionärer",,"Box 1, Box 19039, 104 3, Stockholm",,,                                                                                                                                                                                                                                                                                                                                                                                                                                                                                                                                                                                                                                                                                                                                                                                                                                                                                      
SE8020083344,5493000Q3VQ5WG88GL61,"Svenska Kommunalarbetareförbundets Pensionsstiftelse för kontorspersonal",,"Box 1, Box 19039, 104 3, Stockholm",,,                                                                                                                                                                                                                                                                                                                                                                                                                                                                                                                                                                                                                                                                                                                                                                                                                                                                                   
SE8164004155,8945002ADF3YKB2IK389,"Svenska kyrkans tjänstepensionsförening",,"Sveavägen 66, 113 5, Stockholm",,,                                                                                                                                                                                                                                                                                                                                                                                                                                                                                                                                                                                                                                                                                                                                                                                                                                                                                                                        
SE8020127265,,"SVENSKA MÅLAREFÖRBUNDETS PENSIONSSTIFTELSE",,"Box 1113, 111 8, Stockholm",,,                                                                                                                                                                                                                                                                                                                                                                                                                                                                                                                                                                                                                                                                                                                                                                                                                                                                                                                                             
SE8450028363,5493003XM7PTYAXC5040,"SVENSKA PRÄSTERSKAPETS UNDERSTÖDSSTIFTELSE",,"Östermalmsgatan 68, 114 5, Stockholm",,,                                                                                                                                                                                                                                                                                                                                                                                                                                                                                                                                                                                                                                                                                                                                                                                                                                                                                                               
SE8020142926,5493002GEU3V6FWPDW05,"SVENSKA SKIDFÖRBUNDETS PENSIONSSTIFTELSE",,"Box 5390, 402 2, Göteborg",,,                                                                                                                                                                                                                                                                                                                                                                                                                                                                                                                                                                                                                                                                                                                                                                                                                                                                                                                            
SE8020138577,54930087C04433R5KJ11,"Sveriges Kommuner och Landstings Pensionsstiftelse",,"Hornsgatan 20, 118 8, Stockholm",,,                                                                                                                                                                                                                                                                                                                                                                                                                                                                                                                                                                                                                                                                                                                                                                                                                                                                                                            
SE8020078799,549300MK3BDHIZ4ZHM74,"SVERIGES LÄKARFÖRBUNDS PENSIONSSTIFTELSE",,"Box 5610, 114 8, Stockholm",,,                                                                                                                                                                                                                                                                                                                                                                                                                                                                                                                                                                                                                                                                                                                                                                                                                                                                                                                           
SE8020081207,549300YPADUN2HH6DG44,"SVERIGES YNGRE LÄKARES FÖRENINGS PENSIONSSTIFT",,"Box 5610, 114 8, Stockholm",,,                                                                                                                                                                                                                                                                                                                                                                                                                                                                                                                                                                                                                                                                                                                                                                                                                                                                                                                     
SE8020120484,,"SWECO AB:PENSSTIFT FÖR TIDIGARE ANSTÄLL VIAK AB",,"Box 5390, 402 2, Göteborg",,,                                                                                                                                                                                                                                                                                                                                                                                                                                                                                                                                                                                                                                                                                                                                                                                                                                                                                                                                         
SE8020080407,549300ACF28WDK5EIN05,"SWEDBANK KONCERNENS GEMENSAMMA PENSIONSSTIFTELSE I",,"Kvarnstensvägen 8, 352 5, Växjö",,,                                                                                                                                                                                                                                                                                                                                                                                                                                                                                                                                                                                                                                                                                                                                                                                                                                                                                                            
SE8020176932,549300WUASR7NQFRTT12,"SWEDBANK KONCERNENS GEMENSAMMA PENSIONSSTIFTELSE II",,"Kvarnstensvägen 8, 352 5, Växjö",,,                                                                                                                                                                                                                                                                                                                                                                                                                                                                                                                                                                                                                                                                                                                                                                                                                                                                                                           
SE8460059002,549300HYNR33ASD3OJ64,"SYD MÅLERI AB:S SÄRSKILDA PENSIONSSTIFTELSE",,"Borrg 2, 211 2, Malmö",,,                                                                                                                                                                                                                                                                                                                                                                                                                                                                                                                                                                                                                                                                                                                                                                                                                                                                                                                             
SE8460040366,,"SYDANTENN OCH TELE AB:S SÄRSK PENSIONSSTIFTELSE",,"Danska V 57, 212 2, Malmö",,,                                                                                                                                                                                                                                                                                                                                                                                                                                                                                                                                                                                                                                                                                                                                                                                                                                                                                                                                         
SE8460026126,5493000VVMM0NXDN7Z48,"SYDSVENSKA HANDELSKAMMARENS PENSIONSSTIFTELSE",,"Ångbåtsbron 1, 211 2, Malmö",,,                                                                                                                                                                                                                                                                                                                                                                                                                                                                                                                                                                                                                                                                                                                                                                                                                                                                                                                     
SE8024102082,549300NL8F2IJ7NKW706,"Systembolagets Pensionsstiftelse",,"c/o Systembolaget AB, 103 8, Stockholm",,,                                                                                                                                                                                                                                                                                                                                                                                                                                                                                                                                                                                                                                                                                                                                                                                                                                                                                                                       
SE8572063744,549300636K8QUYYTZ281,"T-BOLAGET AB:S SÄRSKILDA PENSIONSSTIFTELSE",,"Box 5390, 402 2, Göteborg",,,                                                                                                                                                                                                                                                                                                                                                                                                                                                                                                                                                                                                                                                                                                                                                                                                                                                                                                                          
SE8494009304,,"TANDHÄLSO AB, BO FERM:S PENSIONSSTIFTELSE",,"Box 5390, 402 2, Göteborg",,,                                                                                                                                                                                                                                                                                                                                                                                                                                                                                                                                                                                                                                                                                                                                                                                                                                                                                                                                               
SE8024243266,984500AA59B36760B431,"TANDLÄKARE STEFAN PHILIPSON AB:S PENSIONSSTIFTELSE",,"Box 5390, 402 2, Göteborg",,,                                                                                                                                                                                                                                                                                                                                                                                                                                                                                                                                                                                                                                                                                                                                                                                                                                                                                                                  
SE8480003535,549300B0OG2CH6CZHQ48,"TANKMOBIL I YSTAD AB SÄRSK PENSIONSSTIFTELSE",,"Box 54, 271 2, Ystad",,,                                                                                                                                                                                                                                                                                                                                                                                                                                                                                                                                                                                                                                                                                                                                                                                                                                                                                                                             
SE8024241534,98450068EC549FA0C333,"TEAM GUARDAB I SVERIGE AB:S PENSIONSSTIFTELSE",,"Mediavägen 18, 135 4, Tyresö",,,                                                                                                                                                                                                                                                                                                                                                                                                                                                                                                                                                                                                                                                                                                                                                                                                                                                                                                                    
SE8024251988,549300GERNX9J55LKJ67,"TECNICORE FÖRVALTNINGS AB:S PENSIONSSTIFTELSE",,"Box 319, 442 1, Kungälv",,,                                                                                                                                                                                                                                                                                                                                                                                                                                                                                                                                                                                                                                                                                                                                                                                                                                                                                                                         
SE8295024692,,"TEKNIKINDUSTRI I VÄXJÖ AB:S SÄRS PENSIONSSTIFT",,"Box 73, 360 4, Åryd",,,                                                                                                                                                                                                                                                                                                                                                                                                                                                                                                                                                                                                                                                                                                                                                                                                                                                                                                                                                
SE8470007876,636700O7HY12MQ5JM561,"TEKOMO AB:S SÄRSKILDA PENSIONSSTIFTELSE",,"Ernst Kustroddares Gränd 3, 239 3, Skanör",,,                                                                                                                                                                                                                                                                                                                                                                                                                                                                                                                                                                                                                                                                                                                                                                                                                                                                                                             
SE8024814587,,"Tele2 Gemensam Pensionsstiftelse",,"Box 5147, 402 2, Göteborg",,,                                                                                                                                                                                                                                                                                                                                                                                                                                                                                                                                                                                                                                                                                                                                                                                                                                                                                                                                                        
SE8024258108,,"TELEKOM SULTING SÄRSKILDA PENSIONSSTIFTELSE",,"Box 6282, 102 3, Stockholm",,,                                                                                                                                                                                                                                                                                                                                                                                                                                                                                                                                                                                                                                                                                                                                                                                                                                                                                                                                            
SE8024057054,549300CTYXNHJJFTXC48,"Telia Pensionsstiftelse",,"Stjärntorget 1, 169 7, Solna",,,                                                                                                                                                                                                                                                                                                                                                                                                                                                                                                                                                                                                                                                                                                                                                                                                                                                                                                                                          
SE8024257894,254900VSJTFPL3THV148,"TEODOR LEFFLER AB:S PENSIONSSTIFTELSE",,"Norrkärrsvägen 19, 132 5, Saltsjö-Boo",,,                                                                                                                                                                                                                                                                                                                                                                                                                                                                                                                                                                                                                                                                                                                                                                                                                                                                                                                   
SE8650007902,549300W37FZCV4BRKJ31,"TEXTILKOMPANIET ÖVERLIDA AB:S PENSIONSSTIFTELSE",,"Box 5390, 402 2, Göteborg",,,                                                                                                                                                                                                                                                                                                                                                                                                                                                                                                                                                                                                                                                                                                                                                                                                                                                                                                                     
SE8024775945,,"TH. GREEN & CO AB:S SÄRSKILDA PENSIONSSTIFTELSE FÖR JOHAN GREEN",,"Källvägen 21, 232 5, Åkarp",,,                                                                                                                                                                                                                                                                                                                                                                                                                                                                                                                                                                                                                                                                                                                                                                                                                                                                                                                        
SE8024088356,549300ZKQ3GVIA14TS71,"The Absolut Company & Pernod Ricard Sweden Pensionsstiftelse",,"c/o The Absolut Company A, 117 9, Stockholm",,,                                                                                                                                                                                                                                                                                                                                                                                                                                                                                                                                                                                                                                                                                                                                                                                                                                                                                      
SE8024263181,549300MJMYM8WUKEB305,"THOMAS LILJEBERG AB:S SÄRSKILDA PENSIONSSTIFTELSE",,"Brohusvägen 40, 234 4, Lomma",,,                                                                                                                                                                                                                                                                                                                                                                                                                                                                                                                                                                                                                                                                                                                                                                                                                                                                                                                
SE8152011899,636700U3RZF3MGZ9MZ97,"TIGERHOLM EQUITY AB:S PENSIONSSTIFTELSE",,"Box 5390, 402 2, Göteborg",,,                                                                                                                                                                                                                                                                                                                                                                                                                                                                                                                                                                                                                                                                                                                                                                                                                                                                                                                             
SE8575007284,254900Y472PJ5K327Q53,"TIRAMISU AB:S PENSIONSSTIFTELSE",,"Box 5390, 402 2, Göteborg",,,                                                                                                                                                                                                                                                                                                                                                                                                                                                                                                                                                                                                                                                                                                                                                                                                                                                                                                                                     
SE8024243456,549300ZQULZXLY84SS97,"TK KAPITALFÖRVALTNING AB:S SÄRSKILDA PENSIONSSTIFTELSE",,"Granitvägen 23, 141 4, Huddinge",,,                                                                                                                                                                                                                                                                                                                                                                                                                                                                                                                                                                                                                                                                                                                                                                                                                                                                                                        
SE8020113786,894500A455YWS8XLYU30,"TOBO KONSULT AB:S SÄRSKILDA PENSIONSSTIFTELSE",,"Luntmakargatan 93, 113 5, Stockholm",,,                                                                                                                                                                                                                                                                                                                                                                                                                                                                                                                                                                                                                                                                                                                                                                                                                                                                                                             
SE8880002798,5493002J9X1236VKQO71,"TORBJÖRN EDMO AB PENSIONSSTIFTELSE",,"Jägaregatan 11, 871 4, Härnösand",,,                                                                                                                                                                                                                                                                                                                                                                                                                                                                                                                                                                                                                                                                                                                                                                                                                                                                                                                           
SE8024261037,,"TPR BYGGKONSULT SÄRSKILDA PENSIONSSTIFTELSE",,"Box 6282, 102 3, Stockholm",,,                                                                                                                                                                                                                                                                                                                                                                                                                                                                                                                                                                                                                                                                                                                                                                                                                                                                                                                                            
SE8020127588,549300DND1DMX5QIO039,"TRACTION KONSULT AB:S PENSIONSSTIFTELSE",,"Box 3314, 103 6, Stockholm",,,                                                                                                                                                                                                                                                                                                                                                                                                                                                                                                                                                                                                                                                                                                                                                                                                                                                                                                                            
SE8020074871,549300ICHCBMTE3T3B98,"TRADINCO AB:S PENSIONSSTIFTELSE",,"Box 7148, 103 8, Stockholm",,,                                                                                                                                                                                                                                                                                                                                                                                                                                                                                                                                                                                                                                                                                                                                                                                                                                                                                                                                    
SE8020130517,5493007G2QBIR6UNDG50,"TRED SPORT SÄRSKILDA PENSIONSSTIFTELSE",,"Parkv 24, 183 5, Täby",,,                                                                                                                                                                                                                                                                                                                                                                                                                                                                                                                                                                                                                                                                                                                                                                                                                                                                                                                                  
SE8470008205,549300TFVWCKTOH17L33,"TRELLEBORGS SKROTAFFÄRS AB:S SÄRSK PENSIONSSTIFT",,"Vinkelgatan 13, 211 2, Malmö",,,                                                                                                                                                                                                                                                                                                                                                                                                                                                                                                                                                                                                                                                                                                                                                                                                                                                                                                                 
SE8370011515,,"TRIPLAN AB:S SÄRSKILDA PENSIONSSTIFTELSE",,"Box 30, 283 0, Lönsboda",,,                                                                                                                                                                                                                                                                                                                                                                                                                                                                                                                                                                                                                                                                                                                                                                                                                                                                                                                                                  
SE8024261573,,"TRYDELLS TRYCKERI AB:S SÄRSKILDA PENSIONSSTIFTELSE",,"Industrigatan 8, 312 3, Laholm",,,                                                                                                                                                                                                                                                                                                                                                                                                                                                                                                                                                                                                                                                                                                                                                                                                                                                                                                                                 
SE8520005631,254900G0DN60NZ92BW34,"TUNHEM INVEST AB:S PENSIONSSTIFTELSE",,"Box 319, 442 1, Kungälv",,,                                                                                                                                                                                                                                                                                                                                                                                                                                                                                                                                                                                                                                                                                                                                                                                                                                                                                                                                  
SE8024246566,5493004YSDI24UEQYY24,"TVÅ ++ AB:S PENSIONSSTIFTELSE",,"Box 319, 442 1, Kungälv",,,                                                                                                                                                                                                                                                                                                                                                                                                                                                                                                                                                                                                                                                                                                                                                                                                                                                                                                                                         
SE8430017288,549300OOU7XFCICMUQ59,"TVÅ GENERATIONER MAGNUSSON AB:S SÄRSKILDA PEN.STIFT.",,"Pålsjö Slott, 254 3, Helsingborg",,,                                                                                                                                                                                                                                                                                                                                                                                                                                                                                                                                                                                                                                                                                                                                                                                                                                                                                                         
SE8533007814,54930017DZPMKIX5C784,"TVÅ++AB:S PENSIONSSTIFTELSE NR 2.",,"Box 319, 442 1, Kungälv",,,                                                                                                                                                                                                                                                                                                                                                                                                                                                                                                                                                                                                                                                                                                                                                                                                                                                                                                                                     
SE8176061466,5493004S1J4DODIHWK67,"U-A MEKANISKA MASKINBEARB. UMB AB SÄRSK PENS.STI",,"Box 812, 751 0, Uppsala",,,                                                                                                                                                                                                                                                                                                                                                                                                                                                                                                                                                                                                                                                                                                                                                                                                                                                                                                                      
SE8024099833,6367004CSOYV5OXXN943,"UL PENSIONSSTIFTELSE",,"Box 5147, 402 2, Göteborg",,,                                                                                                                                                                                                                                                                                                                                                                                                                                                                                                                                                                                                                                                                                                                                                                                                                                                                                                                                                
SE8024238100,,"UL PENSIONSSTIFTELSE NR 2",,"Box 5147, 402 2, Göteborg",,,                                                                                                                                                                                                                                                                                                                                                                                                                                                                                                                                                                                                                                                                                                                                                                                                                                                                                                                                                               
SE8176067026,984500EAAUEZ765F0D78,"ULF KRIGSMAN SÄRSKILDA PENSIONSSTIFTELSE",,"Lyr-Låssbo 320, 474 9, Nösund",,,                                                                                                                                                                                                                                                                                                                                                                                                                                                                                                                                                                                                                                                                                                                                                                                                                                                                                                                        
SE8572061144,254900O7JFORU83IOF14,"ULINCO INVEST AB:S PENSIONSSTIFTELSE",,"Furåsgläntan 1, 426 7, Västra Frölunda",,,                                                                                                                                                                                                                                                                                                                                                                                                                                                                                                                                                                                                                                                                                                                                                                                                                                                                                                                   
SE8940029328,,"Umeå Kommunkoncerns Pensionsstiftelse",,"Stadshuset, ekonomiavd, 901 8, Umeå",,,                                                                                                                                                                                                                                                                                                                                                                                                                                                                                                                                                                                                                                                                                                                                                                                                                                                                                                                                         
SE8024259510,,"Umeå Kommuns pensionsstiftelse",,"Ekonomiavdelningen, 901 8, Umeå",,,                                                                                                                                                                                                                                                                                                                                                                                                                                                                                                                                                                                                                                                                                                                                                                                                                                                                                                                                                    
SE8164004148,549300VPIL6QW0U5RK02,"Understödsföreningen PROMETHEUS",,"Lilla Nygatan 13, 111 2, Stockholm",,,                                                                                                                                                                                                                                                                                                                                                                                                                                                                                                                                                                                                                                                                                                                                                                                                                                                                                                                            
SE8024778428,,"UNNARYD MODELL AB:S PENSIONSSTIFTELSE",,"Box 5390, 402 2, Göteborg",,,                                                                                                                                                                                                                                                                                                                                                                                                                                                                                                                                                                                                                                                                                                                                                                                                                                                                                                                                                   
SE8176012394,5493006E23F7MUBIR789,"UPPLANDS GÅRDAR AB:S PENSIONSSTIFTELSE",,"Skolgatan 6, 753 1, Uppsala",,,                                                                                                                                                                                                                                                                                                                                                                                                                                                                                                                                                                                                                                                                                                                                                                                                                                                                                                                            
SE8024778972,549300GYKPHG66S2G350,"Uppsala läns pensionsstiftelse",,"Kommunledningskontoret, 753 7, Uppsala",,,                                                                                                                                                                                                                                                                                                                                                                                                                                                                                                                                                                                                                                                                                                                                                                                                                                                                                                                         
SE8176012386,5493004QM5AHK94NOF44,"UPPSALA VILLOR AB:S PENSIONSSTIFTELSE",,"Skolgatan 6, 753 1, Uppsala",,,                                                                                                                                                                                                                                                                                                                                                                                                                                                                                                                                                                                                                                                                                                                                                                                                                                                                                                                             
SE8024250048,8945008OJXTQ3TU06V18,"URJ SCHAKTFRIA AB:S PENSIONSSTIFTELSE",,"Lovisas Väg 6, 439 7, Fjärås",,,                                                                                                                                                                                                                                                                                                                                                                                                                                                                                                                                                                                                                                                                                                                                                                                                                                                                                                                            
SE8020162890,,"USON MARKETING AB:S SÄRSKILDA PENSIONSSTIFTELSE",,"Box 17175, 104 6, Stockholm",,,                                                                                                                                                                                                                                                                                                                                                                                                                                                                                                                                                                                                                                                                                                                                                                                                                                                                                                                                       
SE8024232012,,"VALLINGEDAL AB:S SÄRSKILDA PENSIONS-STIFTELSE",,"Vallingedal Oppgården, 590 4, Horn",,,                                                                                                                                                                                                                                                                                                                                                                                                                                                                                                                                                                                                                                                                                                                                                                                                                                                                                                                                  
SE8024242615,549300W1RJDANIU0KL47,"VALVETS PENSIONSSTIFTELSE",,"Box 319, 442 1, Kungälv",,,                                                                                                                                                                                                                                                                                                                                                                                                                                                                                                                                                                                                                                                                                                                                                                                                                                                                                                                                             
SE8024257340,254900I5OLHCASCOAB02,"VANPELT CONSULTING AB:S PENSIONSSTIFTELSE",,"Sisselbodavägen 704, 824 3, Hudiksvall",,,                                                                                                                                                                                                                                                                                                                                                                                                                                                                                                                                                                                                                                                                                                                                                                                                                                                                                                              
SE8024818828,894500V1DKB7T0KUBX19,"VARUHUSET FLYGFYREN AB:S SÄRSKILDA PENSIONSSTIFTELSE",,"Box 284, 761 2, Norrtälje",,,                                                                                                                                                                                                                                                                                                                                                                                                                                                                                                                                                                                                                                                                                                                                                                                                                                                                                                                
SE8460023099,549300MMQ6X4D7SJ1Y78,"VÄSTERHAVET KONSULT AB:S PENS.STIFT",,"Ronnebygatan 1, 374 3, Karlshamn",,,                                                                                                                                                                                                                                                                                                                                                                                                                                                                                                                                                                                                                                                                                                                                                                                                                                                                                                                          
SE8572053737,549300RDX6SBX4JY3T46,"VÄSTREVISION AB PENSIONSSTIFTELSE",,"Datavägen 14, 436 3, Askim",,,                                                                                                                                                                                                                                                                                                                                                                                                                                                                                                                                                                                                                                                                                                                                                                                                                                                                                                                                  
SE8020017177,549300TCL8GY5276Q704,"VENDELA KAIJSERS PENSIONS- OCH STIPENDIEFOND",,"Handelsbanken, Stiftelsetjänst, 106 7, Stockholm",,,                                                                                                                                                                                                                                                                                                                                                                                                                                                                                                                                                                                                                                                                                                                                                                                                                                                                                                 
SE8164004056,5493003EZ3QLZ84GKV06,"VFF Pension Tjänstepensionsförening",,"Götaverksgatan 2, 417 5, Göteborg",,,                                                                                                                                                                                                                                                                                                                                                                                                                                                                                                                                                                                                                                                                                                                                                                                                                                                                                                                         
SE8024791249,549300M9XAWFMZ8BBV12,"VIATI AB:S PENSIONSSTIFTELSE",,"Box 319, 442 1, Kungälv",,,                                                                                                                                                                                                                                                                                                                                                                                                                                                                                                                                                                                                                                                                                                                                                                                                                                                                                                                                          
SE8024798160,549300V7K5UJAGXZEJ75,"Viati Dalarna AB:S Pensionsstiftelse För M Fredriksson",,"Box 319, 442 1, Kungälv",,,                                                                                                                                                                                                                                                                                                                                                                                                                                                                                                                                                                                                                                                                                                                                                                                                                                                                                                                
SE8024269634,5493000B9QJ345ZZKF59,"VIATI GÖTEBORG AB:S PENSIONSSTIFTELSE FÖR INW",,"Box 319, 442 1, Kungälv",,,                                                                                                                                                                                                                                                                                                                                                                                                                                                                                                                                                                                                                                                                                                                                                                                                                                                                                                                         
SE8024256136,984500BD8EFA0C8AED78,"VILLA BJÖRKBACKENS SÄRSKILDA PENSIONSSTIFTELSE",,"Rehnsgatan 24, 113 5, Stockholm",,,                                                                                                                                                                                                                                                                                                                                                                                                                                                                                                                                                                                                                                                                                                                                                                                                                                                                                                                
SE8152011428,,"VILTON MÅLERI I SOLLENTUNA AB:S SÄRSK. PENS.STIFT. FÖR C FORSBERG",,"Bävervägen 11, 191 3, Sollentuna",,,                                                                                                                                                                                                                                                                                                                                                                                                                                                                                                                                                                                                                                                                                                                                                                                                                                                                                                                
SE8572052549,549300FPEU4E8SBOI641,"VINVENT AB:S PENSIONSSTIFTELSE",,"Box 5390, 402 2, Göteborg",,,                                                                                                                                                                                                                                                                                                                                                                                                                                                                                                                                                                                                                                                                                                                                                                                                                                                                                                                                      
SE8020078237,549300P4WINWG8C4T866,"Visions pensionsstiftelse",,"Box 7, Box 5147, 402 2, Göteborg",,,                                                                                                                                                                                                                                                                                                                                                                                                                                                                                                                                                                                                                                                                                                                                                                                                                                                                                                                                    
SE8465028176,549300LQB1BL5ERMCD84,"VISOP AB SÄRSKILDA PENSIONSSTIFTELSE",,"Karbinvägen 12, 226 4, Lund",,,                                                                                                                                                                                                                                                                                                                                                                                                                                                                                                                                                                                                                                                                                                                                                                                                                                                                                                                              
SE8024257597,549300T632AGFBSYUU25,"VIVAX AB SÄRSKILDA PENSIONSSTIFTELSE",,"Rävbacken, 590 3, Kisa",,,                                                                                                                                                                                                                                                                                                                                                                                                                                                                                                                                                                                                                                                                                                                                                                                                                                                                                                                                   
SE8024242623,549300HVWTX16M18JP29,"VOLLSJÖ MJÖLKTRANSPORT AB:S SÄRSKILDA PENSIONSSTIFTELSE",,"Flygelvägen 171, 224 7, Lund",,,                                                                                                                                                                                                                                                                                                                                                                                                                                                                                                                                                                                                                                                                                                                                                                                                                                                                                                          
SE8551040408,549300PKXN83H8CSJF31,"Volvo Pensionsstiftelse",,"Amazonvägen, 418 7, Göteborg",,,                                                                                                                                                                                                                                                                                                                                                                                                                                                                                                                                                                                                                                                                                                                                                                                                                                                                                                                                          
SE8024240122,549300ULUP67TJVG9603,"Volvo Personvagnars Pensionsstiftelse",,"Box 5, Assar Gabrielssons Väg, 402 2, Göteborg",,,                                                                                                                                                                                                                                                                                                                                                                                                                                                                                                                                                                                                                                                                                                                                                                                                                                                                                                          
SE8575000081,549300IBYK2FF6AN5U29,"Volvokoncernens Pensionsstiftelse A:II 1995",,"Box 5147, 402 2, Göteborg",,,                                                                                                                                                                                                                                                                                                                                                                                                                                                                                                                                                                                                                                                                                                                                                                                                                                                                                                                         
SE8024248273,549300K73UBXCMBS4H26,"VUCINS CONSULTING AB:S PENSIONSSTIFTELSE",,"Havsstigen 12, 133 3, Saltsjöbaden",,,                                                                                                                                                                                                                                                                                                                                                                                                                                                                                                                                                                                                                                                                                                                                                                                                                                                                                                                   
SE8572052200,,"VVS-TEAMET I GÖTEBORGAB:S PENSIONSSTIFTELSE",,"Box 319, 442 1, Kungälv",,,                                                                                                                                                                                                                                                                                                                                                                                                                                                                                                                                                                                                                                                                                                                                                                                                                                                                                                                                               
SE8024776018,549300YH668DP4QVLF67,"WI-FIVE AB:S PENSIONSSTIFTELSE",,"Box 319, 442 1, Kungälv",,,                                                                                                                                                                                                                                                                                                                                                                                                                                                                                                                                                                                                                                                                                                                                                                                                                                                                                                                                        
SE8024778741,894500K1TINWTTUYDQ43,"WIKHAN PENSIONSSTIFTELSE",,"Box 5390, 402 2, Göteborg",,,                                                                                                                                                                                                                                                                                                                                                                                                                                                                                                                                                                                                                                                                                                                                                                                                                                                                                                                                            
SE8120005395,5493005I6HOGPSUP2Q40,"WORLD WIDE AUTO SPORT SW.I VAXH AB:S PENSIONSSTI",,"Lotsgatan 1, 185 0, Vaxholm",,,                                                                                                                                                                                                                                                                                                                                                                                                                                                                                                                                                                                                                                                                                                                                                                                                                                                                                                                  
SE8024266549,5493001KJ85CFUFMNY98,"XTRAVAGANZA AB:S SÄRSKILDA PENSIONS- STIFTELSE",,"Gjutare Granströms Gata 2, 722 1, Västerås",,,                                                                                                                                                                                                                                                                                                                                                                                                                                                                                                                                                                                                                                                                                                                                                                                                                                                                                                     
SE8024252150,549300CXKXWSOZCOCC41,"ZAMS REVISION AB:S SÄRSKILDA PENSIONSSTIFTELSE",,"Saltviksvägen 99, 572 9, Oskarshamn",,,                                                                                                                                                                                                                                                                                                                                                                                                                                                                                                                                                                                                                                                                                                                                                                                                                                                                                                            
SE8572071333,549300BNA8B43N87RI94,"ZEBRO K JOHANSSON AB:S SÄRSK PENSIONSSTIFTELSE",,"Box 5, 402 2, Mölndal",,,                                                                                                                                                                                                                                                                                                                                                                                                                                                                                                                                                                                                                                                                                                                                                                                                                                                                                                                          
SE8120003366,549300TMB1MY38YKFX19,"ZELDA AB:S SÄRSKILDA PENSIONSSTIFTELSE",,"Box 5390, 402 2, Göteborg",,,                                                                                                                                                                                                                                                                                                                                                                                                                                                                                                                                                                                                                                                                                                                                                                                                                                                                                                                              
SE8024241914,,"ZERNES FASTIGHETER AB PENSIONSSTIFTELSE",,"Stenfalksvägen 4, 123 5, Farsta",,,                                                                                                                                                                                                                                                                                                                                                                                                                                                                                                                                                                                                                                                                                                                                                                                                                                                                                                                                           
