CÓDIGO EUROPEO,LEI,NOMBRE,DIRECCIÓN,TIPO DE SEGURO,ENTIDAD MATRIZ                                                                                                                                                                                                                                                                                                                                                                                                                                                                                                                                                                                                                                                                                                                                                                                                                                                                                                                                                                      
IEC33489,635400GLGLBGMGUOHI85,"Acadia International Insurance dac","15 George's Quay, D02 V, Dublin",no-vida,                                                                                                                                                                                                                                                                                                                                                                                                                                                                                                                                                                                                                                                                                                                                                                                                                                                                                                                           
IECBI00448010,,"Accélérant Insurance Europe SA/NV (Irish Branch)","The Victorians, 15-18 Earlsfort Terrace, D05 Y, Dublin",no-vida,BE0758632842                                                                                                                                                                                                                                                                                                                                                                                                                                                                                                                                                                                                                                                                                                                                                                                                                                                                                         
IECBI00455894,213800C11S3JDZKLQW24,"ACORN LIFE - CAUTIOUSLY MANAGED FUND","ST. AUGUSTINE STREET, H91 F, GALWAY",vida,                                                                                                                                                                                                                                                                                                                                                                                                                                                                                                                                                                                                                                                                                                                                                                                                                                                                                                                   
IECBI00449591,2138006NJ3ZNQRDDVT84,"ACORN LIFE - MANAGED FUND","ST. AUGUSTINE STREET, H91PN, GALWAY",vida,                                                                                                                                                                                                                                                                                                                                                                                                                                                                                                                                                                                                                                                                                                                                                                                                                                                                                                                              
IECBI00449590,213800LPUXZLY7FZ1Q18,"ACORN LIFE - MANAGED GROWTH FUND","ST. AUGUSTINE STREET, H91 F, GALWAY",vida,                                                                                                                                                                                                                                                                                                                                                                                                                                                                                                                                                                                                                                                                                                                                                                                                                                                                                                                       
IEC703,635400NDPDLB7KJWFG98,"Acorn Life Designated Activity Company","NZI Plaza Saint Augustine Street, H91 P, Galway",vida,                                                                                                                                                                                                                                                                                                                                                                                                                                                                                                                                                                                                                                                                                                                                                                                                                                                                                                            
IEC37887,635400T8HI2YBZTRGO46,"Adidas International Re dac","15 George's Quay, D02VR, Dublin",reaseguros,                                                                                                                                                                                                                                                                                                                                                                                                                                                                                                                                                                                                                                                                                                                                                                                                                                                                                                                               
IEC72204,635400TUWJPYBPIU1V65,"Advent Insurance Designated Activity Company","C/O MARSH MANAGEMENT SERVICES (DUBLIN) LIMITED, The Frame, 74 Baggot Street Lower,, D02XD, Dublin",no-vida,                                                                                                                                                                                                                                                                                                                                                                                                                                                                                                                                                                                                                                                                                                                                                                                                                                               
IEC180872,,"AIG Europe S.A. (Irish Branch)","30 North Wall Quay, IFSC, D01 R, Dublin",no-vida,LURCSB0218806                                                                                                                                                                                                                                                                                                                                                                                                                                                                                                                                                                                                                                                                                                                                                                                                                                                                                                                             
IEC50495,529900ZJCA8LOT6XX119,"Allianz Global Life Designated Activity Company","Allianz House Elmpark Merrion Road, D04 Y, Dublin",vida,                                                                                                                                                                                                                                                                                                                                                                                                                                                                                                                                                                                                                                                                                                                                                                                                                                                                                               
IEC33521,635400BFGESLKMXBZV15,"Allianz Plc","Allianz House Elm Park Merrion Road, D04 Y, Dublin",no-vida,                                                                                                                                                                                                                                                                                                                                                                                                                                                                                                                                                                                                                                                                                                                                                                                                                                                                                                                               
IEC38674,529900KDXMUUS7EMLJ38,"Allianz Re Dublin Designated Activity Company","Allianz House Elmpark Merrion Road, D04 Y, Dublin",reaseguros,                                                                                                                                                                                                                                                                                                                                                                                                                                                                                                                                                                                                                                                                                                                                                                                                                                                                                           
IEC33650,549300TLQ4YKXNEIJM60,"Allied World Assurance Company (Europe) dac","3rd Floor Georges Quay Plaza Georges Quay, D02 E, Dublin",no-vida,                                                                                                                                                                                                                                                                                                                                                                                                                                                                                                                                                                                                                                                                                                                                                                                                                                                                                         
IEC40425,635400TLRBQHUNKTGQ71,"Alpitour Reinsurance Company dac","30 North Wall Quay IFSC, D01 R, Dublin",reaseguros,                                                                                                                                                                                                                                                                                                                                                                                                                                                                                                                                                                                                                                                                                                                                                                                                                                                                                                                   
IEC33525,6354001BBLJ9J7EM3848,"Amtrust International Underwriters DAC","6-8 College Green, D02 V, Dublin",no-vida,                                                                                                                                                                                                                                                                                                                                                                                                                                                                                                                                                                                                                                                                                                                                                                                                                                                                                                                      
IEC194774,,"ARAG Allgemeine Versicherungs Aktiengesellschaft (Irish Branch)","7th Floor, 1 Hatch Street Upper, D02 P, Dublin",no-vida,DEA3G3W                                                                                                                                                                                                                                                                                                                                                                                                                                                                                                                                                                                                                                                                                                                                                                                                                                                                                           
IEC90125,6354005DZDWWWYUJYC44,"Arch Insurance (EU) dac","Level 2, Block 3 - The Oval, 160 Shelbourne Road, Ballsbridge, D04T8, Dublin",no-vida,                                                                                                                                                                                                                                                                                                                                                                                                                                                                                                                                                                                                                                                                                                                                                                                                                                                                                         
IEC51046,635400VVIBTGW39XQ438,"Arch Reinsurance Europe Underwriting dac","Level 2, Block 3, The Oval 160 Shelbourne Road Ballsbridge, D04 E, Dublin",reaseguros,                                                                                                                                                                                                                                                                                                                                                                                                                                                                                                                                                                                                                                                                                                                                                                                                                                                                        
IEC108215,549300LY5IA6HY3S1W49,"Arkema Insurance Designated Activity Company","C/O MARSH MANAGEMENT SERVICES (DUBLIN) LIMITED, The Frame, 74 Baggot Street Lower,, D02 X, Dublin",no-vida,                                                                                                                                                                                                                                                                                                                                                                                                                                                                                                                                                                                                                                                                                                                                                                                                                                              
IECBI00546469,635400OYYB4RHO1DUS90,"Athéna I Reinsurance Designated Activity Company","C/O MARSH MANAGEMENT SERVICES (DUBLIN) LIMITED, The Frame, 74 Baggot Street Lower,, D02 X, Dublin",reaseguros,                                                                                                                                                                                                                                                                                                                                                                                                                                                                                                                                                                                                                                                                                                                                                                                                                                   
IEC33678,,"Atradius Crédito y Caución S.A. de Seguros y Reaseguros (Irish Branch)","Hennebique Studio, Dame Lane, D02HC, Dublin",no-vida,ESA28008795                                                                                                                                                                                                                                                                                                                                                                                                                                                                                                                                                                                                                                                                                                                                                                                                                                                                                    
IEC171485,213800JMPSZ7KSGUG977,"Aviva Insurance Ireland Designated Activity Company","Cherrywood Business Park, Loughlinstown, D18 W, Dublin",no-vida,                                                                                                                                                                                                                                                                                                                                                                                                                                                                                                                                                                                                                                                                                                                                                                                                                                                                                  
IEC757,635400YD7OOB4VLZJC20,"Aviva Life & Pensions Ireland DAC","Aviva Life & Pensions Ireland DAC, Building 12, Cherrywood Business Park, D18 W, Dublin",vida,                                                                                                                                                                                                                                                                                                                                                                                                                                                                                                                                                                                                                                                                                                                                                                                                                                                                         
IEC135798,,"AWP Health & Life","15 Joyce Way Park West Business Campus Nangor Road, D12 A, Dublin",no-vida,                                                                                                                                                                                                                                                                                                                                                                                                                                                                                                                                                                                                                                                                                                                                                                                                                                                                                                                             
IEC135801,,"AWP Health & Life","15 Joyce Way Park West Business Campus Nangor Road, D12 A, Dublin",vida,FR401154679                                                                                                                                                                                                                                                                                                                                                                                                                                                                                                                                                                                                                                                                                                                                                                                                                                                                                                                     
IEC185503,,"AXA France IARD (Irish Branch)","Building 7000, Westpark, Shannon, V14 Y, Clare",no-vida,FR722057460                                                                                                                                                                                                                                                                                                                                                                                                                                                                                                                                                                                                                                                                                                                                                                                                                                                                                                                        
IEC185500,,"AXA France VIE (Irish Branch)","Building 7000, Westpark, Shannon, V14 Y, Clare",no-vida,FR310499959                                                                                                                                                                                                                                                                                                                                                                                                                                                                                                                                                                                                                                                                                                                                                                                                                                                                                                                         
IEC185501,,"AXA France VIE (Irish Branch)","Building 7000, Westpark, Shannon, V14 Y, Clare",vida,FR310499959                                                                                                                                                                                                                                                                                                                                                                                                                                                                                                                                                                                                                                                                                                                                                                                                                                                                                                                            
IEC713,RUG8Z5EEMCG1EUDUY939,"AXA Insurance DAC","Wolfe Tone House 43/45 Wolfe Tone Street, D01 H, Dublin",no-vida,                                                                                                                                                                                                                                                                                                                                                                                                                                                                                                                                                                                                                                                                                                                                                                                                                                                                                                                      
IEC40479,549300VZSVY64J454B32,"AXA Life Europe Designated Activity Company","Wolfe Tone House Wolfe Tone Street, D01HP, Dublin",vida,                                                                                                                                                                                                                                                                                                                                                                                                                                                                                                                                                                                                                                                                                                                                                                                                                                                                                                   
IEC33602,635400QNGHTDSGTJTA68,"AXA MPS Financial Designated Activity Company","Georges Quay Plaza 1 Georges Quay, D02 X, Dublin",vida,                                                                                                                                                                                                                                                                                                                                                                                                                                                                                                                                                                                                                                                                                                                                                                                                                                                                                                  
IEC37900,1CXZKMDN40884RF3K208,"AXIS Re SE","The Malt House, 7th Floor, Grand Canal Quay, D02 R, Dublin 2",reaseguros,                                                                                                                                                                                                                                                                                                                                                                                                                                                                                                                                                                                                                                                                                                                                                                                                                                                                                                                   
IEC33643,5XGKDHLH62U8HHSAE460,"AXIS Specialty Europe SE","The Malt House, 7th Floor, Grand Canal Quay, D02 R, Dublin",no-vida,                                                                                                                                                                                                                                                                                                                                                                                                                                                                                                                                                                                                                                                                                                                                                                                                                                                                                                          
IEC33676,635400CDH4BEZWGN6W58,"Azimut Life dac","1st Floor, Block C, One Park Place, Hatch Street Upper, D02 E, Dublin",vida,                                                                                                                                                                                                                                                                                                                                                                                                                                                                                                                                                                                                                                                                                                                                                                                                                                                                                                           
IEC33608,635400XMIMUCWVKSX570,"BBPM Life dac","Beaux Lane House Mercer Street Lower, D02 D, Dublin",vida,                                                                                                                                                                                                                                                                                                                                                                                                                                                                                                                                                                                                                                                                                                                                                                                                                                                                                                                               
IEC53853,549300WWULDAFCPEU084,"Beazley Insurance dac","2 Northwood Avenue, Santry, D09 X, Dublin",no-vida,                                                                                                                                                                                                                                                                                                                                                                                                                                                                                                                                                                                                                                                                                                                                                                                                                                                                                                                              
IEC37907,635400GYRTNZOPNFF732,"Becare dac","C/O MARSH MANAGEMENT SERVICES (DUBLIN) LIMITED, The Frame, 74 Baggot Street Lower,, D02 X, Dublin",reaseguros,                                                                                                                                                                                                                                                                                                                                                                                                                                                                                                                                                                                                                                                                                                                                                                                                                                                                              
IEC40457,635400NLSSWCLVQFUT98,"Berkeley Re dac","15 George's Quay, D02 V, Dublin",reaseguros,                                                                                                                                                                                                                                                                                                                                                                                                                                                                                                                                                                                                                                                                                                                                                                                                                                                                                                                                           
IEC182407,635400OT4VIDMAADLQ13,"Berkshire Hathaway European Insurance DAC","2nd Floor, 7 Grand Canal Street Lower, D02 K, Dublin",no-vida,                                                                                                                                                                                                                                                                                                                                                                                                                                                                                                                                                                                                                                                                                                                                                                                                                                                                                              
IEC40458,635400UG11AGIQ8RPB24,"Bilspedition Transport Operations Reinsurance Designated Activity Company","C/O MARSH MANAGEMENT SERVICES (DUBLIN) LIMITED, The Frame, 74 Baggot Street Lower,, D02 X, Dublin",reaseguros,                                                                                                                                                                                                                                                                                                                                                                                                                                                                                                                                                                                                                                                                                                                                                                                                               
IECBI00522758,6354003COSTXLGUFED82,"Blue Sky Re Designated Activity Company","C/O MARSH MANAGEMENT SERVICES (DUBLIN) LIMITED, The Frame, 74 Baggot Street Lower,, D02 X, Dublin",reaseguros,                                                                                                                                                                                                                                                                                                                                                                                                                                                                                                                                                                                                                                                                                                                                                                                                                                            
IEC37910,549300RUVJ1HYI98NN30,"BNP Paribas Vartry Reinsurance dac","Marsh Management Services (Dublin) Limited, The Frame, 74 Baggot Street Lower, Dublin 2, D02 N, Dublin",reaseguros,                                                                                                                                                                                                                                                                                                                                                                                                                                                                                                                                                                                                                                                                                                                                                                                                                                                 
IEC33637,635400ZAF97CXELCYI79,"Bridgehaven Europe Specialty Dac","Merrion Hall Strand Road Sandymount, D04 P, Dublin",no-vida,                                                                                                                                                                                                                                                                                                                                                                                                                                                                                                                                                                                                                                                                                                                                                                                                                                                                                                          
IEC131920,635400HG3MEL73IQLS15,"Brown Reinsurance dac","C/O MARSH MANAGEMENT SERVICES (DUBLIN) LIMITED, The Frame, 74 Baggot Street Lower,, D02 X, Dublin",reaseguros,                                                                                                                                                                                                                                                                                                                                                                                                                                                                                                                                                                                                                                                                                                                                                                                                                                                                  
IEC181631,5493006072O6UJMFL807,"Bupa Global Designated Activity Company","Second Floor, 10 Pembroke Place, Ballsbridge, D04 V, Dublin",no-vida,                                                                                                                                                                                                                                                                                                                                                                                                                                                                                                                                                                                                                                                                                                                                                                                                                                                                                         
IEC49231,6354003DZMQZDBKTUM95,"CA Auto Reinsurance Designated Activity Company","15/16 Holly Avenue, Stillorgan Industrial Park, Stillorgan, A94XA, Dublin",reaseguros,                                                                                                                                                                                                                                                                                                                                                                                                                                                                                                                                                                                                                                                                                                                                                                                                                                                                 
IEC33604,635400L1YTYKYSKSZB41,"CACI Life dac","Beaux Lane House Mercer Street Lower, D02 D, Dublin",vida,                                                                                                                                                                                                                                                                                                                                                                                                                                                                                                                                                                                                                                                                                                                                                                                                                                                                                                                               
IEC33605,635400THEYDAIONRRP31,"CACI Non-Life dac","Beaux Lane House Mercer Street Lower, D02 D, Dublin",no-vida,                                                                                                                                                                                                                                                                                                                                                                                                                                                                                                                                                                                                                                                                                                                                                                                                                                                                                                                        
IEC38008,635400V9R7Z62LMOVS66,"CACI Reinsurance dac","Beaux Lane House Mercer Street Lower, D02DH, Dublin",reaseguros,                                                                                                                                                                                                                                                                                                                                                                                                                                                                                                                                                                                                                                                                                                                                                                                                                                                                                                                  
IEC33618,213800ZK7A1XGTCD2U22,"Canada Life Assurance Europe PLC","14-15 Lower Abbey Street, D01 A, Dublin",vida,                                                                                                                                                                                                                                                                                                                                                                                                                                                                                                                                                                                                                                                                                                                                                                                                                                                                                                                        
IEC46547,635400L3E1R493ERBV46,"Canada Life International Assurance (Ireland) Designated Activity Company","Irish Life Centre Lower Abbey Street, D01 Y, Dublin",vida,                                                                                                                                                                                                                                                                                                                                                                                                                                                                                                                                                                                                                                                                                                                                                                                                                                                                   
IEC37952,635400ZKUEHGWBDMWG28,"Canada Life Re Ireland DAC","Irish Life Building, Lower Abbey Street, D01 P, Dublin",reaseguros,                                                                                                                                                                                                                                                                                                                                                                                                                                                                                                                                                                                                                                                                                                                                                                                                                                                                                                         
IEC33570,549300MJZ4EHFH61YM19,"Canterbury Insurance dac","Aon Insurance, 15 George's Quay, D02 V, Dublin",no-vida,                                                                                                                                                                                                                                                                                                                                                                                                                                                                                                                                                                                                                                                                                                                                                                                                                                                                                                                      
IEC33642,635400KISSIRFDGIGX71,"Carraig Insurance dac","15 George's Quay, D02VR, Dublin",no-vida,                                                                                                                                                                                                                                                                                                                                                                                                                                                                                                                                                                                                                                                                                                                                                                                                                                                                                                                                        
IEC33526,635400MPMJYOS2NWZE52,"CBL Insurance Europe dac (under administration)","13 Fitzwilliam Street Upper, D02DE, Dublin",no-vida,                                                                                                                                                                                                                                                                                                                                                                                                                                                                                                                                                                                                                                                                                                                                                                                                                                                                                                   
IECBI00418082,635400GLHWBMCPTCF702,"CCHBC Reinsurance Designated Activity Company","15 George's Quay, D02VR, Dublin",reaseguros,                                                                                                                                                                                                                                                                                                                                                                                                                                                                                                                                                                                                                                                                                                                                                                                                                                                                                                        
IEC161757,635400AVTXGSXV4ZBZ80,"Chaucer Insurance Company Designated Activity Company","The Greenway, 112-114 St Stephen's Green, D02 T, Dublin",no-vida,                                                                                                                                                                                                                                                                                                                                                                                                                                                                                                                                                                                                                                                                                                                                                                                                                                                                               
IEC33672,,"Chubb European Group SE (Irish Branch)","5 Georges Dock, IFSC, D01 X, Dublin",no-vida,                                                                                                                                                                                                                                                                                                                                                                                                                                                                                                                                                                                                                                                                                                                                                                                                                                                                                                                                       
IEC136600,635400BRORW7ECQWDH76,"Classic Brand (Europe) Designated Activity Company","C/O MARSH MANAGEMENT SERVICES (DUBLIN) LIMITED, The Frame, 74 Baggot Street Lower,, D02 X, Dublin",reaseguros,                                                                                                                                                                                                                                                                                                                                                                                                                                                                                                                                                                                                                                                                                                                                                                                                                                     
IEC33609,635400VBRWZ7L36SLG55,"CNP Europe Life dac","2nd Floor, Three Park Place, Hatch Street, D02 F, Dublin",vida,                                                                                                                                                                                                                                                                                                                                                                                                                                                                                                                                                                                                                                                                                                                                                                                                                                                                                                                    
IEC85775,6354001NC5BJ3Z7GSG05,"CNP Santander Insurance Europe Designated Activity Company","2nd Floor Three Park Place Hatch Street, D02 N, Dublin",no-vida,                                                                                                                                                                                                                                                                                                                                                                                                                                                                                                                                                                                                                                                                                                                                                                                                                                                                            
IEC85771,635400FVDVPKRG2JWN68,"CNP Santander Insurance Life Designated Activity Company","2nd Floor Three Park Place Hatch Street, D02 F, Dublin",vida,                                                                                                                                                                                                                                                                                                                                                                                                                                                                                                                                                                                                                                                                                                                                                                                                                                                                                 
IEC33671,635400YNWOMW6GM1FK60,"CODEVE Insurance Company dac","Elm Park, Merrion Road, D04 P, Dublin",no-vida,                                                                                                                                                                                                                                                                                                                                                                                                                                                                                                                                                                                                                                                                                                                                                                                                                                                                                                                           
IEC33663,,"Compagnie Francaise D'Assurance pour le Commerce Exterieur","Suite 101-102, 13 Merrion Square, D02 H, Dublin",no-vida,FR552069791                                                                                                                                                                                                                                                                                                                                                                                                                                                                                                                                                                                                                                                                                                                                                                                                                                                                                            
IECBI00427718,635400BW5V4CI2LTDW87,"Companjon Insurance Designated Activity Company","Custom House Plaza, Harbourmaster Place, IFSC, D01 V, Dublin",no-vida,                                                                                                                                                                                                                                                                                                                                                                                                                                                                                                                                                                                                                                                                                                                                                                                                                                                                            
IEC33667,635400YD8RFNGQLC8L38,"Coromin Insurance (Ireland) Designated Activity Company","C/O MARSH MANAGEMENT SERVICES (DUBLIN) LIMITED, The Frame, 74 Baggot Street Lower,, D02 X, Dublin",no-vida,                                                                                                                                                                                                                                                                                                                                                                                                                                                                                                                                                                                                                                                                                                                                                                                                                                    
IECBI00445557,894500JWQWQKL3IZD993,"Coverys International Insurance Company Designated Activity Company","Viscount House, 6-7 Fitzwilliam Square East, D02Y4, Dublin",no-vida,                                                                                                                                                                                                                                                                                                                                                                                                                                                                                                                                                                                                                                                                                                                                                                                                                                                          
IECBI00442208,,"Credendo - Guarantees and Specialty Risks (Irish Branch)","Suite 432,, 1 Horgans Quay, T23 P, Cork",no-vida,BE0864602471                                                                                                                                                                                                                                                                                                                                                                                                                                                                                                                                                                                                                                                                                                                                                                                                                                                                                                
IEC41772,635400OYQH6IOAPOFU48,"Darep dac","13 Fitzwilliam Street Upper, D02 V, Dublin",reaseguros,                                                                                                                                                                                                                                                                                                                                                                                                                                                                                                                                                                                                                                                                                                                                                                                                                                                                                                                                      
IEC37903,549300CE590IOSTGR728,"Darnell Designated Activity Company","Elm Park Merrion Road, D04 Y, Dublin",reaseguros,                                                                                                                                                                                                                                                                                                                                                                                                                                                                                                                                                                                                                                                                                                                                                                                                                                                                                                                  
IEC33655,WUYDW18YG7QXGWBK3804,"Darta Saving Life Assurance dac","Maple House Temple Road Blackrock, A94 Y, Dublin",vida,                                                                                                                                                                                                                                                                                                                                                                                                                                                                                                                                                                                                                                                                                                                                                                                                                                                                                                                
IEC129215,635400ZZ1BGEPGVAQS16,"DCC Group Insurances Designated Activity Company","C/O MARSH MANAGEMENT SERVICES (DUBLIN) LIMITED, The Frame, 74 Baggot Street Lower,, D02 X, Dublin",no-vida,                                                                                                                                                                                                                                                                                                                                                                                                                                                                                                                                                                                                                                                                                                                                                                                                                                          
IEC34643,635400XYX2PSAPHIFE75,"Decare Dental Insurance Ireland Limited","Unit 10A, Lakeside Retail Park, Claremorris, F12 K, Mayo",no-vida,                                                                                                                                                                                                                                                                                                                                                                                                                                                                                                                                                                                                                                                                                                                                                                                                                                                                                             
IEC37905,635400HNFYUBUFMN5Z98,"DLL Re dac","7th Floor, 76 Sir John Rogerson's Quay, D01 H, Dublin",reaseguros,                                                                                                                                                                                                                                                                                                                                                                                                                                                                                                                                                                                                                                                                                                                                                                                                                                                                                                                          
IEC40462,5299001YBKTQB84J4E82,"DSV Insurance DAC","3rd Floor, Unit F and G,  Furry Park Industrial Estate, Santry,, D09 X, Dublin",no-vida,                                                                                                                                                                                                                                                                                                                                                                                                                                                                                                                                                                                                                                                                                                                                                                                                                                                                                             
IEC37916,635400SWG7VIYDZQ4U30,"DVA Reinsurance Designated Activity Company","C/O MARSH MANAGEMENT SERVICES (DUBLIN) LIMITED, The Frame, 74 Baggot Street Lower,, D02 X, Dublin",reaseguros,                                                                                                                                                                                                                                                                                                                                                                                                                                                                                                                                                                                                                                                                                                                                                                                                                                             
IEC33507,984500B92DA38B2FUE85,"Ecclesiastical Insurance Office plc","2nd Floor, Block F2, EastPoint,, D03 T, Dublin",no-vida,GB0ECBM05088                                                                                                                                                                                                                                                                                                                                                                                                                                                                                                                                                                                                                                                                                                                                                                                                                                                                                               
IEC749,635400SOYBXW4XBIRY60,"ECCU Assurance dac","77 Sir John Rogerson's Quay, Block C, Grand Canal Docklands, D02 V, Dublin",vida,                                                                                                                                                                                                                                                                                                                                                                                                                                                                                                                                                                                                                                                                                                                                                                                                                                                                                                     
IECBI00449605,635400W1MRCUU7NUZA72,"Empremedia Re Designated Activity Company","C/O MARSH MANAGEMENT SERVICES (DUBLIN) LIMITED, The Frame, 74 Baggot Street Lower,, D02 X, Dublin",reaseguros,                                                                                                                                                                                                                                                                                                                                                                                                                                                                                                                                                                                                                                                                                                                                                                                                                                          
IECBI00565716,635400IBXEUBDMYPVM67,"EP Insurance Designated Activity Company","13 Fitzwilliam Street Upper, D02 V, Dublin",no-vida,                                                                                                                                                                                                                                                                                                                                                                                                                                                                                                                                                                                                                                                                                                                                                                                                                                                                                                     
IEC93815,,"Euler Hermes S.A. (N.V.)","Allianz House, Elmpark, Merrion Road, D04 Y, DUBLIN",no-vida,BE0403248596                                                                                                                                                                                                                                                                                                                                                                                                                                                                                                                                                                                                                                                                                                                                                                                                                                                                                                                         
IEC33597,635400IRTVPBIDYQM897,"Euro Insurances dac","Second Floor, Block C, Central Park,, D18X5, Dublin",no-vida,                                                                                                                                                                                                                                                                                                                                                                                                                                                                                                                                                                                                                                                                                                                                                                                                                                                                                                                      
IEC33673,,"Europ Assistance S.A. Irish Branch","Central Quay, Ground Floor, Block B, Riverside IV,, Sir John Rogerson's Quay, D02 R, Dublin",no-vida,FR451366405                                                                                                                                                                                                                                                                                                                                                                                                                                                                                                                                                                                                                                                                                                                                                                                                                                                                        
IEC166404,63540039BXZL8247B421,"Everest Insurance (Ireland) Designated Activity Company","Huguenot House 35-38 St Stephen's Green, D02NX, Dublin",no-vida,                                                                                                                                                                                                                                                                                                                                                                                                                                                                                                                                                                                                                                                                                                                                                                                                                                                                              
IEC53854,635400N7PMGBKMLM7Y30,"Everest Reinsurance Company (Ireland) dac","rd Floor Huguenot House, 35-38 St Stephen's Green, D02 N, Dublin",reaseguros,                                                                                                                                                                                                                                                                                                                                                                                                                                                                                                                                                                                                                                                                                                                                                                                                                                                                                
IEC752,635400HQZXKIXB5YCS61,"FBD Insurance Plc","FBD House Bluebell, D12Y0, Dublin",no-vida,                                                                                                                                                                                                                                                                                                                                                                                                                                                                                                                                                                                                                                                                                                                                                                                                                                                                                                                                            
IEC33629,6354004DCXXTSLKWUZ20,"FDI Insurance Designated Activity Company","Elm Park Merrion Road, D04 P, Dublin",no-vida,                                                                                                                                                                                                                                                                                                                                                                                                                                                                                                                                                                                                                                                                                                                                                                                                                                                                                                               
IEC95755,549300BROPTDCR125G23,"FIL Life Insurance (Ireland) dac","Georges Quay House 43 Townsend St, D02 V, Dublin",vida,                                                                                                                                                                                                                                                                                                                                                                                                                                                                                                                                                                                                                                                                                                                                                                                                                                                                                                               
IECBI00500114,,"Försäkringsaktiebolaget Agria (publ)","PO Box 911, South City DSU, T12 C, Cork",no-vida,SE5164018003                                                                                                                                                                                                                                                                                                                                                                                                                                                                                                                                                                                                                                                                                                                                                                                                                                                                                                                    
IEC127574,635400LHEYS5JUNZ4235,"Gasrule Insurance dac","15 George's Quay, D02VR, Dublin",no-vida,                                                                                                                                                                                                                                                                                                                                                                                                                                                                                                                                                                                                                                                                                                                                                                                                                                                                                                                                       
IEC33513,5493006KDYNUT4YZ6402,"GD Insurance Company dac","C/O MARSH MANAGEMENT SERVICES (DUBLIN) LIMITED, The Frame, 74 Baggot Street Lower,, D02 X, Dublin",no-vida,                                                                                                                                                                                                                                                                                                                                                                                                                                                                                                                                                                                                                                                                                                                                                                                                                                                                   
IEC188019,,"Generali Seguros y Reaseguros S.A.U - Ireland Branch","5 Town Hall Place, Farnham Street, Cavan, H12 V, Cavan",no-vida,ESA48037642                                                                                                                                                                                                                                                                                                                                                                                                                                                                                                                                                                                                                                                                                                                                                                                                                                                                                          
IEC33630,,"Generali Seguros y Reaseguros, S.A.U - Ireland Branch","5 Town Hall Place, Farnham Street, Cavan, H12 V, Cavan",vida,ESA48037642                                                                                                                                                                                                                                                                                                                                                                                                                                                                                                                                                                                                                                                                                                                                                                                                                                                                                             
IEC34479,635400UCIHHMUXBWLN80,"Great American International Insurance (EU) dac","Station House Main Street Malahide, K36 K, Dublin",no-vida,                                                                                                                                                                                                                                                                                                                                                                                                                                                                                                                                                                                                                                                                                                                                                                                                                                                                                            
IECBI00490549,,"Great Lakes Insurance SE (Irish branch)","Fifth Floor, East Wing of the Reflector, 8 Hanover Quay, Dublin 2., D02R5, Dublin",no-vida,DEA06HT                                                                                                                                                                                                                                                                                                                                                                                                                                                                                                                                                                                                                                                                                                                                                                                                                                                                            
IEC66354,635400ETPQSTDDK4WG55,"Greenlight Reinsurance Ireland dac","50 City Quay, D02 F, Dublin",reaseguros,                                                                                                                                                                                                                                                                                                                                                                                                                                                                                                                                                                                                                                                                                                                                                                                                                                                                                                                            
IEC45741,2138003HZY381VQ28Z03,"Greenval Insurance dac","2nd Floor, The Anchorage, 17-19 Sir John Rogerson's Quay, D02 D, Dublin",no-vida,                                                                                                                                                                                                                                                                                                                                                                                                                                                                                                                                                                                                                                                                                                                                                                                                                                                                                               
IEC69793,635400ZZGS5FDNUIJX46,"Hamilton Insurance Designated Activity Company","2 Shelbourne Buildings Shelbourne Road Ballsbridge, D04 W, Dublin",no-vida,                                                                                                                                                                                                                                                                                                                                                                                                                                                                                                                                                                                                                                                                                                                                                                                                                                                                             
IEC37940,529900UG47HZHDYUAF16,"Hannover Re (Ireland) DAC","6th Floor, 3 Dublin Landings, North Wall Quay, D01 C, Dublin",reaseguros,                                                                                                                                                                                                                                                                                                                                                                                                                                                                                                                                                                                                                                                                                                                                                                                                                                                                                                    
IEC33468,213800NAAZ91YMGTVM37,"Hansard Europe Designated Activity Company","Ground Floor, 6 Exchange Place, IFSC, D01 T, Dublin",vida,                                                                                                                                                                                                                                                                                                                                                                                                                                                                                                                                                                                                                                                                                                                                                                                                                                                                                                  
IEC33488,635400RKRNPGLTBBK217,"Hawthorn Life Designated Activity Company","Unit 5/6 GA, Swords Business Campus, Balheary Road, Swords, K67 X, Dublin",vida,                                                                                                                                                                                                                                                                                                                                                                                                                                                                                                                                                                                                                                                                                                                                                                                                                                                                             
IECBI00438087,635400YDDZ88AKGNMB02,"Haystack Re Designated Activity Company","Lady's Well Brewery, Leitrim Street, Shandon, T23 V, Cork",reaseguros,                                                                                                                                                                                                                                                                                                                                                                                                                                                                                                                                                                                                                                                                                                                                                                                                                                                                                    
IEC740,,"HCC International Insurance Company plc","Summit House Embassy Park Kill, W91 V, Kildare",no-vida,GB0ECBM05112                                                                                                                                                                                                                                                                                                                                                                                                                                                                                                                                                                                                                                                                                                                                                                                                                                                                                                                 
IEC64131,,"HDI Global SE (Ireland Branch)","Merrion House Strand Road Sandymount, D04 P, Dublin",no-vida,DEA0E8F                                                                                                                                                                                                                                                                                                                                                                                                                                                                                                                                                                                                                                                                                                                                                                                                                                                                                                                        
IEC55917,635400LY9W2REPRNRV92,"HDI Reinsurance (Ireland) SE","Hampton House, 27 Lower Mount Street, D02 F, Dublin",reaseguros,                                                                                                                                                                                                                                                                                                                                                                                                                                                                                                                                                                                                                                                                                                                                                                                                                                                                                                          
IEC184313,,"Hiscox S.A (Irish Branch)","The Observatory, 7-11 Sir John Rogerson's Quay, D02 X, Dublin",no-vida,LURCSB0217018                                                                                                                                                                                                                                                                                                                                                                                                                                                                                                                                                                                                                                                                                                                                                                                                                                                                                                            
IEC50620,6354008RFWSJOE1WCU50,"HSB Engineering Insurance Limited","28 Windsor Place Lower Pembroke Street, D02 4, Dublin",no-vida,GB0ECBM05146                                                                                                                                                                                                                                                                                                                                                                                                                                                                                                                                                                                                                                                                                                                                                                                                                                                                                          
IEC182194,9845000271AFADBF4255,"HSF Health Plan Limited","5 West Gate Business Park, Kilrush Road, Ennis, V95 X, CLARE",no-vida,GBECBM198101                                                                                                                                                                                                                                                                                                                                                                                                                                                                                                                                                                                                                                                                                                                                                                                                                                                                                            
IEC33621,635400NEKI3GVELG6678,"InChiaro Life dac","Pembroke Hall, 38/39 Baggot Street Lower, D02 T, Dublin",vida,                                                                                                                                                                                                                                                                                                                                                                                                                                                                                                                                                                                                                                                                                                                                                                                                                                                                                                                       
IEC136596,635400LRNJHMFAFLVA84,"ING Captive Re dac","15 George's Quay, D02VR, Dublin",reaseguros,                                                                                                                                                                                                                                                                                                                                                                                                                                                                                                                                                                                                                                                                                                                                                                                                                                                                                                                                       
IEC750,635400PUDJ8XTX9SFW67,"Intact Insurance Ireland DAC","Intact House, Dundrum Town Centre, Sandyford Road, D16 F, Dublin",no-vida,                                                                                                                                                                                                                                                                                                                                                                                                                                                                                                                                                                                                                                                                                                                                                                                                                                                                                                  
IECBI00521208,,"Intesa Sanpaolo Assicurazioni S.p.A (Dublin Branch)","1st Floor, International House, 3 Harbour Master, D01 K, Dublin",vida,                                                                                                                                                                                                                                                                                                                                                                                                                                                                                                                                                                                                                                                                                                                                                                                                                                                                                            
IEC33649,635400QZEYG42FTPTX85,"Inveralmond Insurance dac","C/O MARSH MANAGEMENT SERVICES (DUBLIN) LIMITED, The Frame, 74 Baggot Street Lower,, D02 X, Dublin",no-vida,                                                                                                                                                                                                                                                                                                                                                                                                                                                                                                                                                                                                                                                                                                                                                                                                                                                                  
IEC774,635400OJKGA5UDUBR183,"IPB Insurance CLG","1 Grand Canal Square Grand Canal Harbour, D02P8, Dublin",no-vida,                                                                                                                                                                                                                                                                                                                                                                                                                                                                                                                                                                                                                                                                                                                                                                                                                                                                                                                      
IEC132935,,"iptiQ Life S.A., Irish Branch","38 Upper Mount Street, D02PR, Dublin",vida,LURCSB0184281                                                                                                                                                                                                                                                                                                                                                                                                                                                                                                                                                                                                                                                                                                                                                                                                                                                                                                                                    
IEC33470,YYV6S3OE6EWZYI2FFW31,"Irish Life Assurance Plc","Irish Life Centre Lower Abbey Street, D01 V, DUBLIN",vida,                                                                                                                                                                                                                                                                                                                                                                                                                                                                                                                                                                                                                                                                                                                                                                                                                                                                                                                    
IEC35821,213800CKQ3LRQAANL691,"Irish Life Health Designated Activity Company","Irish Life Centre, Lower Abbey Street, D01PK, DUBLIN",no-vida,                                                                                                                                                                                                                                                                                                                                                                                                                                                                                                                                                                                                                                                                                                                                                                                                                                                                                           
IEC41775,635400JLTDRUCQNNVC34,"Irsur dac","15 George's Quay, D02VR, Dublin",reaseguros,                                                                                                                                                                                                                                                                                                                                                                                                                                                                                                                                                                                                                                                                                                                                                                                                                                                                                                                                                 
IEC43682,635400TMBNFLGIKGGF05,"ITX Re Designated Activity Company","5th Floor, Block 5 Harcourt Centre Harcourt Road, D02 D, Dublin",reaseguros,                                                                                                                                                                                                                                                                                                                                                                                                                                                                                                                                                                                                                                                                                                                                                                                                                                                                                        
IECBI00523201,635400D6MW4WMVI42S36,"King Max Re Designated Activity Company","C/O MARSH MANAGEMENT SERVICES (DUBLIN) LIMITED, The Frame, 74 Baggot Street Lower,, D02 X, Dublin",reaseguros,                                                                                                                                                                                                                                                                                                                                                                                                                                                                                                                                                                                                                                                                                                                                                                                                                                            
IEC33527,213800BCO4XPXCFY7498,"Kingfisher Insurance dac","Willis Towers Watson House Elm Park Merrion Road, D04 P, Dublin",no-vida,                                                                                                                                                                                                                                                                                                                                                                                                                                                                                                                                                                                                                                                                                                                                                                                                                                                                                                     
IEC33633,635400XVVOPIODWMYY36,"KPN Insurance Company dac","Elm Park Merrion Road, D04 P, Dublin",no-vida,                                                                                                                                                                                                                                                                                                                                                                                                                                                                                                                                                                                                                                                                                                                                                                                                                                                                                                                               
IEC33651,,"Liberty Mutual Insurance Europe SE (Irish Branch)","2nd Floor, 55 Percy Place, D04 C, Dublin",no-vida,GB0ECBM05153                                                                                                                                                                                                                                                                                                                                                                                                                                                                                                                                                                                                                                                                                                                                                                                                                                                                                                           
IEC33569,635400HCYHEQFJMF6G50,"Lifeguard Insurance (Dublin) dac","15 George's Quay, D02VR, DUBLIN",no-vida,                                                                                                                                                                                                                                                                                                                                                                                                                                                                                                                                                                                                                                                                                                                                                                                                                                                                                                                             
IECBI00535613,635400VAABXOBOWHZR32,"Lion Re Designated Activity Company","C/O MARSH MANAGEMENT SERVICES (DUBLIN) LIMITED, The Frame, 74 Baggot Street Lower,, D02 X, Dublin",reaseguros,                                                                                                                                                                                                                                                                                                                                                                                                                                                                                                                                                                                                                                                                                                                                                                                                                                                
IEC184974,,"Lloyd's Insurance Company SA (Irish Branch)","7/8 Wilton Terrace, D02 K, Dublin",no-vida,BE0682594839                                                                                                                                                                                                                                                                                                                                                                                                                                                                                                                                                                                                                                                                                                                                                                                                                                                                                                                       
IEC38007,635400NIQEZBSN5WWE68,"Loomis Reinsurance Designated Activity Company","C/O MARSH MANAGEMENT SERVICES (DUBLIN) LIMITED, The Frame, 74 Baggot Street Lower,, D02 X, Dublin",reaseguros,                                                                                                                                                                                                                                                                                                                                                                                                                                                                                                                                                                                                                                                                                                                                                                                                                                          
IECBI00494377,213800XHNBJMLHYIZY58,"MANAGED HIGH EQUITY FUND","ST. Augustine Street,Galway, H91 F, Galway",vida,                                                                                                                                                                                                                                                                                                                                                                                                                                                                                                                                                                                                                                                                                                                                                                                                                                                                                                                        
IEC781,,"Mapfre Asistencia ASISTANCE Compania Internacional de Seguros y Reaseguros, S.A.","Ireland Assist House 22 - 26 Prospect Hill, H91 T, Galway",no-vida,ESA79194148                                                                                                                                                                                                                                                                                                                                                                                                                                                                                                                                                                                                                                                                                                                                                                                                                                                              
IEC187740,,"Markel Insurance SE","8 Wilton Terrace, D02 K, Dublin",no-vida,DEALI5C                                                                                                                                                                                                                                                                                                                                                                                                                                                                                                                                                                                                                                                                                                                                                                                                                                                                                                                                                      
IEC91233,213800R6DNGRSJEE8A60,"MBDA Insurance Designated Activity Company","Elm Park Merrion Road, D04 P, Dublin",no-vida,                                                                                                                                                                                                                                                                                                                                                                                                                                                                                                                                                                                                                                                                                                                                                                                                                                                                                                              
IEC33581,635400C7L8C5RGY8VK81,"Mediolanum International Life designated activity company","The Exchange, Georges Dock, IFSC, D01 P, DUBLIN",vida,                                                                                                                                                                                                                                                                                                                                                                                                                                                                                                                                                                                                                                                                                                                                                                                                                                                                                       
IEC42062,549300D366WPHJ4OJ240,"Metlife Europe d.a.c.","'20 on Hatch' Lower Hatch Street, D02 H, Dublin",compuestos,                                                                                                                                                                                                                                                                                                                                                                                                                                                                                                                                                                                                                                                                                                                                                                                                                                                                                                                     
IEC89732,635400UXRXZZHNPISH82,"MetLife Europe Insurance d.a.c.","'20 on Hatch' Lower Hatch Street, D02HC, Dublin",no-vida,                                                                                                                                                                                                                                                                                                                                                                                                                                                                                                                                                                                                                                                                                                                                                                                                                                                                                                              
IEC33532,635400Z9B9EDLUJFRI27,"Miripro Insurance Company Designated Activity Company","The Boathouse 4th Floor 15a Bishop Street, D08 D, Dublin",no-vida,                                                                                                                                                                                                                                                                                                                                                                                                                                                                                                                                                                                                                                                                                                                                                                                                                                                                               
IEC133654,6354005W3RCERDFHWE14,"MOL Reinsurance Co dac","C/O MARSH MANAGEMENT SERVICES (DUBLIN) LIMITED, The Frame, 74 Baggot Street Lower,, D02 X, Dublin",reaseguros,                                                                                                                                                                                                                                                                                                                                                                                                                                                                                                                                                                                                                                                                                                                                                                                                                                                                 
IEC33623,6354004VZGO3OQV28817,"Monument Life Insurance DAC","Two Park Place, Upper Hatch Street, D02 N, DUBLIN",compuestos,                                                                                                                                                                                                                                                                                                                                                                                                                                                                                                                                                                                                                                                                                                                                                                                                                                                                                                             
IEC134806,635400EFZXGR6KFPAH63,"Nautilus Indemnity (Europe) dac","C/O MARSH MANAGEMENT SERVICES (DUBLIN) LIMITED, The Frame, 74 Baggot Street Lower,, D02 X, Dublin",no-vida,                                                                                                                                                                                                                                                                                                                                                                                                                                                                                                                                                                                                                                                                                                                                                                                                                                                           
IEC33598,549300EQBY0EMSQNJX03,"NEIL Overseas dac","Embassy House, Ballsbridge, D04 H, DUBLIN",no-vida,                                                                                                                                                                                                                                                                                                                                                                                                                                                                                                                                                                                                                                                                                                                                                                                                                                                                                                                                  
IEC787,549300YP7YW06QCNBF32,"New Ireland Assurance Company plc","87 - 89 Pembroke Road, Ballsbridge, D04 X, Dublin",vida,                                                                                                                                                                                                                                                                                                                                                                                                                                                                                                                                                                                                                                                                                                                                                                                                                                                                                                               
IEC33639,635400EMOPCKZRM33D49,"Newell Insurance Designated Activity Company","Third Floor The Metropolitan Building, James Joyce Street, D01 K, Dublin",no-vida,                                                                                                                                                                                                                                                                                                                                                                                                                                                                                                                                                                                                                                                                                                                                                                                                                                                                        
IEC33535,635400PYXCMOSJ8CSZ87,"Noble Insurance Company Designated Activity Company","15 George's Quay, D02VR, Dublin",no-vida,                                                                                                                                                                                                                                                                                                                                                                                                                                                                                                                                                                                                                                                                                                                                                                                                                                                                                                          
IEC33794,6354003FUVJFDHLAOJ43,"Nokatus Insurance Company dac","15 George's Quay, D02VR, DUBLIN",no-vida,                                                                                                                                                                                                                                                                                                                                                                                                                                                                                                                                                                                                                                                                                                                                                                                                                                                                                                                                
IEC182370,635400AADIICESCVBE87,"NorthStandard EU Dac","76 Sir John Rogersons Quay, Grand Canal Dock, Dublin 2, D02 C, Dublin",no-vida,                                                                                                                                                                                                                                                                                                                                                                                                                                                                                                                                                                                                                                                                                                                                                                                                                                                                                                  
IEC33658,52990020O5TKOTGS9Z42,"Octium Life Designated Activity Company","1st floor College Park House South Frederick Street, D6WDT, Dublin",vida,                                                                                                                                                                                                                                                                                                                                                                                                                                                                                                                                                                                                                                                                                                                                                                                                                                                                                      
IEC33563,635400DQOBRDLOENF945,"Offaly Insurance DAC","Elm Park Merrion Road, D04 Y, Dublin",no-vida,                                                                                                                                                                                                                                                                                                                                                                                                                                                                                                                                                                                                                                                                                                                                                                                                                                                                                                                                    
IEC35434,635400OVHXTPSYJ3YJ20,"ORKLA Insurance Company dac","Elm Park Merrion Road, D04 P, Dublin",no-vida,                                                                                                                                                                                                                                                                                                                                                                                                                                                                                                                                                                                                                                                                                                                                                                                                                                                                                                                             
IEC39867,635400COK2PZN6HJNH67,"Ornua Insurance Designated Activity Company","13 - 17 Dawson Street, D02 T, Dublin",no-vida,                                                                                                                                                                                                                                                                                                                                                                                                                                                                                                                                                                                                                                                                                                                                                                                                                                                                                                             
IECBI00513318,635400L8IJXE1DRHLH80,"OUTsurance Designated Activity Company","2nd Floor Building 3, The Campus, Cherrywood Business Park, D18 T, Dublin",no-vida,                                                                                                                                                                                                                                                                                                                                                                                                                                                                                                                                                                                                                                                                                                                                                                                                                                                                        
IEC91254,635400D9M4MSMFAZ8A48,"Pan Insurance dac","15 George's Quay, D02VR, Dublin",no-vida,                                                                                                                                                                                                                                                                                                                                                                                                                                                                                                                                                                                                                                                                                                                                                                                                                                                                                                                                            
IEC41179,5493001F86B73BCLHG17,"Partner Reinsurance Europe SE","5th Floor Block 1, The Oval, 160 Shelbourne Road, D01W3, Dublin",reaseguros,                                                                                                                                                                                                                                                                                                                                                                                                                                                                                                                                                                                                                                                                                                                                                                                                                                                                                             
IEC37529,549300R7L7LYMYYAPF29,"PartnerRe Ireland Insurance dac","5th Floor Block 1, The Oval, 160 Shelbourne Road, D01W3, Dublin",no-vida,                                                                                                                                                                                                                                                                                                                                                                                                                                                                                                                                                                                                                                                                                                                                                                                                                                                                                              
IEC178596,635400NI1QCEDFFRMX35,"Pelagos Insurance Capital Ireland DAC","Station Building II, Hatch Street Upper, D02 N, Dublin",no-vida,                                                                                                                                                                                                                                                                                                                                                                                                                                                                                                                                                                                                                                                                                                                                                                                                                                                                                                
IEC33666,635400IFIBRKTUSQB541,"Pharma International Insurance dac","15 George's Quay, D02VR, Dublin",no-vida,                                                                                                                                                                                                                                                                                                                                                                                                                                                                                                                                                                                                                                                                                                                                                                                                                                                                                                                           
IEC33571,635400R7CC8RSSZBOO20,"Philip Morris International Insurance (Ireland) Designated Activity Company","Marsh Management Services (Dublin) Ltd., 70 Sir John Rogerson's Quay, D02 N, Dublin",no-vida,                                                                                                                                                                                                                                                                                                                                                                                                                                                                                                                                                                                                                                                                                                                                                                                                                              
IEC33589,635400DJLZ6WRI5FAO59,"PI Indemnity Company, Designated Activity Company","C/O MARSH MANAGEMENT SERVICES (DUBLIN) LIMITED, The Frame, 74 Baggot Street Lower,, D02 X, Dublin",no-vida,                                                                                                                                                                                                                                                                                                                                                                                                                                                                                                                                                                                                                                                                                                                                                                                                                                          
IEC33603,635400FW3RH64B3RJW21,"Pine Indemnity dac","15 George's Quay, D02VR, Dublin",no-vida,                                                                                                                                                                                                                                                                                                                                                                                                                                                                                                                                                                                                                                                                                                                                                                                                                                                                                                                                           
IEC37982,635400MYDNAHZQQNDA86,"Porsche International Reinsurance dac","13 Fitzwilliam Street Upper, D01R8, Dublin",reaseguros,                                                                                                                                                                                                                                                                                                                                                                                                                                                                                                                                                                                                                                                                                                                                                                                                                                                                                                          
IEC37944,635400KTMHN5923VEO56,"Princemark Holdings dac","15 George's Quay, D02 V, Dublin",reaseguros,                                                                                                                                                                                                                                                                                                                                                                                                                                                                                                                                                                                                                                                                                                                                                                                                                                                                                                                                   
IEC789,635400Q3OJTNLWUODN38,"Probus Insurance Company Europe dac","25 North Wall Quay, D01 H, Dublin",no-vida,                                                                                                                                                                                                                                                                                                                                                                                                                                                                                                                                                                                                                                                                                                                                                                                                                                                                                                                          
IEC33481,635400T4W5MRQTBLGQ38,"Prudential International Assurance plc","Fitzwilliam Court Leeson Close, D02TC, Dublin",vida,                                                                                                                                                                                                                                                                                                                                                                                                                                                                                                                                                                                                                                                                                                                                                                                                                                                                                                            
IEC185128,,"QBE Europe SA/NV (Irish Branch)","6-10 Suffolk Street, D02 X, Dublin",no-vida,BE0690537456                                                                                                                                                                                                                                                                                                                                                                                                                                                                                                                                                                                                                                                                                                                                                                                                                                                                                                                                  
IECBI00538820,635400YNKWICCYBDBC76,"Quercus Re Designated Activity Company","c/o Aon, 15, Georges Quay, D02 V, DUBLIN",reaseguros,                                                                                                                                                                                                                                                                                                                                                                                                                                                                                                                                                                                                                                                                                                                                                                                                                                                                                                      
IECBI00546290,635400FIY9UG8ZHKYH56,"Recoletos Re Designated Activity Company","C/O MARSH MANAGEMENT SERVICES (DUBLIN) LIMITED, The Frame, 74 Baggot Street Lower,, D02 X, Dublin",reaseguros,                                                                                                                                                                                                                                                                                                                                                                                                                                                                                                                                                                                                                                                                                                                                                                                                                                           
IEC40448,549300FVSSOA52BYGP28,"Renaissance Reinsurance of Europe Designated Activity Company","4th Floor Hardwicke House Hatch Street, D02 N, Dublin",no-vida,                                                                                                                                                                                                                                                                                                                                                                                                                                                                                                                                                                                                                                                                                                                                                                                                                                                                          
IEC38002,01TRDHWDCL69YP41S025,"RGA International Reinsurance Company DAC","3rd Floor Block C, Central Park, Leopardstown, D18X5, Dublin",reaseguros,                                                                                                                                                                                                                                                                                                                                                                                                                                                                                                                                                                                                                                                                                                                                                                                                                                                                                    
IEC33519,6354002SNIV14GB1BI20,"RiverStone International Ireland DAC","Unit 44, Block5 Northwood Court, Northwood Crescent, Santry, D09EW, Dublin",no-vida,                                                                                                                                                                                                                                                                                                                                                                                                                                                                                                                                                                                                                                                                                                                                                                                                                                                                              
IEC174416,635400CBVDWFMJQJDA54,"Royal London Insurance DAC","47-49 St Stephens Green, D02 W, Dublin",vida,                                                                                                                                                                                                                                                                                                                                                                                                                                                                                                                                                                                                                                                                                                                                                                                                                                                                                                                              
IEC33661,635400ADVMYQ3JWBGV57,"RSIF International dac","C/O MARSH MANAGEMENT SERVICES (DUBLIN) LIMITED, The Frame, 74 Baggot Street Lower,, D02 X, Dublin",no-vida,                                                                                                                                                                                                                                                                                                                                                                                                                                                                                                                                                                                                                                                                                                                                                                                                                                                                     
IEC40451,635400U6ZNYJYDAA8L77,"Samuelson International dac","Simmonscourt House Simmonscourt Road Ballsbridge, D04 W, Dublin",reaseguros,                                                                                                                                                                                                                                                                                                                                                                                                                                                                                                                                                                                                                                                                                                                                                                                                                                                                                               
IECBI00474943,635400N1GFX4O3ZFCW12,"Saol Assurance Designated Activity Company","3rd Floor, Central Park, Leopardstown, D18 C, Dublin",vida,                                                                                                                                                                                                                                                                                                                                                                                                                                                                                                                                                                                                                                                                                                                                                                                                                                                                                            
IEC33646,635400N4ZSEO8SUHFI98,"SASOL International Insurance dac","Elm Park Merrion Road, D04 P, Dublin",no-vida,                                                                                                                                                                                                                                                                                                                                                                                                                                                                                                                                                                                                                                                                                                                                                                                                                                                                                                                       
IEC182015,549300H7R6KPWD38L370,"SCOR Ireland Designated Activity Company","First Floor, Windmill Lane, D02A3, Dublin",reaseguros,                                                                                                                                                                                                                                                                                                                                                                                                                                                                                                                                                                                                                                                                                                                                                                                                                                                                                                       
IEC771,635400ATDJAWUVSBWM50,"Seb Life International Assurance Company DAC","Bloodstone Building Sir John Rogerson's Quay, D02 K, Dublin",vida,                                                                                                                                                                                                                                                                                                                                                                                                                                                                                                                                                                                                                                                                                                                                                                                                                                                                                          
IEC38657,635400ID2ZOCFWX3LH70,"Securitas Group Reinsurance dac","15 George's Quay, D02 V, DUBLIN",reaseguros,                                                                                                                                                                                                                                                                                                                                                                                                                                                                                                                                                                                                                                                                                                                                                                                                                                                                                                                           
IECBI00440095,529900Q8P0CK92H2F811,"SG Riskpartners Designated Activity Company","East Wall Road, 3rd Floor, Lidl Building, D03 D, Dublin",reaseguros,                                                                                                                                                                                                                                                                                                                                                                                                                                                                                                                                                                                                                                                                                                                                                                                                                                                                                  
IEC33675,5299006IB4PDHZKBMF19,"Société D'Assurances Générales Appliquées (SAGA) Designated Activity Company","C/O MARSH MANAGEMENT SERVICES (DUBLIN) LIMITED, The Frame, 74 Baggot Street Lower,, D02 X, Dublin",no-vida,                                                                                                                                                                                                                                                                                                                                                                                                                                                                                                                                                                                                                                                                                                                                                                                                               
IEC154021,635400BDJCCKD3GGYL71,"Sofinsod Insurance dac","Fourth Floor One Grand Parade Ranelagh Road, D06 R, DUBLIN",no-vida,                                                                                                                                                                                                                                                                                                                                                                                                                                                                                                                                                                                                                                                                                                                                                                                                                                                                                                           
IEC38009,635400BCMM81Q9AMGT16,"Squadron Reinsurance Designated Activity Company","15 George's Quay, D02VR, Dublin",reaseguros,                                                                                                                                                                                                                                                                                                                                                                                                                                                                                                                                                                                                                                                                                                                                                                                                                                                                                                          
IEC33480,635400ZM7HW3CXPHA583,"St. James's Place International Public Limited Company","Fleming Court Fleming Place, D04N4, Dublin",vida,                                                                                                                                                                                                                                                                                                                                                                                                                                                                                                                                                                                                                                                                                                                                                                                                                                                                                               
IEC39889,MU1J7DTC8IC8VMFT8818,"Standard Life International Designated Activity Company","90 St Stephens Green, D02 F, Dublin",vida,                                                                                                                                                                                                                                                                                                                                                                                                                                                                                                                                                                                                                                                                                                                                                                                                                                                                                                     
IEC33485,,"Sun Life Assurance Company of Canada (UK) Limited","3rd Floor, One Grant's Row, D02 H, Dublin",vida,                                                                                                                                                                                                                                                                                                                                                                                                                                                                                                                                                                                                                                                                                                                                                                                                                                                                                                                         
IECBI00590873,,"SWISSPARTNERS Versicherung AG (Irish Branch)","15 Harcourt Street",vida,LI0ECBM00200                                                                                                                                                                                                                                                                                                                                                                                                                                                                                                                                                                                                                                                                                                                                                                                                                                                                                                                                    
IECBI00521265,635400FQ9HHTLYKADZ22,"Taranis Reinsurance Designated Activity Company","C/O MARSH MANAGEMENT SERVICES (DUBLIN) LIMITED, The Frame, 74 Baggot Street Lower,, Dublin 2, D02 X, Dublin",reaseguros,                                                                                                                                                                                                                                                                                                                                                                                                                                                                                                                                                                                                                                                                                                                                                                                                                          
IEC33575,635400SJXXDJRGJBLH27,"TCS Insurance Company of Ireland Designated Activity Company","15 George's Quay, D02VR, Dublin",no-vida,                                                                                                                                                                                                                                                                                                                                                                                                                                                                                                                                                                                                                                                                                                                                                                                                                                                                                                 
IEC33588,6354005FRVSOGYINKV23,"The Baxendale Insurance Company DAC","15 George's Quay, D02VR, DUBLIN",no-vida,                                                                                                                                                                                                                                                                                                                                                                                                                                                                                                                                                                                                                                                                                                                                                                                                                                                                                                                          
IECBI00187795,213800ZFI17B8TQGKG12,"The Veterinary Defence Society Limited","8th Floor, Block E, Iveagh Court, Harcourt Road, D02 Y, Dublin",no-vida,GBECBM988808                                                                                                                                                                                                                                                                                                                                                                                                                                                                                                                                                                                                                                                                                                                                                                                                                                                                       
IEC184314,,"Tokio Marine Europe S.A (Irish Branch)","Summit House, Embassy Office Park, Kill, W91 V, Kildare",no-vida,LURCSB0221975                                                                                                                                                                                                                                                                                                                                                                                                                                                                                                                                                                                                                                                                                                                                                                                                                                                                                                     
IEC181203,54930061WB0LWBC0QW96,"Travelers Insurance Designated Activity Company","3rd Floor, Europa House, Harcourt Street, D02WR, Dublin",no-vida,                                                                                                                                                                                                                                                                                                                                                                                                                                                                                                                                                                                                                                                                                                                                                                                                                                                                                     
IECBI00523409,,"Tryg Forsikring AS - (Irish Branch)","Pembroke House, 28 Upper Pembroke Street, D02 X, DUBLIN",no-vida,DK24260666                                                                                                                                                                                                                                                                                                                                                                                                                                                                                                                                                                                                                                                                                                                                                                                                                                                                                                       
IEC38017,635400MWDBHBWGM25C33,"Tyre Reinsurance (Ireland) dac","13 Fitzwilliam Street Upper, D02V0, Dublin",reaseguros,                                                                                                                                                                                                                                                                                                                                                                                                                                                                                                                                                                                                                                                                                                                                                                                                                                                                                                                 
IEC171462,6354006WYJKVUUINRV26,"UnitedHealthcare Insurance Designated Activity Company","Block C One Spencer Dock North Wall Quay, D02 R, Dublin",no-vida,                                                                                                                                                                                                                                                                                                                                                                                                                                                                                                                                                                                                                                                                                                                                                                                                                                                                              
IEC33652,635400PBGQIEMG5URC53,"UPS International Insurance dac","C/O MARSH MANAGEMENT SERVICES (DUBLIN) LIMITED, The Frame, 74 Baggot Street Lower,, D02 X, Dublin",no-vida,                                                                                                                                                                                                                                                                                                                                                                                                                                                                                                                                                                                                                                                                                                                                                                                                                                                            
IECBI00555915,,"USAA EU Designated Activity Company","2nd Floor, 35 Shelbourne Road, Ballsbridge, D04 A, Dublin 4",no-vida,                                                                                                                                                                                                                                                                                                                                                                                                                                                                                                                                                                                                                                                                                                                                                                                                                                                                                                             
IEC33612,549300KWXY72RJWYSG13,"Utmost PanEurope dac","Generali House Navan Business Park Athlumney, C15 C, Meath",vida,                                                                                                                                                                                                                                                                                                                                                                                                                                                                                                                                                                                                                                                                                                                                                                                                                                                                                                                 
IEC130118,635400OTFKRA4ASVBW62,"VHI Insurance DAC","VHI House Lower Abbey Street, D01 D, Dublin",no-vida,                                                                                                                                                                                                                                                                                                                                                                                                                                                                                                                                                                                                                                                                                                                                                                                                                                                                                                                               
IEC47433,6354004OJNJRHUOM8I18,"Vishay Insurance dac","Elm Park Merrion Road, D04 P, Dublin",no-vida,                                                                                                                                                                                                                                                                                                                                                                                                                                                                                                                                                                                                                                                                                                                                                                                                                                                                                                                                    
IEC136601,635400CPZRXHDR6DPN87,"Vital Blue Insurance dac","C/O MARSH MANAGEMENT SERVICES (DUBLIN) LIMITED, The Frame, 74 Baggot Street Lower,, D02 X, Dublin",no-vida,                                                                                                                                                                                                                                                                                                                                                                                                                                                                                                                                                                                                                                                                                                                                                                                                                                                                  
IEC111453,529900H0BLFJKPAYPC28,"Volkswagen Insurance Company dac","Block C Liffey Valley Office Campus Liffey Valley, D22CF, Dublin",no-vida,                                                                                                                                                                                                                                                                                                                                                                                                                                                                                                                                                                                                                                                                                                                                                                                                                                                                                           
IEC33681,635400U7OLFPQE8EBK21,"Wagram Insurance Company Designated Activity Company","9 Clanwilliam Terrace, D02 H, Dublin",no-vida,                                                                                                                                                                                                                                                                                                                                                                                                                                                                                                                                                                                                                                                                                                                                                                                                                                                                                                    
IECBI00572265,635400YGDJFLPA5J3628,"Warton Capital Designated Activity Company","C/O MARSH MANAGEMENT SERVICES (DUBLIN) LIMITED, The Frame, 74 Baggot Street Lower,, Dublin 2, D02 X, Dublin",reaseguros,                                                                                                                                                                                                                                                                                                                                                                                                                                                                                                                                                                                                                                                                                                                                                                                                                               
IEC33607,635400SSFS4ANN1GHV90,"White Horse Insurance Ireland dac","Rineanna House, Shannon Free Zone, Shannon, V14 C, Clare",no-vida,                                                                                                                                                                                                                                                                                                                                                                                                                                                                                                                                                                                                                                                                                                                                                                                                                                                                                                   
IEC173308,635400PTQW4DT3C4DG08,"XL Insurance Company SE","Wolfe Tone House, Wolfe Tone Street, D01 H, Dublin",no-vida,                                                                                                                                                                                                                                                                                                                                                                                                                                                                                                                                                                                                                                                                                                                                                                                                                                                                                                                  
IEC43663,6354005OC5UTPXJQ9E28,"XL RE EUROPE SE","Wolfe Tone House, Wolfe Tone Street, D02 V, DUBLIN",reaseguros,                                                                                                                                                                                                                                                                                                                                                                                                                                                                                                                                                                                                                                                                                                                                                                                                                                                                                                                        
IEC36444,635400MTCFVFYZVZBA56,"Yara Insurance dac","c/o Willis Management (Dublin) Ltd. Elm Park Merrion Road, D04 P, Dublin",no-vida,                                                                                                                                                                                                                                                                                                                                                                                                                                                                                                                                                                                                                                                                                                                                                                                                                                                                                                  
IECBI00581381,635400Q8SLHRKDHDXR77,"Yardstick Re Designated Activity Company","The Frame, 74 Baggot Street Lower, Dublin 2, D02 X, Dublin",reaseguros,                                                                                                                                                                                                                                                                                                                                                                                                                                                                                                                                                                                                                                                                                                                                                                                                                                                                                  
IEC189490,635400RUBJIWSLRWHL97,"YOUPLUS Assurance AG (Irish Branch)","15 Harcourt Street, D02XY, Dublin",vida,LIECBM158659                                                                                                                                                                                                                                                                                                                                                                                                                                                                                                                                                                                                                                                                                                                                                                                                                                                                                                              
IECBI00529842,,"Zurich Insurance Europe AG (Irish Branch)","Zurich House, Frascati Road, Blackrock, A94 X, Dublin",no-vida,                                                                                                                                                                                                                                                                                                                                                                                                                                                                                                                                                                                                                                                                                                                                                                                                                                                                                                             
IEC744,549300OOJM5D7YO7PG59,"Zurich Life Assurance plc","Zurich House Frascati Road Blackrock, A94X9, Dublin",vida,                                                                                                                                                                                                                                                                                                                                                                                                                                                                                                                                                                                                                                                                                                                                                                                                                                                                                                                     
