CÓDIGO EUROPEO,LEI,NOMBRE,DIRECCIÓN,TIPO DE SEGURO,ENTIDAD MATRIZ,CÓDIGO DE SUPERVISOR                                                                                                                                                                                                                                                                                                                                                                                                                                                                                                                                                                                                                                                                                                                                                                                                                                                                                                                                                 
ESG28177657,213800AEQ6JQDLCWQN31,"A.M.A., AGRUPACIÓN MUTUAL ASEGURADORA, MUTUA DE SEGUROS A PRIMA FIJA","Parque Empresarial CRISTALIA. Edificio 4. Vía de los Poblados 4., 28033, Madrid",no-vida,,"M0328"                                                                                                                                                                                                                                                                                                                                                                                                                                                                                                                                                                                                                                                                                                                                                                                                                              
ESB14715270,959800P1TEVUVV7YZZ92,"ABANCA GENERALES DE SEGUROS Y REASEGUROS, S.A.","AVDA DE LINARES RIVAS, 30, 15005, A CORUÑA",no-vida,,"C0808"                                                                                                                                                                                                                                                                                                                                                                                                                                                                                                                                                                                                                                                                                                                                                                                                                                                                                         
ESA15140387,95980020140005677005,"ABANCA VIDA Y PENSIONES DE SEGUROS Y REASEGUROS, S.A","AV. DE LA MARINA 1, 15001, Coruña (A)",compuestos,,"C0628"                                                                                                                                                                                                                                                                                                                                                                                                                                                                                                                                                                                                                                                                                                                                                                                                                                                                                     
ESW0070796H,529900RBX9PMU7WQTE30,"ACCELERANT INSURANCE EUROPE, SUCURSAL EN ESPAÑA","CALLE BARCELÓ 1, 28004, MADRID",no-vida,BE0758632842,"E0245"                                                                                                                                                                                                                                                                                                                                                                                                                                                                                                                                                                                                                                                                                                                                                                                                                                                                                        
ESA87987822,959800M6LM4PWZTSFZ59,"ADMIRAL EUROPE, COMPAÑÍA DE SEGUROS, S.A.","CL RODRÍGUEZ MARÍN Nº 61 61,, 28016, MADRID",no-vida,,"C0805"                                                                                                                                                                                                                                                                                                                                                                                                                                                                                                                                                                                                                                                                                                                                                                                                                                                                                             
ESA15003619,549300CUCUP9990FPP88,"AEGON ESPAÑA, SOCIEDAD ANÓNIMA DE SEGUROS Y REASEGUROS","C/ Vía de los Poblados 3., 28033, Madrid",compuestos,,"C0789"                                                                                                                                                                                                                                                                                                                                                                                                                                                                                                                                                                                                                                                                                                                                                                                                                                                                                
ESA87254090,9598001DQ7U3BQJEEZ51,"AGROPELAYO SOCIEDAD DE SEGUROS, SOCIEDAD ANÓNIMA","RONDA NARCISO MONTURIOL 6, 46980, PATERNA",no-vida,,"C0802"                                                                                                                                                                                                                                                                                                                                                                                                                                                                                                                                                                                                                                                                                                                                                                                                                                                                                        
ESA28005312,959800Q4E6X0KYM3AL64,"AGRUPACION SANITARIA SEGUROS, S.A.","AV DE ALFONSO X EL SABIO 14, 03004, ALICANTE",no-vida,,"C0437"                                                                                                                                                                                                                                                                                                                                                                                                                                                                                                                                                                                                                                                                                                                                                                                                                                                                                                   
ESW0186206I,,"AIG EUROPE S.A. SUCURSAL ESPAÑA","PASEO DE LA CASTELLANA 216, 28046, MADRID",no-vida,LURCSB0218806,"E0226"                                                                                                                                                                                                                                                                                                                                                                                                                                                                                                                                                                                                                                                                                                                                                                                                                                                                                                                
ESW0060072F,,"AIOI NISSAY DOWA INSURANCE COMPANY OF EUROPE SE SUC ESPAÑA","AVDA BRUSELAS 22.PLANTA, 28108, ALCOBENDAS",no-vida,LURCSB0232302,"E0176"                                                                                                                                                                                                                                                                                                                                                                                                                                                                                                                                                                                                                                                                                                                                                                                                                                                                                    
ESA28072197,9598007S1Q7FKMLC0D44,"ALIANZA ESPAÑOLA S.A. DE SEGUROS LA","CL GOYA 22, 28001, MADRID",no-vida,,"C0002"                                                                                                                                                                                                                                                                                                                                                                                                                                                                                                                                                                                                                                                                                                                                                                                                                                                                                                                     
ESW0115165C,,"ALLIANZ DIRECT VERSICHERUNGS SUCURSAL EN ESPAÑA","CL RAMÍREZ DE ARELLANO, 35, 28043, MADRID",no-vida,DEA4T0X,"E0247"                                                                                                                                                                                                                                                                                                                                                                                                                                                                                                                                                                                                                                                                                                                                                                                                                                                                                                      
ESW0047088J,,"ALLIANZ GLOBAL CORPORATE & SPECIALTY S.E. SUC ESPAÑA","CALLE RAMÍREZ DE ARELLANO 35, 28043, MADRID",no-vida,DEA00PQ,"E0193"                                                                                                                                                                                                                                                                                                                                                                                                                                                                                                                                                                                                                                                                                                                                                                                                                                                                                               
ESW0059358B,,"ALLIANZ LEBENSVERSICHERUNGS-AG SUCURSAL EN ESPAÑA","CALLE RAMÍREZ DE ARELLANO 35, 28043, MADRID",vida,DEA056W,"E0246"                                                                                                                                                                                                                                                                                                                                                                                                                                                                                                                                                                                                                                                                                                                                                                                                                                                                                                     
ESA28007748,529900E0961XXFO5Z292,"ALLIANZ, COMPAÑIA DE SEGUROS Y REASEGUROS, S.A.","C/ RAMIREZ DE ARELLANO 35, 28043, MADRID",compuestos,,"C0109"                                                                                                                                                                                                                                                                                                                                                                                                                                                                                                                                                                                                                                                                                                                                                                                                                                                                                       
ESA28061083,95980046ZQV8WMC50007,"ALMUDENA COMPAÑÍA DE SEGUROS Y REASEGUROS, S.A.","CL ARTURO SORIA 153, 28043, MADRID",no-vida,,"C0311"                                                                                                                                                                                                                                                                                                                                                                                                                                                                                                                                                                                                                                                                                                                                                                                                                                                                                                
ESV08264178,95980041BJ91YF0ETS05,"ALTER MÚTUA DE PREVISIÓ SOCIAL DELS ADVOCATS DE CATALUNYA A PRIMA FIXA","CL ROGER DE LLURIA 108, 08037, BARCELONA",compuestos,,"P3161"                                                                                                                                                                                                                                                                                                                                                                                                                                                                                                                                                                                                                                                                                                                                                                                                                                                                
ESA87623708,959800SE731D8NBYCM62,"AMA VIDA SEGUROS Y REASEGUROS, S.A","C/ Parque Empresarial 4, 28033, Madrid",vida,,"C0803"                                                                                                                                                                                                                                                                                                                                                                                                                                                                                                                                                                                                                                                                                                                                                                                                                                                                                                            
ESW0287946H,,"ANTICIMEX F RS KRINGAR SUCURSAL EN ESPAÑA","CL JESÚS SERRA SANTAMANS 5, 08174, SANT CUGAT DEL VALLES",no-vida,,"E0261"                                                                                                                                                                                                                                                                                                                                                                                                                                                                                                                                                                                                                                                                                                                                                                                                                                                                                                    
ESW0049001A,,"ARAG SE SUC.ESPAÑA","NUÑEZ DE BALBOA 120, 28006, MADRID",no-vida,DEA3J2C,"E0210"                                                                                                                                                                                                                                                                                                                                                                                                                                                                                                                                                                                                                                                                                                                                                                                                                                                                                                                                          
ESW0275415H,,"ARCH INSURANCE (EU) DESIGNATED ACTIVITY COMPANY SUCURSAL EN ESPAÑA","CL BARCELÓ, 1, 28004, MADRID",no-vida,IEC90125,"E0257"                                                                                                                                                                                                                                                                                                                                                                                                                                                                                                                                                                                                                                                                                                                                                                                                                                                                                               
ESW0275019H,95980086ULMQDN7HTF27,"ASEFA, SMA, SA, SUCURSAL EN ESPAÑA","AVDA DE MANOTERAS 32, 28050, MADRID",no-vida,,"E0256"                                                                                                                                                                                                                                                                                                                                                                                                                                                                                                                                                                                                                                                                                                                                                                                                                                                                                                            
ESW4121985H,959800GN0JNM5ZJ9HW67,"ASEGURADORA  ASERTA, SOCIEDAD ANÓNIMA DE CAPITAL VARIABLE, SUCURSAL EN ESPAÑA","PASEO DE LA CASTELLANA 52, 28046, MADRID",no-vida,MX0ECBM01000,"E0223"                                                                                                                                                                                                                                                                                                                                                                                                                                                                                                                                                                                                                                                                                                                                                                                                                                                
ESA37001369,9598003REPS2DQZC4946,"ASEGURADORES AGRUPADOS, SOCIEDAD ANONIMA DE SEGUROS (ASEGRUP)","C/ XÁTIVA 23, 46002, VALENCIA",no-vida,,"C0001"                                                                                                                                                                                                                                                                                                                                                                                                                                                                                                                                                                                                                                                                                                                                                                                                                                                                                       
ESV48148639,959800NJGT7EM6071604,"ASEMAS-MUTUA DE SEGUROS Y REASEGUROS A PRIMA FIJA (CON DERRAMA PASIVA)","CL GRAN VIA 2, 48001, BILBAO",no-vida,,"M0369"                                                                                                                                                                                                                                                                                                                                                                                                                                                                                                                                                                                                                                                                                                                                                                                                                                                                               
ESA67636399,9598009L8F1DU7B3UZ57,"ASERTA EUROPA SEGUROS Y REASEGUROS,S.A.","VELÁZQUEZ 94, 28001, MADRID",no-vida,,"C0813"                                                                                                                                                                                                                                                                                                                                                                                                                                                                                                                                                                                                                                                                                                                                                                                                                                                                                                               
ESA87425070,959800LRELQMVGMPQR51,"ASISA VIDA SEGUROS, S.A.U.","CL JUAN IGNACIO LUCA DE TENA 12, 28027, MADRID",compuestos,,"C0801"                                                                                                                                                                                                                                                                                                                                                                                                                                                                                                                                                                                                                                                                                                                                                                                                                                                                                                      
ESA08169294,9598000XV29EQE8XZE52,"ASISA, ASISTENCIA SANITARIA INTERPROVINCIAL DE SEGUROS, S.A., SOCIEDAD UNIPERSONAL","CL JUAN IGNACIO LUCA TENA 12, 28027, MADRID",no-vida,,"C0461"                                                                                                                                                                                                                                                                                                                                                                                                                                                                                                                                                                                                                                                                                                                                                                                                                                                    
ESA50005586,9598000H54PYRAA4RB19,"ASISTENCIA CLINICA UNIVERSITARIA DE NAVARRA, S.A. DE SEGUROS Y REASEGUROS","AV PIO XII 57, 31008, Pamplona/Iruña",no-vida,,"C0325"                                                                                                                                                                                                                                                                                                                                                                                                                                                                                                                                                                                                                                                                                                                                                                                                                                                                    
ESA08169526,959800MTKTQ130ZQ7844,"ASISTENCIA SANITARIA COLEGIAL, SOCIEDAD ANONIMA DE SEGUROS","Avda. Josep Tarradellas 123-127, 08029, BARCELONA",no-vida,,"C0416"                                                                                                                                                                                                                                                                                                                                                                                                                                                                                                                                                                                                                                                                                                                                                                                                                                                                      
ESG28231553,959800DV24AHDDEC2876,"ASOCIACION BENEFICA DE EMPLEADOS DEL BANCO DE ESPAÑA MUTUALIDAD DE PREVISION SOCIAL","CL ALCALA 48, 28014, MADRID",vida,,"P0085"                                                                                                                                                                                                                                                                                                                                                                                                                                                                                                                                                                                                                                                                                                                                                                                                                                                                      
ESA28026482,9598004J227WWH4YKQ12,"ASOCIACION EUROPEA COMPAÑIA DE SEGUROS, S.A.","GRAN VIA 30, 28013, MADRID",no-vida,,"C0394"                                                                                                                                                                                                                                                                                                                                                                                                                                                                                                                                                                                                                                                                                                                                                                                                                                                                                                           
ESG28556462,959800HQ7G2GQVM13B03,"ASOCIACION FERROVIARIA MEDICO FARMACEUTICA DE PREVISION SOCIAL, MUTUALIDAD DE PREVISION SOCIAL A PRIMA FIJA","PASEO DE LAS DELICIAS 48, 28045, Madrid",no-vida,,"P1840"                                                                                                                                                                                                                                                                                                                                                                                                                                                                                                                                                                                                                                                                                                                                                                                                                               
ESA67961474,959800E0EZGD7J17ZR25,"ASSEK EUROPE COMPAÑIA DE SEGUROS Y REASEGUROS S.A.U.","PASEO DE LA CASTELLANA Nº140 140,, 28046, MADRID",no-vida,,"C0812"                                                                                                                                                                                                                                                                                                                                                                                                                                                                                                                                                                                                                                                                                                                                                                                                                                                                             
ESW0262202E,,"ASSICURATRICE MILANESE S.P.A, SUCURSAL EN ESPAÑA","AV. DIAGONAL, 453, 08036, BARCELONA",no-vida,,"E0255"                                                                                                                                                                                                                                                                                                                                                                                                                                                                                                                                                                                                                                                                                                                                                                                                                                                                                                                  
ESA08169633,9598006H4HYAUVFP5H29,"ATLANTIDA MEDICA DE ESPECIALIDADES, S.A. DE SEGUROS.","CL ENRIQUE GRANADOS 90-92, 08008, BARCELONA",no-vida,,"C0222"                                                                                                                                                                                                                                                                                                                                                                                                                                                                                                                                                                                                                                                                                                                                                                                                                                                                                  
ESA28000677,959800WA8FE7S22BZW91,"ATOCHA, S.A. DE SEGUROS","CALLE SAN BERNARDO 17, 28015, MADRID",no-vida,,"C0223"                                                                                                                                                                                                                                                                                                                                                                                                                                                                                                                                                                                                                                                                                                                                                                                                                                                                                                                      
ESA28008795,9598002U9BK2VP1RTG14,"ATRADIUS CREDITO Y CAUCION S.A. DE SEGUROS Y REASEGUROS","CALLE MÉNDÉZ ÁLVARO 31, 28045, MADRID",no-vida,,"C0046"                                                                                                                                                                                                                                                                                                                                                                                                                                                                                                                                                                                                                                                                                                                                                                                                                                                                                     
ESA08169674,9598006T82YN2LPQY896,"AURA, SOCIEDAD ANONIMA DE SEGUROS.","PLAZA DE LA VILA 25, 08922, SANTA COLOMA DE GRAMENET",no-vida,,"C0016"                                                                                                                                                                                                                                                                                                                                                                                                                                                                                                                                                                                                                                                                                                                                                                                                                                                                                           
ESA01649037,959800KJ36J06KEW1J63,"AVANZA PREVISIÓN, COMPAÑÍA DE SEGUROS, S.A.","C/ VILLANUEVA N º 11 11,, 28001, MADRID",compuestos,,"C0809"                                                                                                                                                                                                                                                                                                                                                                                                                                                                                                                                                                                                                                                                                                                                                                                                                                                                                            
ESW0034957A,,"AWP P&C SUCURSAL EN ESPAÑA","C/ RAMIREZ DE ARELLANO 35, 28043, MADRID",no-vida,FR519490080,"E0202"                                                                                                                                                                                                                                                                                                                                                                                                                                                                                                                                                                                                                                                                                                                                                                                                                                                                                                                        
ESA48464606,213800FP9RNTV6Z4YX30,"AXA AURORA VIDA, S.A. DE SEGUROS Y REASEGUROS","C/ ALAMEDA DE URQUIJO 78, 48013, Bilbao",vida,,"C0711"                                                                                                                                                                                                                                                                                                                                                                                                                                                                                                                                                                                                                                                                                                                                                                                                                                                                                                
ESW2502653E,,"AXA FRANCE IARD SUC, ESPAÑA","AREQUIPA 1, 28043, MADRID",no-vida,FR722057460,"E0238"                                                                                                                                                                                                                                                                                                                                                                                                                                                                                                                                                                                                                                                                                                                                                                                                                                                                                                                                      
ESE0233,,"AXA FRANCE VIE SUC, ESPAÑA","EDIFICIO MAR DE CRISTAL  C/AREQUIPA 28043, 28043, MADRID",compuestos,FR310499959,"E0233"                                                                                                                                                                                                                                                                                                                                                                                                                                                                                                                                                                                                                                                                                                                                                                                                                                                                                                         
ESW0071771J,,"AXA LIFE EUROPE DAC SUC.EN ESPAÑA","EMILIO VARGAS 6, 28043, Madrid",vida,IEC40479,"E0172"                                                                                                                                                                                                                                                                                                                                                                                                                                                                                                                                                                                                                                                                                                                                                                                                                                                                                                                                 
ESA60917978,213800P7QU9BRRX4LI42,"AXA SEGUROS GENERALES, S. A. DE SEGUROS Y REASEGUROS","C/ Monseñor Palmer 1, 07014, PALMA DE MALLORCA",no-vida,,"C0723"                                                                                                                                                                                                                                                                                                                                                                                                                                                                                                                                                                                                                                                                                                                                                                                                                                                                               
ESW0602031G,9598005GFF0UDK149312,"AZUAGA COMPANHIA DE SEGUROS S.A., SUCURSAL EN ESPAÑA","CALLE ZURBANO 46, 28010, MADRID",no-vida,PT513851020,"E0241"                                                                                                                                                                                                                                                                                                                                                                                                                                                                                                                                                                                                                                                                                                                                                                                                                                                                                   
ESA78510138,959800KVDSPH1Q0AJ827,"BANKINTER SEGUROS DE VIDA, S.A. DE SEGUROS Y REASEGUROS","AVENIDA DE BRUSELAS 12, 28100, Alcobendas",compuestos,,"C0610"                                                                                                                                                                                                                                                                                                                                                                                                                                                                                                                                                                                                                                                                                                                                                                                                                                                                              
ESA78801172,9598002DXGD2XBLKQL69,"BANKINTER SEGUROS GENERALES, S.A. DE SEGUROS Y REASEGUROS","Avda. de Bruselas 12, 28108, Alcobendas",no-vida,,"C0791"                                                                                                                                                                                                                                                                                                                                                                                                                                                                                                                                                                                                                                                                                                                                                                                                                                                                                 
ESA64194590,95980087KHMB4W31ZH79,"BANSABADELL SEGUROS GENERALES, SOCIEDAD ANÓNIMA DE SEGUROS Y REASEGUROS","CALLE ISABEL COLBRAND 22, 28050, Madrid",no-vida,,"C0767"                                                                                                                                                                                                                                                                                                                                                                                                                                                                                                                                                                                                                                                                                                                                                                                                                                                                   
ESA08371908,UZ2PJTYPE2U0OF2SIX67,"BANSABADELL VIDA, S.A. DE SEGUROS Y REASEGUROS","CALLE ISABEL COLBRAND 22, 28050, MADRID",compuestos,,"C0557"                                                                                                                                                                                                                                                                                                                                                                                                                                                                                                                                                                                                                                                                                                                                                                                                                                                                                         
ESA88630694,959800JEEVSHA9KB4R16,"BBVA ALLIANZ, SEGUROS Y REASEGUROS, S.A.","CALLE RAMIREZ DE ARELLANO 35, 28043, MADRID",no-vida,,"C0807"                                                                                                                                                                                                                                                                                                                                                                                                                                                                                                                                                                                                                                                                                                                                                                                                                                                                                              
ESA88423041,959800RM92UQXX26M925,"BBVA RE INHOUSE COMPAÑÍA DE REASEGUROS SE","CALLE AZUL 4, 28050, Madrid",reaseguros,,"R0021"                                                                                                                                                                                                                                                                                                                                                                                                                                                                                                                                                                                                                                                                                                                                                                                                                                                                                                          
ESA48051098,5493003B0IKU22G55E77,"BBVASEGUROS, S.A., DE SEGUROS Y REASEGUROS","CL GRAN VIA DIEGO LOPEZ DE HARO 12, 48001, BILBAO",compuestos,,"C0502"                                                                                                                                                                                                                                                                                                                                                                                                                                                                                                                                                                                                                                                                                                                                                                                                                                                                                   
ESI17504079,,"BEAZLEY INSURANCE DESIGNATED ACTIVITY COMPANY SUC.EN ESPAÑA","TORRE GLORIES  PLT. 28 AVD DIAGONAL 28, 08018, BARCELONA",no-vida,IEC53853,"E0224"                                                                                                                                                                                                                                                                                                                                                                                                                                                                                                                                                                                                                                                                                                                                                                                                                                                                          
ESW0074423E,,"BERKSHIRE HATHAWAY EROPEAN INSURANCE DAC-SPAIN BRANCH","CALLE MARÍA DE MOLINA 6, 28006, MADRID",no-vida,IEC182407,"E0242"                                                                                                                                                                                                                                                                                                                                                                                                                                                                                                                                                                                                                                                                                                                                                                                                                                                                                                 
ESA86485794,959800BZUFHCZ4ZMMR30,"CA LIFE INSURANCE EXPERTS COMPAÑIA DE SEGUROS Y REASEGUROS, S.A.U.","C/ AGUSTÍN DE FOXÁ 29-6ª, 28036, Madrid",vida,,"C0797"                                                                                                                                                                                                                                                                                                                                                                                                                                                                                                                                                                                                                                                                                                                                                                                                                                                                           
ESA64097892,95980020140005005183,"CAIXA ENGINYERS VIDA-CAJA INGENIEROS VIDA, COMPAÑIA DE SEGUROS Y REASEGUROS, S.A.","C/ RAMBLA DE CATALUÑA 2 2,, 08010, Barcelona",vida,,"C0777"                                                                                                                                                                                                                                                                                                                                                                                                                                                                                                                                                                                                                                                                                                                                                                                                                                                       
ESA28013050,95980020140005375044,"CAJA DE SEGUROS REUNIDOS, COMPAÑÍA DE SEGUROS Y REASEGUROS, S.A.","AV DE BURGOS 109, 28050, MADRID",compuestos,,"C0031"                                                                                                                                                                                                                                                                                                                                                                                                                                                                                                                                                                                                                                                                                                                                                                                                                                                                               
ESA04653556,959800HZJ8FR6HC1GK85,"CAJAMAR SEGUROS GENERALES, SOCIEDAD ANONIMA DE SEGUROS Y REASEGUROS","CALLE CIUDAD FINANCIERA 1, 04131, Almería",no-vida,,"C0780"                                                                                                                                                                                                                                                                                                                                                                                                                                                                                                                                                                                                                                                                                                                                                                                                                                                                     
ESA04465555,549300FLM74NQRSUDX77,"CAJAMAR VIDA, SOCIEDAD ANONIMA DE SEGUROS Y REASEG UROS","CALLE CIUDAD FINANCIERA 1, 04131, ALMERIA",vida,,"C0757"                                                                                                                                                                                                                                                                                                                                                                                                                                                                                                                                                                                                                                                                                                                                                                                                                                                                                    
ESW0012421D,9598009ZEXXSV125QQ77,"CARDIF ASSURANCE VIE, SUCURSAL EN ESPAÑA","EMILIO VARGAS  N º4 4, 28043, MADRID",vida,FR732028154,"E0129"                                                                                                                                                                                                                                                                                                                                                                                                                                                                                                                                                                                                                                                                                                                                                                                                                                                                                             
ESW0012420F,,"CARDIF ASSURANCES RISQUES DIVERS SUC.ESPAÑA","EMILIO VARGAS 4 4, 28043, MADRID",no-vida,FR308896547,"E0130"                                                                                                                                                                                                                                                                                                                                                                                                                                                                                                                                                                                                                                                                                                                                                                                                                                                                                                               
ESW0092697B,213800NZ7SOBNCVCQ541,"CASUALTY & GENERAL INSURANCE COMPANY (EUROPE) LIMITED","CALLE BRUJULA, 4, 29016, MALAGA",no-vida,,"E0253"                                                                                                                                                                                                                                                                                                                                                                                                                                                                                                                                                                                                                                                                                                                                                                                                                                                                                             
ESW0046688H,,"CG CAR-GARANTIE VERSICHERUNGS-AKT SUC.ESPAÑA","AVDA DE LAS CORTES VALENCIANAS 39-4-C, 46015, VALENCIA",no-vida,DEA4OB7,"E0190"                                                                                                                                                                                                                                                                                                                                                                                                                                                                                                                                                                                                                                                                                                                                                                                                                                                                                            
ESW0257995A,,"CGPA EUROPE, S.A., SUCURSAL EN ESPAÑA","CL SAN VICENTE MÁRTIR, 118, 46007, VALENCIA",no-vida,,"E0254"                                                                                                                                                                                                                                                                                                                                                                                                                                                                                                                                                                                                                                                                                                                                                                                                                                                                                                                     
ESW0067389G,,"CHUBB EUROPEAN GROUP SE SUC.ESPAÑA","PASEO DE LA CASTELLANA 141 141, 28046, MADRID",no-vida,,"E0155"                                                                                                                                                                                                                                                                                                                                                                                                                                                                                                                                                                                                                                                                                                                                                                                                                                                                                                                      
ESW0069691D,,"CHUBB LIFE EUROPE SE, SUCURSAL EN ESPAÑA","PASEO DE LA CASTELLANA 141., 28046, MADRID",compuestos,FR450327374,"E0175"                                                                                                                                                                                                                                                                                                                                                                                                                                                                                                                                                                                                                                                                                                                                                                                                                                                                                                     
ESN0021205J,,"CIGNA LIFE INSURANCE COMPANY OF EUROPE S.A., SUCUR SAL EN ESPAÑA","PS DEL CLUB DEPORTIVO 14, 28223, POZUELO DE ALARCON",compuestos,BE0421437284,"E0133"                                                                                                                                                                                                                                                                                                                                                                                                                                                                                                                                                                                                                                                                                                                                                                                                                                                                   
ESA08169690,9598003MMXJNZZS7D544,"CLINICUM SEGUROS, SOCIEDAD ANONIMA","PS DE GRACIA 121, 08008, BARCELONA",no-vida,,"C0225"                                                                                                                                                                                                                                                                                                                                                                                                                                                                                                                                                                                                                                                                                                                                                                                                                                                                                                             
ESW0013620J,959800Q86ZLRVZQY9H15,"CNP ASSURANCES SUCURSAL EN ESPAÑA","CL CEDACEROS, 10, 28014, MADRID",compuestos,FR341737062,"E0160"                                                                                                                                                                                                                                                                                                                                                                                                                                                                                                                                                                                                                                                                                                                                                                                                                                                                                                   
ESW0010754J,959800LU6RMLP8NZK354,"CNP CAUTION SUCURSAL ESPAÑA","CALLE CEDACEROS 10 10,, 28014, MADRID",no-vida,FR383024098,"E0221"                                                                                                                                                                                                                                                                                                                                                                                                                                                                                                                                                                                                                                                                                                                                                                                                                                                                                                      
ESW0012052G,,"COMPAGNIE FRANCAISE D'ASSURANCE POUR LE COMMERCE EXTERIEUR SUC.ESPAÑA (COFACE)","VIA DE LOS POBLADOS 3 EDIFICIO 6 3, 28033, MADRID",no-vida,FR552069791,"E0116"                                                                                                                                                                                                                                                                                                                                                                                                                                                                                                                                                                                                                                                                                                                                                                                                                                                           
ESA31005432,959800ZBF6JL2EMDFL97,"COMPAÑIA DE SEGUROS IGUALATORIO MEDICO QUIRURGICO Y DE ESPECIALIDADES DE NAVARRA, SOCIEDAD ANONIMA","AVDA. BAYONA 4, 31011, PAMPLONA",no-vida,,"C0465"                                                                                                                                                                                                                                                                                                                                                                                                                                                                                                                                                                                                                                                                                                                                                                                                                                                
ESA28264034,9598002W9QQANQBTYQ69,"COMPAÑIA ESPAÑOLA DE SEGUROS DE CREDITO A LA EXPORTACION, S.A., COMPAÑIA DE SEGUROS Y REASEGUROS, SOCIEDAD MERCANTIL ESTATAL (CESCE)","CL VELAZQUEZ 74, 28001, MADRID",no-vida,,"C0516"                                                                                                                                                                                                                                                                                                                                                                                                                                                                                                                                                                                                                                                                                                                                                                                                               
ESW0171343G,,"CREDENDO-GUARANTEES & SPECIALTY RISKS SA SUC.EN ESPAÑA","RONDA GUGLIELMO MARCONI 11 11,, 46980, Paterna",reaseguros,BE0864602471,"E0171"                                                                                                                                                                                                                                                                                                                                                                                                                                                                                                                                                                                                                                                                                                                                                                                                                                                                                  
ESV46055810,9598002D114YGE8ZGT76,"DIVINA PASTORA SEGUROS, MUTUA DE SEGUROS","CL XÁTIVA 23, 46002, VALENCIA",vida,,"M0381"                                                                                                                                                                                                                                                                                                                                                                                                                                                                                                                                                                                                                                                                                                                                                                                                                                                                                                               
ESA20002002,959800PYGLABEDYXUF38,"DIVINA PASTORA, SEGUROS GENERALES, S.A.U.","C/ Xátiva 23, 46002, Valencia",no-vida,,"C0247"                                                                                                                                                                                                                                                                                                                                                                                                                                                                                                                                                                                                                                                                                                                                                                                                                                                                                                           
ESA50004209,529900G6IMJJHYXFWN65,"DKV SEGUROS Y REASEGUROS, SOCIEDAD ANONIMA ESPAÑOLA","AVENIDA DE MARIA ZAMBRANO 31, 50018, ZARAGOZA",no-vida,,"C0161"                                                                                                                                                                                                                                                                                                                                                                                                                                                                                                                                                                                                                                                                                                                                                                                                                                                                                 
ESA28072940,9598005RQFK6E65T5425,"ERGO GENERALES SEGUROS Y REASEGUROS, S.A.","CL CONCHA ESPINA 63, 28016, MADRID",no-vida,,"C0120"                                                                                                                                                                                                                                                                                                                                                                                                                                                                                                                                                                                                                                                                                                                                                                                                                                                                                                      
ESW0040918E,,"ERGO SEGUROS DE VIAJE  SUC.ESPAÑA","AVDA ISLA GRACIOSA N º 1 1, 28703, MADRID",no-vida,DEA4JJT,"E0217"                                                                                                                                                                                                                                                                                                                                                                                                                                                                                                                                                                                                                                                                                                                                                                                                                                                                                                                    
ESA79420899,5299003NVOZ58BDXCC38,"ERGO VIDA SEGUROS Y REASEGUROS, SOCIEDAD ANONIMA","Avda María Zambrano 31, 50018, ZARAGOZA",vida,,"C0696"                                                                                                                                                                                                                                                                                                                                                                                                                                                                                                                                                                                                                                                                                                                                                                                                                                                                                             
ESA28008647,959800JQA0H1B14GUA38,"ESPAÑA, S.A., COMPAÑÍA NACIONAL DE SEGUROS","CL PRINCIPE DE VERGARA 38, 28001, MADRID",compuestos,,"C0069"                                                                                                                                                                                                                                                                                                                                                                                                                                                                                                                                                                                                                                                                                                                                                                                                                                                                                            
ESN0013307D,,"EUROMAF SA ASSURANCE INGENIEURS ET ARQUI","CL MARQUES DE URQUIJO 28, 28008, MADRID",no-vida,FR429599509,"E0148"                                                                                                                                                                                                                                                                                                                                                                                                                                                                                                                                                                                                                                                                                                                                                                                                                                                                                                           
ESA33003906,9598005NJSKY2493BP37,"EXPERTIA GLOBAL SEGUROS Y REASEGUROS, S.A.","Cl Arminza 2, 28023, MADRID",no-vida,,"C0355"                                                                                                                                                                                                                                                                                                                                                                                                                                                                                                                                                                                                                                                                                                                                                                                                                                                                                                            
ESA46001186,959800YWW2JCU3254E20,"FAMILIAR DE SEGUROS ACTIVE, SOCIEDAD ANONIMA","AV. DE LAS CORTES VALENCIANAS 17, 46015, VALENCIA",no-vida,,"C0007"                                                                                                                                                                                                                                                                                                                                                                                                                                                                                                                                                                                                                                                                                                                                                                                                                                                                                    
ESG08257818,959800N73410Z4019B34,"FEDERACIÓ DE MUTUALITATS DE CATALUNYA","CL ROGER DE LLÚRIA, 119, 08037, BARCELONA",compuestos,,""                                                                                                                                                                                                                                                                                                                                                                                                                                                                                                                                                                                                                                                                                                                                                                                                                                                                                                     
ESG08171407,95980020140005337408,"FIATC, MUTUA DE SEGUROS Y REASEGUROS","AV DIAGONAL 648, 08017, BARCELONA",compuestos,,"M0134"                                                                                                                                                                                                                                                                                                                                                                                                                                                                                                                                                                                                                                                                                                                                                                                                                                                                                                         
ESW0101170I,98450074A77DO5F87590,"FIDELIDADE COMPANHIA DE SEGUROS S.A SUC.ESPAÑA","EDIFICIO C PARQUE EMPRESARIAL TRIANÓN 9-11, 28033, Madrid",compuestos,PT500918880,"E0118"                                                                                                                                                                                                                                                                                                                                                                                                                                                                                                                                                                                                                                                                                                                                                                                                                                                            
ESW0185262C,,"FM INSURANCE EUROPE S.A  SUC. EN ESPAÑA","Pº DE LA CASTELLANA 259 C 259, 28046, MADRID",no-vida,LURCSB0211309,"E0222"                                                                                                                                                                                                                                                                                                                                                                                                                                                                                                                                                                                                                                                                                                                                                                                                                                                                                                     
ESW0043948I,,"GENERAL REINSURANCE SUC. ESPAÑA","EDIFICIO A. MAHOU 6º PLT 6º, 28020, MADRID",reaseguros,DEA4LH6,"E0228"                                                                                                                                                                                                                                                                                                                                                                                                                                                                                                                                                                                                                                                                                                                                                                                                                                                                                                                  
ESA48037642,549300ODC1UIUYG6ZW52,"GENERALI SEGUROS Y REASEGUROS S.A.","PLAZA DE MANUEL GOMEZ MORENO 5, 28020, MADRID",compuestos,,"C0467"                                                                                                                                                                                                                                                                                                                                                                                                                                                                                                                                                                                                                                                                                                                                                                                                                                                                                               
ESV08995482,,"GERMANDAT DE SANT JOAN BAPTISTA DE SANT CELONI, MUTUALITAT DE PREVISIÓ SOCIAL A PRIMA FIXA","CL DIPUTACIÓ, 34 (ED. HOSPITAL SANT CELONI), 08470, SANT CELONI",no-vida,,""                                                                                                                                                                                                                                                                                                                                                                                                                                                                                                                                                                                                                                                                                                                                                                                                                                                 
ESV08892010,95980034K5U4J5WQ0X71,"GERMANDAT DE SANT SEBASTIÀ DE PREVISIÓ SOCIAL, MPS","CL SANTA ANNA, 1 (ATENEU CERVELLONÍ), 08758, CERVELLO",no-vida,,""                                                                                                                                                                                                                                                                                                                                                                                                                                                                                                                                                                                                                                                                                                                                                                                                                                                                               
ESA28008712,95980020140005245355,"GES, SEGUROS Y REASEGUROS, S.A.","PZ DE LAS CORTES 2, 28014, MADRID",compuestos,,"C0089"                                                                                                                                                                                                                                                                                                                                                                                                                                                                                                                                                                                                                                                                                                                                                                                                                                                                                                              
ESW0049757H,,"HDI GLOBAL SE SUC.ESPAÑA","LUCHANA 23, 28010, MADRID",no-vida,DEA0E8F,"E0213"                                                                                                                                                                                                                                                                                                                                                                                                                                                                                                                                                                                                                                                                                                                                                                                                                                                                                                                                             
ESA15008931,959800FRV9QXPEHFXE94,"HERCULES SALUD SEGUROS, S.A.","CT DE LA PALLOZA 4-6, 15006, LA CORUÑA",no-vida,,"C0315"                                                                                                                                                                                                                                                                                                                                                                                                                                                                                                                                                                                                                                                                                                                                                                                                                                                                                                               
ESV28306678,549300XJUJHXPUOOIE33,"HERMANDAD NACIONAL DE ARQUITECTOS, ARQUITECTOS TÉCNICOS Y QUIMICOS, MUTUALIDAD DE PREVISION SOCIAL (HNA)","AV DE BURGOS 17, 28036, MADRID",compuestos,,"P3028"                                                                                                                                                                                                                                                                                                                                                                                                                                                                                                                                                                                                                                                                                                                                                                                                                                        
ESE0231,,"HISCOX S.A SUC. ESPAÑA","MIGUEL ÁNGEL 11., 28010, MADRID",no-vida,LURCSB0217018,"E0231"                                                                                                                                                                                                                                                                                                                                                                                                                                                                                                                                                                                                                                                                                                                                                                                                                                                                                                                                       
ESA46013058,95980020140005012846,"IBERCAJA VIDA, COMPAÑIA DE SEGUROS Y REASEGUROS, S.A.","PS DE LA CONSTITUCIÓN 4, 50008, ZARAGOZA",compuestos,,"C0140"                                                                                                                                                                                                                                                                                                                                                                                                                                                                                                                                                                                                                                                                                                                                                                                                                                                                                 
ESN0013171D,,"ICARE ASSURANCE","ORENSE 4, 08014, MADRID",no-vida,FR327061339,"E0143"                                                                                                                                                                                                                                                                                                                                                                                                                                                                                                                                                                                                                                                                                                                                                                                                                                                                                                                                                    
ESA33602814,959800FRL38WHC6MSF94,"IGUALATORIO MEDICO QUIRURGICO Y DE ESPECIALIDADES DE ASTURIAS, S.A. DE SEGUROS","C/ Cabrales 72, 33201, Gijón",no-vida,,"C0391"                                                                                                                                                                                                                                                                                                                                                                                                                                                                                                                                                                                                                                                                                                                                                                                                                                                                       
ESA95321386,959800UC5X5MX2576D02,"IGUALATORIO MEDICO QUIRURGICO, S.A. DE SEGUROS Y REASEGUROS","Cl Máximo  Aguirre 18, 48011, Bilbao",no-vida,,"C0758"                                                                                                                                                                                                                                                                                                                                                                                                                                                                                                                                                                                                                                                                                                                                                                                                                                                                                  
ESW0278361A,,"IMA IBÉRICA ASISTENCIA SUCURSAL DE IMA ASSURANCES","CALLE RUFINO GONZÁLEZ 23, 28037, MADRID",no-vida,,"E0258"                                                                                                                                                                                                                                                                                                                                                                                                                                                                                                                                                                                                                                                                                                                                                                                                                                                                                                             
ESA08169682,959800W77QEQ1T3BE092,"INSTITUTO SANITARIO,S.A. DE SEGUROS","CL NOU, 46-48, 08301, MATARO",vida,,""                                                                                                                                                                                                                                                                                                                                                                                                                                                                                                                                                                                                                                                                                                                                                                                                                                                                                                                          
ESE0234,,"INTACT INSURANCE (EUROPE) SA, SUCURSAL EN ESPAÑA","Paseo de la Castellana 95, 28046, Madrid",no-vida,,"E0234"                                                                                                                                                                                                                                                                                                                                                                                                                                                                                                                                                                                                                                                                                                                                                                                                                                                                                                                 
ESW0171985E,,"INTER PARTNER ASSISTANCE SA SUC.ESPAÑA","EDIFICIO  MAR DE CRISTAL C/ AREQUIPA Nº1 3A PLT. ESC 2 1, 28043, MADRID",no-vida,BE0415591055,"E0196"                                                                                                                                                                                                                                                                                                                                                                                                                                                                                                                                                                                                                                                                                                                                                                                                                                                                            
ESW0040394I,,"INTERLLOYD VERSICHERUNGS-AG SUCURSAL EN  ESPAÑA","NUÑEZ DE BALBOA 120, 28006, MADRID",no-vida,DEA4NYS,"E0214"                                                                                                                                                                                                                                                                                                                                                                                                                                                                                                                                                                                                                                                                                                                                                                                                                                                                                                             
ESW0230454A,,"IPTIQ LIFE S.A. SUCURSAL EN ESPAÑA","PS CASTELLANA, 95, 28046, MADRID",compuestos,LURCSB0184281,"E0250"                                                                                                                                                                                                                                                                                                                                                                                                                                                                                                                                                                                                                                                                                                                                                                                                                                                                                                                   
ESA78562246,9598002HGHHPN3SEHE30,"IRIS GLOBAL SOLUCIONES DE PROTECCIÓN SEGUROS Y REASEGUROS, S.A.","CALLE JULIAN CAMARILLO 36, 28037, MADRID",no-vida,,"C0627"                                                                                                                                                                                                                                                                                                                                                                                                                                                                                                                                                                                                                                                                                                                                                                                                                                                                          
ESA48505028,959800W3TRRAM6JZFY81,"KUTXABANK ASEGURADORA COMPAÑIA DE SEGUROS Y REASEGUROS, S.A.","PLAZA DE EUSKADI 5-PLANTA, 48009, Bilbao",no-vida,,"C0721"                                                                                                                                                                                                                                                                                                                                                                                                                                                                                                                                                                                                                                                                                                                                                                                                                                                                             
ESA48272363,549300GOF5A5DHWJLV03,"KUTXABANK VIDA Y PENSIONES COMPAÑIA DE SEGUROS Y REASEGUROS, S.A.","PLAZA DE EUSKADI 5, 48009, Bilbao",vida,,"C0654"                                                                                                                                                                                                                                                                                                                                                                                                                                                                                                                                                                                                                                                                                                                                                                                                                                                                                  
ESA36601052,959800EF016013PJ2Q18,"LA FE PREVISORA COMPAÑIA DE SEGUROS, S.A.","CL ELDUAYEN 32, 36202, VIGO",no-vida,,"C0075"                                                                                                                                                                                                                                                                                                                                                                                                                                                                                                                                                                                                                                                                                                                                                                                                                                                                                                             
ESV61489910,5493005YS4B1KQIL6120,"LA NOVA ALIANÇA MATARONINA, MUTUALITAT DE PREVISIÓ SOCIAL A PRIMA FIXA","CL PLAÇA DE LES TERESES, 22, 08302, MATARO",no-vida,,""                                                                                                                                                                                                                                                                                                                                                                                                                                                                                                                                                                                                                                                                                                                                                                                                                                                                      
ESV08462095,959800RPPKC8SQDWEP68,"LA PREVISIÓ TERRASSENCA, MUTUALITAT DE PREVISIÓ SOCIAL A PRIMA FIXA","RAMBLETA DEL PARE ALEGRE, 2, 08224, TERRASSA",no-vida,,""                                                                                                                                                                                                                                                                                                                                                                                                                                                                                                                                                                                                                                                                                                                                                                                                                                                                       
ESA08169013,959800TXUZ28UWG26R45,"LA PREVISION MALLORQUINA DE SEGUROS, S.A.","CL ARIBAU 168, 08036, BARCELONA",no-vida,,"C0279"                                                                                                                                                                                                                                                                                                                                                                                                                                                                                                                                                                                                                                                                                                                                                                                                                                                                                                         
ESA03007770,959800G9H6YP702T9K38,"LA UNION ALCOYANA, S.A. DE SEGUROS Y REASEGUROS.","CL GONZALO BARRACHINA 4, 03801, ALCOY",no-vida,,"C0188"                                                                                                                                                                                                                                                                                                                                                                                                                                                                                                                                                                                                                                                                                                                                                                                                                                                                                            
ESA28081818,959800YZESKNTA0JPB73,"LA UNION MADRILEÑA DE SEGUROS, S.A.","CL VIRIATO 2, 28010, MADRID",no-vida,,"C0368"                                                                                                                                                                                                                                                                                                                                                                                                                                                                                                                                                                                                                                                                                                                                                                                                                                                                                                                   
ESA85180289,959800FJYC9BGZ4L6K85,"LEGALITAS COMPAÑIA DE SEGUROS Y REASEGUROS, S.A.","VIA DE LOS POBLADOS 3 3,, 28033, MADRID",no-vida,,"C0771"                                                                                                                                                                                                                                                                                                                                                                                                                                                                                                                                                                                                                                                                                                                                                                                                                                                                                          
ESW0069547H,,"LIBERTY MUTUAL INSURANCE EUROPE SE SUC.EN ESPAÑA","CASTELLANA 31, 28046, MADRID",no-vida,LURCSB0232280,"E0174"                                                                                                                                                                                                                                                                                                                                                                                                                                                                                                                                                                                                                                                                                                                                                                                                                                                                                                            
ESA80871031,95980079E2NBJT967T79,"LINEA DIRECTA ASEGURADORA SOCIEDAD ANÓNIMA COMPAÑIA DE SEGUROS Y REASEGUROS","CL ISAAC NEWTON 7, 28760, TRES CANTOS",no-vida,,"C0720"                                                                                                                                                                                                                                                                                                                                                                                                                                                                                                                                                                                                                                                                                                                                                                                                                                                                 
ESE0237,,"LLOYD'S INSURANCE COMPANY SA/NV","PASEO DE LA CASTELLANA, 216, 28046, MADRID",no-vida,BE0682594839,"E0237"                                                                                                                                                                                                                                                                                                                                                                                                                                                                                                                                                                                                                                                                                                                                                                                                                                                                                                                    
ESV28277002,95980020140005245549,"LORETO MUTUA, MUTUALIDAD DE PREVISION SOCIAL","Paseo de la Castellana 40, 28046, Madrid",vida,,"P2994"                                                                                                                                                                                                                                                                                                                                                                                                                                                                                                                                                                                                                                                                                                                                                                                                                                                                                                
ESA79194148,959800GMX7R2WN7KGT42,"MAPFRE ASISTENCIA, COMPAÑIA INTERNACIONAL DE SEGUROS Y REASEGUROS, S.A.","CTRA. POZUELO 52, 28222, MAJADAHONDA",no-vida,,"C0676"                                                                                                                                                                                                                                                                                                                                                                                                                                                                                                                                                                                                                                                                                                                                                                                                                                                                      
ESA28141935,959800M5S8EHVXWG6P95,"MAPFRE ESPAÑA, COMPAÑIA DE SEGUROS Y REASEGUROS, S.A.","CTRA. DE POZUELO 50, 28222, MAJADAHONDA",compuestos,,"C0058"                                                                                                                                                                                                                                                                                                                                                                                                                                                                                                                                                                                                                                                                                                                                                                                                                                                                                  
ESA78346558,UIUPNLHSQI58ZL7O2J82,"MAPFRE RE, COMPAÑIA DE REASEGUROS, S.A.","Paseo de Recoletos 25, 28004, MADRID",reaseguros,,"R0019"                                                                                                                                                                                                                                                                                                                                                                                                                                                                                                                                                                                                                                                                                                                                                                                                                                                                                                   
ESA28229599,95980020140005571275,"MAPFRE VIDA, S.A. DE SEGUROS Y REASEGUROS SOBRE LA VIDA HUMANA","CTRA. DE POZUELO 50, 28220, Majadahonda",compuestos,,"C0511"                                                                                                                                                                                                                                                                                                                                                                                                                                                                                                                                                                                                                                                                                                                                                                                                                                                                         
ESA57193492,9598009X93GQBNHF1L85,"MARCH VIDA, SOCIEDAD ANONIMA DE SEGUROS Y REASEGUR OS","AV ALEJANDRO ROSSELLÓ 8, 07002, PALMA DE MALLORCA",compuestos,,"C0754"                                                                                                                                                                                                                                                                                                                                                                                                                                                                                                                                                                                                                                                                                                                                                                                                                                                                        
ESE0235,,"MARKEL INSURANCE SE SUCURSAL EN ESPAÑA","PASEO DE LA CASTELLANA 259, 28046, MADRID",no-vida,GB0ECBM05179,"E0235"                                                                                                                                                                                                                                                                                                                                                                                                                                                                                                                                                                                                                                                                                                                                                                                                                                                                                                              
ESW0071457F,,"MEDIOLANUM INTERNATIONAL LIFE DESIGNATED ACTIVITY COMPANY SUC.ESPAÑA","CALLE AGUSTINA SARAGOSSA 3, 08017, BARCELONA",vida,IEC33581,"E0141"                                                                                                                                                                                                                                                                                                                                                                                                                                                                                                                                                                                                                                                                                                                                                                                                                                                                                
ESA28534345,95980020140005248944,"MEDVIDA PARTNERS DE SEGUROS Y REASEGUROS, S.A.","Carrera de San Jerónimo 21, 28006, MADRID",compuestos,,"C0559"                                                                                                                                                                                                                                                                                                                                                                                                                                                                                                                                                                                                                                                                                                                                                                                                                                                                                       
ESA18006296,959800ZWWVLBYKM42V32,"MERIDIANO, S.A., COMPAÑIA ESPAÑOLA DE SEGUROS","Av JEAN LAUDE COMBALDIEU 5, 03008, Alicante/Alacant",no-vida,,"C0494"                                                                                                                                                                                                                                                                                                                                                                                                                                                                                                                                                                                                                                                                                                                                                                                                                                                                                 
ESW0072536F,,"METLIFE EUROPE DESIGNATED ACTIVITY SUC.ESPAÑA","AVDA DE LOS TOREROS 3, 28028, MADRID",compuestos,IEC42062,"E0208"                                                                                                                                                                                                                                                                                                                                                                                                                                                                                                                                                                                                                                                                                                                                                                                                                                                                                                         
ESW0072537D,,"METLIFE EUROPE INSURANCE DESIGNATED ACTIVITY COMPANY SUC.ESPAÑA","AVDA DE LOS TOREROS 3, 28028, MADRID",no-vida,IEC89732,"E0209"                                                                                                                                                                                                                                                                                                                                                                                                                                                                                                                                                                                                                                                                                                                                                                                                                                                                                          
ESV08846644,959800AWCJB7N538UK67,"MGC INSURANCE, MUTUA DE SEGUROS Y REASEGUROS A PRIMA FIJA","CALLE TUSETS 5-11, 08006, BARCELONA",compuestos,,"M0379"                                                                                                                                                                                                                                                                                                                                                                                                                                                                                                                                                                                                                                                                                                                                                                                                                                                                                  
ESA08171373,959800HLH5TACZZ9RT63,"MGS SEGUROS Y REASEGUROS S.A.","CALLE DON JAIME I 32, 50001, Zaragoza",compuestos,,"C0794"                                                                                                                                                                                                                                                                                                                                                                                                                                                                                                                                                                                                                                                                                                                                                                                                                                                                                                            
ESW0117091I,,"MIC INSURANCE COMPANY, SUCURSAL EN ESPAÑA","CALLE AVIACIÓN 10 10,, 41007, SEVILLA",no-vida,FR885241208,"E0248"                                                                                                                                                                                                                                                                                                                                                                                                                                                                                                                                                                                                                                                                                                                                                                                                                                                                                                            
ESV08616807,959800KFFMS9PXW0TF55,"MONTEPIO D'ASSISTÈNCIA SANITÀRIA COL·LEGIAL D'ASSEGURANCES DR. LUIS SANS SOLA, MPS A QUOTA FIXA","CL MUNTANER  461 BAIXOS, 08021, BARCELONA",no-vida,,""                                                                                                                                                                                                                                                                                                                                                                                                                                                                                                                                                                                                                                                                                                                                                                                                                                              
ESV28232841,959800TX37YS72VF3L63,"MONTEPIO DE ARTILLERIA, MUTUALIDAD DE PREVISIÓN SOCIAL","C/ SANTISIMA TRINIDAD 30, 28010, MADRID",vida,,"P0046"                                                                                                                                                                                                                                                                                                                                                                                                                                                                                                                                                                                                                                                                                                                                                                                                                                                                                       
ESV17068685,959800N5AW85UQ9JGH30,"MONTEPIO DE CONDUCTORS SANT CRISTÒFOL DE GIRONA I PROVÍNCIA, MUTUALITAT DE PREVISIÓ SOCIAL A PRIMA FIXA","CL JULI GARRETA NÚM. 14, BAIXOS, 17002, GIRONA",no-vida,,""                                                                                                                                                                                                                                                                                                                                                                                                                                                                                                                                                                                                                                                                                                                                                                                                                                 
ESW1081054G,,"MONUMENT ASSURANCE LUXEMBURG S.A SUC. ESPAÑA","LUCHANA 23, 28010, MADRID",vida,LURCSB0073935,"E0152"                                                                                                                                                                                                                                                                                                                                                                                                                                                                                                                                                                                                                                                                                                                                                                                                                                                                                                                      
ESW0049767G,,"MSIG INSURANCE EUROPE AG SUC.ESPAÑA","CALLE ORENSE 34, 28020, MADRID",no-vida,,"E0212"                                                                                                                                                                                                                                                                                                                                                                                                                                                                                                                                                                                                                                                                                                                                                                                                                                                                                                                                    
ESA28437945,,"MÜNCHENER RÜCKVERSICHERUNGS-GESELLSCHAFT, SUCURSAL ESPAÑA Y PORTUGAL","PASEO DE LA CATELLANA 7, 28046, MADRID",reaseguros,DEA00PN,"E0227"                                                                                                                                                                                                                                                                                                                                                                                                                                                                                                                                                                                                                                                                                                                                                                                                                                                                                 
ESA85490407,9598007W6DJJTCZPKQ89,"MURIMAR VIDA SEGUROS Y REASEGUROS, S.A.","C/ Orense 58, 28020, Madrid",vida,,"C0793"                                                                                                                                                                                                                                                                                                                                                                                                                                                                                                                                                                                                                                                                                                                                                                                                                                                                                                                  
ESV28865855,959800CJK3068RAPAX28,"MUSAAT, MUTUA DE SEGUROS A PRIMA FIJA","CL JAZMIN 66, 28033, MADRID",no-vida,,"M0368"                                                                                                                                                                                                                                                                                                                                                                                                                                                                                                                                                                                                                                                                                                                                                                                                                                                                                                                 
ESG08171548,95980063VYQX6K6DXW07,"MUSSAP- MUTUA DE SEGUROS Y REASEGUROS A PRIMA FIJA","Via Layetana 20, 08003, Barcelona",no-vida,,"M0107"                                                                                                                                                                                                                                                                                                                                                                                                                                                                                                                                                                                                                                                                                                                                                                                                                                                                                              
ESV46053245,95980041K6Z0LE4DNZ73,"MUTUA ARROCERA DE SEGUROS","C/ D. Juan de Austria 36, 46002, VALENCIA",no-vida,,"M0124"                                                                                                                                                                                                                                                                                                                                                                                                                                                                                                                                                                                                                                                                                                                                                                                                                                                                                                               
ESV08305567,959800Z50KZGFG5H4Y44,"MÚTUA D'EMPLEATS DELS TRANSPORTS DE BARCELONA, M.P.S. A QUOTA FIXA","CL TORRENT DE LES FLORS, 83, 08024, BARCELONA",no-vida,,""                                                                                                                                                                                                                                                                                                                                                                                                                                                                                                                                                                                                                                                                                                                                                                                                                                                                       
ESG01014893,9598002VVT3S5BDCAT94,"MUTUA DE ALAVA, SEGURO DE EDIFICIOS A PRIMA FIJA, MUTUA DE SEGUROS","CL VICENTE GOICOECHEA 1, 01008, VITORIA",no-vida,,"M0374"                                                                                                                                                                                                                                                                                                                                                                                                                                                                                                                                                                                                                                                                                                                                                                                                                                                                        
ESV08423980,9598008G16MLG5CQM578,"MÚTUA DE GRANOLLERS, MÚTUA DE PREVISIÓ SOCIAL","CL PLAÇA PAU CASALS, S/N, 08402, GRANOLLERS",no-vida,,""                                                                                                                                                                                                                                                                                                                                                                                                                                                                                                                                                                                                                                                                                                                                                                                                                                                                                              
ESV25019266,959800PMAYKFHJLCEC19,"MÚTUA DE L'ALT PIRINEU, MPS","CL SANT AGUSTÍ, 25, 25700, LA SEU D'URGELL",no-vida,,""                                                                                                                                                                                                                                                                                                                                                                                                                                                                                                                                                                                                                                                                                                                                                                                                                                                                                                                 
ESV47005640,9598002A5E1NG9EJ2H79,"MUTUA DE PREVISION SOCIAL A PRIMA FIJA DEL PERSONAL DE RENAULT ESPAÑA, MUTUALIDAD DE PREVISIÓN SOCIAL","AVENIDA MADRID 72, 47008, Valladolid",compuestos,,"P2651"                                                                                                                                                                                                                                                                                                                                                                                                                                                                                                                                                                                                                                                                                                                                                                                                                                     
ESG08171332,959800TSHQ9XFDABEE13,"MUTUA DE PROPIETARIOS, SEGUROS Y REASEGUROS A PRIMA FIJA","CL LONDRES 29, 08029, BARCELONA",no-vida,,"M0199"                                                                                                                                                                                                                                                                                                                                                                                                                                                                                                                                                                                                                                                                                                                                                                                                                                                                                          
ESG78547148,959800WFUYUBMKDBD861,"MUTUA DE RIESGO MARITIMO, SOCIEDAD DE SEGUROS A PRIMA FIJA (MURIMAR)","CL ORENSE 58, 28020, MADRID",no-vida,,"M0371"                                                                                                                                                                                                                                                                                                                                                                                                                                                                                                                                                                                                                                                                                                                                                                                                                                                                                  
ESV28009561,9598008NWS54JTFEPW35,"MUTUA DE SEGUROS DE ARMADORES DE BUQUES DE PESCA DE ESPAÑA, SOCIEDAD MUTUA A PRIMA FIJA","CL Claudio Coello 78, 28001, Madrid",no-vida,,"M0046"                                                                                                                                                                                                                                                                                                                                                                                                                                                                                                                                                                                                                                                                                                                                                                                                                                                       
ESJ46093829,959800C5KWKMJYMHTV81,"MUTUA DE SEGUROS Y REASEGUROS DE LA PANADERIA DE VALENCIA","CL GUILLEM DE CASTRO 46, 46001, Valencia",no-vida,,"M0327"                                                                                                                                                                                                                                                                                                                                                                                                                                                                                                                                                                                                                                                                                                                                                                                                                                                                                
ESV08413460,95980038LADWGGYLNK70,"MÚTUA DE TERRASSA, MUTUALITAT DE PREVISIÓ SOCIAL","CL SANT ANTONI, 32, 08221, TERRASSA",compuestos,,""                                                                                                                                                                                                                                                                                                                                                                                                                                                                                                                                                                                                                                                                                                                                                                                                                                                                                                
ESG60327798,5493001MMD6ZXV8ZXW79,"MÚTUA DEL PERSONAL DE LA CAIXA, M.P.S.","GRAN VIA DE CARLES III, 84, 08028, BARCELONA",no-vida,,""                                                                                                                                                                                                                                                                                                                                                                                                                                                                                                                                                                                                                                                                                                                                                                                                                                                                                                    
ESG03015914,959800MMH2ZHJ6JPNG65,"MUTUA LEVANTE, MUTUA DE SEGUROS","C/ Roger de Lluria 8, 03801, ALCOY",no-vida,,"M0140"                                                                                                                                                                                                                                                                                                                                                                                                                                                                                                                                                                                                                                                                                                                                                                                                                                                                                                                
ESV28027118,95980020140005325671,"MUTUA MADRILEÑA AUTOMOVILISTA, SOCIEDAD DE SEGUROS A PRIMA FIJA","Pº DE LA CASTELLANA 33, 28046, MADRID",compuestos,,"M0083"                                                                                                                                                                                                                                                                                                                                                                                                                                                                                                                                                                                                                                                                                                                                                                                                                                                                          
ESV08276545,959800YMEJC892XQNJ65,"MÚTUA MANRESANA, MUTUALITAT DE PREVISIÓ SOCIAL A PRIMA FIXA","CL MOSSÈN SERAPI FARRÉ, 41, 08242, MANRESA",compuestos,,""                                                                                                                                                                                                                                                                                                                                                                                                                                                                                                                                                                                                                                                                                                                                                                                                                                                                              
ESG28010817,959800E0B263GHBW8T98,"MUTUA MMT SEGUROS, SOCIEDAD MUTUA DE SEGUROS A PRIMA FIJA","CL TRAFALGAR 11, 28010, MADRID",no-vida,,"M0084"                                                                                                                                                                                                                                                                                                                                                                                                                                                                                                                                                                                                                                                                                                                                                                                                                                                                                          
ESV08465098,95980084CSRTER6E1E21,"MUTUA NACIONAL DE INGENIEROS TÉCNICOS DE PREVISIÓN SOCIAL A PRIMA FIJA , MUTUALIDAD DE PREVISION SOCIAL","TRAVESSERA DE DALT 11, 08024, BARCELONA",compuestos,,"P3164"                                                                                                                                                                                                                                                                                                                                                                                                                                                                                                                                                                                                                                                                                                                                                                                                                                
ESV12006268,959800BTZ7RC84LM6G21,"MUTUA SEGORBINA DE SEGUROS A PRIMA FIJA","PZ GRAL.GIMENEZ SALES 2, 12400, SEGORBE",no-vida,,"M0167"                                                                                                                                                                                                                                                                                                                                                                                                                                                                                                                                                                                                                                                                                                                                                                                                                                                                                                   
ESG38004297,959800S2RZ27G26M1V05,"MUTUA TINERFEÑA, MUTUA DE SEGUROS Y REASEGUROS A PRIMA FIJA","CL PUERTA CANSECO 33, 38003, STA. CRUZ DE TENERIFE",no-vida,,"M0216"                                                                                                                                                                                                                                                                                                                                                                                                                                                                                                                                                                                                                                                                                                                                                                                                                                                                    
ESV08475766,95980020140006020191,"MUTUAL MÉDICA, MUTUALIDAD DE PREVISION SOCIAL A PRIMA FIJA","VÍA LAIETANA 31, 08003, BARCELONA",compuestos,,"P3157"                                                                                                                                                                                                                                                                                                                                                                                                                                                                                                                                                                                                                                                                                                                                                                                                                                                                                   
ESV08259434,,"MUTUAL-SALUS DE PREVISIÀ SOCIAL  M.P.S. A QUOTA FIXA","CL PAU CLARIS 70  ENT. B, 08010, BARCELONA",no-vida,,""                                                                                                                                                                                                                                                                                                                                                                                                                                                                                                                                                                                                                                                                                                                                                                                                                                                                                                            
ESV28499143,959800F38S5185YXRG14,"MUTUALIDAD COMPLEMENTARIA DE PREVISION SOCIAL RENAULT ESPAÑA","AVDA. DE EUROPA 1, 28108, ALCOBENDAS",compuestos,,"P3074"                                                                                                                                                                                                                                                                                                                                                                                                                                                                                                                                                                                                                                                                                                                                                                                                                                                                              
ESG82699653,959800A7ZAXDYPY4R905,"MUTUALIDAD DE DEPORTISTAS PROFESIONALES, MUTUALIDAD DE PREVISIÓN SOCIAL A PRIMA FIJA","CALLE GENERAL DIAZ PORLIER 9 9,, 28001, MADRID",compuestos,,"P3156"                                                                                                                                                                                                                                                                                                                                                                                                                                                                                                                                                                                                                                                                                                                                                                                                                                            
ESV28234011,959800LFTUK5LP90NN65,"MUTUALIDAD DE EMPLEADOS DEL BANCO DE ESPAÑA, MUTUALIDAD DE PREVISION SOCIAL DE SEGUROS","CL GENERAL ARRANDO 19, 28010, MADRID",compuestos,,"P1875"                                                                                                                                                                                                                                                                                                                                                                                                                                                                                                                                                                                                                                                                                                                                                                                                                                                    
ESV20080040,959800GV5S9AMCZA3W30,"MUTUALIDAD DE PREVISION SOCIAL A PRIMA FIJA PARA EL PERSONAL DE MICHELIN ESPAÑA PORTUGAL, S.A.","GLORIETA DE BIBENDUM 1, 47009, VALLADOLID",no-vida,,"P2605"                                                                                                                                                                                                                                                                                                                                                                                                                                                                                                                                                                                                                                                                                                                                                                                                                                          
ESV28870715,959800J5013B1HFN5K92,"MUTUALIDAD DE PREVISIÓN SOCIAL DE ARAGONESAS A PRIMA FIJA","VELÁZQUEZ 64-66, 28001, MADRID",compuestos,,"P2136"                                                                                                                                                                                                                                                                                                                                                                                                                                                                                                                                                                                                                                                                                                                                                                                                                                                                                       
ESG78022142,959800KUWHJUE07QEM65,"MUTUALIDAD DE PREVISION SOCIAL DE ASISA DR. ATILANO CEREZO","CL JUAN IGNACIO LUCA DE TENA 12, 28027, MADRID",compuestos,,"P3138"                                                                                                                                                                                                                                                                                                                                                                                                                                                                                                                                                                                                                                                                                                                                                                                                                                                                      
ESV85599645,959800GSDDAPZXFV7S73,"MUTUALIDAD DE PREVISION SOCIAL DE FUTBOLISTAS ESPAÑOLES A PRIMA FIJA","CL JOSÉ ECHEGARAY 8, 28232, LAS ROZAS DE MADRID",no-vida,,"P1639"                                                                                                                                                                                                                                                                                                                                                                                                                                                                                                                                                                                                                                                                                                                                                                                                                                                              
ESV28809226,95980020140005563127,"MUTUALIDAD DE PREVISION SOCIAL DE LA POLICIA A PRIMA FIJA Y A PRIMA VARIABLE","CL FERROCARRIL 18, 28045, MADRID",compuestos,,"P3151"                                                                                                                                                                                                                                                                                                                                                                                                                                                                                                                                                                                                                                                                                                                                                                                                                                                                  
ESV78293719,959800HETMG76WA7K859,"MUTUALIDAD DE PREVISIÓN SOCIAL DE LOS COLEGIOS DE INGENIEROS DE CAMINOS, CANALES Y PUERTOS Y DE INGENIEROS NAVALES Y OCEÁNICOS.","CL ALMAGRO 42, 28010, MADRID",compuestos,,"P3143"                                                                                                                                                                                                                                                                                                                                                                                                                                                                                                                                                                                                                                                                                                                                                                                                                   
ESV85599611,95980075LU87KFQCNS50,"MUTUALIDAD DE PREVISION SOCIAL DE LOS PROCURADORES  DE LOS TRIBUNALES DE ESPAÑA","CL BARBARA DE BRAGANZA 2, 28004, MADRID",compuestos,,"P2997"                                                                                                                                                                                                                                                                                                                                                                                                                                                                                                                                                                                                                                                                                                                                                                                                                                                        
ESV28418838,959800SJ9Q9NWF681P08,"MUTUALIDAD DE PREVISION SOCIAL DE PERITOS E INGENIEROS TECNICOS INDUSTRIALES A PRIMA FIJA","CL ORENSE 16-, 28020, Madrid",compuestos,,"P1703"                                                                                                                                                                                                                                                                                                                                                                                                                                                                                                                                                                                                                                                                                                                                                                                                                                                         
ESV28881720,959800F455NTUR7VPM68,"MUTUALIDAD ESCOLAR SEK DE PREVISION SOCIAL GENERAL A PRIMA FIJA","AVDA. DE LA INDUSTRIA 8., 28018, Alcobendas",vida,,"P3142"                                                                                                                                                                                                                                                                                                                                                                                                                                                                                                                                                                                                                                                                                                                                                                                                                                                                          
ESV28024149,959800MV2A7WAP10S232,"MUTUALIDAD GENERAL DE LA ABOGACIA MUTUALIDAD DE PREVISION SOCIAL A PRIMA FIJA","CALLE FRANCISCO SILVELA 106, 28002, Madrid",compuestos,,"P2131"                                                                                                                                                                                                                                                                                                                                                                                                                                                                                                                                                                                                                                                                                                                                                                                                                                                       
ESV08461097,959800LP6M8P1FLY9C78,"MUTUALITAT CENTRE SOCIAL LES ARENES DE PREVISIÓ SOCIAL A PRIMA FIXA","CL JOAN XXIII  44-46, 08227, TERRASSA",no-vida,,""                                                                                                                                                                                                                                                                                                                                                                                                                                                                                                                                                                                                                                                                                                                                                                                                                                                                              
ESV08439663,959800PNQ2MZQA8PWU21,"MUTUALITAT DE PREVISIÓ ESCOLAR SANT JOSEP DE CALASSANÇ, MUTUALITAT DE PREVISIÓ SOCIAL A PRIMA FIXA","CL IMMACULADA 25-35, 08017, BARCELONA",vida,,""                                                                                                                                                                                                                                                                                                                                                                                                                                                                                                                                                                                                                                                                                                                                                                                                                                                  
ESV08380735,,"MUTUALITAT DE PREVISIÓ SOCIAL DE L'AUTORITAT PORTUÀRIA DE BARCELONA A PRIMA FIXA","WTC BARCELONA, MOLL DE BARCELONA, S/N, 08039, BARCELONA",no-vida,,""                                                                                                                                                                                                                                                                                                                                                                                                                                                                                                                                                                                                                                                                                                                                                                                                                                                                   
ESG25042920,,"MUTUALITAT DEL CARME, MUTUALITAT DE PREVISIÓ SOCIAL A PRIMA FIXA","CL MAJOR, 116, 25200, CERVERA",no-vida,,""                                                                                                                                                                                                                                                                                                                                                                                                                                                                                                                                                                                                                                                                                                                                                                                                                                                                                                             
ESV08430191,95980020140005024486,"MUTUALITAT DELS ENGINYERS MUTUALITAT DE PREVISIO SOCIAL","VIA LAIETANA 39, 08003, BARCELONA",compuestos,,"P3159"                                                                                                                                                                                                                                                                                                                                                                                                                                                                                                                                                                                                                                                                                                                                                                                                                                                                                      
ESV60636693,95980094PRY5V2JWGG22,"MUTUALITAT VEÏNAL SINERA, MUTUALITAT DE PREVISIÓ SOCIAL A PRIMA FIXA","CL BARCELONA, 3, 08940, CORNELLÀ DE LLOBREGAT",no-vida,,""                                                                                                                                                                                                                                                                                                                                                                                                                                                                                                                                                                                                                                                                                                                                                                                                                                                                     
ESV08210676,,"MUTUAM, MUTUALITAT DE PREVISIÓ SOCIAL A QUOTA FIXA","CL AUSIÀS MARC, 39, 08025, BARCELONA",no-vida,,""                                                                                                                                                                                                                                                                                                                                                                                                                                                                                                                                                                                                                                                                                                                                                                                                                                                                                                                    
ESV28270015,959800US606WLYATVT94,"MUTUASPORT, MUTUA DE SEGUROS DEPORTIVOS A PRIMA FIJA","AV REINA VICTORIA 72-1º, 28003, MADRID",no-vida,,"M0345"                                                                                                                                                                                                                                                                                                                                                                                                                                                                                                                                                                                                                                                                                                                                                                                                                                                                                       
ESG31002041,959800BYAPDF0TKE7X68,"MUTUAVENIR, MUTUA DE SEGUROS Y REASEGUROS A PRIMA FIJA DE PAMPLONA","C/ ARRIETA 8, 31002, PAMPLONA",no-vida,,"M0102"                                                                                                                                                                                                                                                                                                                                                                                                                                                                                                                                                                                                                                                                                                                                                                                                                                                                                  
ESA28030369,959800UJ9S4PM2NDNG09,"NACIONAL DE REASEGUROS, S.A.","CL  ZURBANO 8, 28010, MADRID",reaseguros,,"R0011"                                                                                                                                                                                                                                                                                                                                                                                                                                                                                                                                                                                                                                                                                                                                                                                                                                                                                                                      
ESA81946501,9598008SSVGKRKJMWW92,"NATIONALE-NEDERLANDEN GENERALES, COMPAÑIA DE SEGUROS Y REASEGUROS, SOCIEDAD ANONIMA ESPAÑOLA","AVENIDA DE BRUSELAS 16, 28108, Alcobendas",no-vida,,"C0737"                                                                                                                                                                                                                                                                                                                                                                                                                                                                                                                                                                                                                                                                                                                                                                                                                                            
ESA81946485,95980020140005328872,"NATIONALE-NEDERLANDEN VIDA, COMPAÑIA DE SEGUROS Y REASEGUROS SOCIEDAD ANONIMA ESPAÑOLA","AVENIDA DE BRUSELAS 16, 28108, Alcobendas",vida,,"C0736"                                                                                                                                                                                                                                                                                                                                                                                                                                                                                                                                                                                                                                                                                                                                                                                                                                                     
ESW0090070D,,"NORDIC GUARANTEE INSURANCE LTD SPANISH BRANCH","CALLE MARQUÉS DE LARIOS 4 4,, 29005, MALAGA",no-vida,SE5164060112,"E0249"                                                                                                                                                                                                                                                                                                                                                                                                                                                                                                                                                                                                                                                                                                                                                                                                                                                                                                 
ESV86444965,9598003NKG539MZN2H04,"NUEVA MUTUA SANITARIA DEL SERVICIO MÉDICO, MUTUA DE SEGUROS A PRIMA FIJA","C/ Villanueva 14, 28001, Madrid",no-vida,,"M0380"                                                                                                                                                                                                                                                                                                                                                                                                                                                                                                                                                                                                                                                                                                                                                                                                                                                                          
ESA28016608,9598003SBKPT75SKWY47,"OCASO, S.A., COMPAÑIA DE SEGUROS Y REASEGUROS.","CL PRINCESA 23, 28008, MADRID",compuestos,,"C0133"                                                                                                                                                                                                                                                                                                                                                                                                                                                                                                                                                                                                                                                                                                                                                                                                                                                                                                   
ESA28119220,95980020140005338378,"OCCIDENT GCO, SOCIEDAD ANÓNIMA DE SEGUROS Y REASEGUROS","CALLE MÉNDEZ ÁLVARO 31, 28045, MADRID",compuestos,,"C0468"                                                                                                                                                                                                                                                                                                                                                                                                                                                                                                                                                                                                                                                                                                                                                                                                                                                                                   
ESA08055196,959800VP29N7HZJ1KD83,"ONLYGAL SEGUROS Y REASEGUROS, SOCIEDAD ANÓNIMA","PLAZA EUROPA 41-43 41-43,, 08908, L' HOSPITALET DE LLOBREGAT",no-vida,,"C0396"                                                                                                                                                                                                                                                                                                                                                                                                                                                                                                                                                                                                                                                                                                                                                                                                                                                                       
ESA28007649,959800X7PUL6357GQW21,"PATRIA HISPANA, S.A. DE SEGUROS Y REASEGUROS","C/ SERRANO 12, 28001, MADRID",compuestos,,"C0139"                                                                                                                                                                                                                                                                                                                                                                                                                                                                                                                                                                                                                                                                                                                                                                                                                                                                                                      
ESA47091665,95980020140005694562,"PELAYO VIDA SEGUROS Y REASEGUROS, S.A.","CL SANTA ENGRACIA 67-69, 28010, MADRID",vida,,"C0693"                                                                                                                                                                                                                                                                                                                                                                                                                                                                                                                                                                                                                                                                                                                                                                                                                                                                                                        
ESG28031466,95980020140005764014,"PELAYO, MUTUA DE SEGUROS Y REASEGUROS A PRIMA FIJA","CL SANTA ENGRACIA 67-69, 28010, MADRID",compuestos,,"M0050"                                                                                                                                                                                                                                                                                                                                                                                                                                                                                                                                                                                                                                                                                                                                                                                                                                                                                      
ESA33004318,9598004MSA6AXJVQQV49,"POLICLINICO, CENTRO MEDICO DE SEGUROS, S.A.","CL FUENTESILA S/N, 33193, OVIEDO",no-vida,,"C0323"                                                                                                                                                                                                                                                                                                                                                                                                                                                                                                                                                                                                                                                                                                                                                                                                                                                                                                      
ESW0012417B,959800LGJT8GL58AFW10,"PREDICA -PREVOYANCE DIALOGUE CREDIT AGRICOLE SUC ESPAÑA","AVDA DE LA LIBERTAD 5, 20004, SAN SEBASTIAN",vida,FR334028123,"E0125"                                                                                                                                                                                                                                                                                                                                                                                                                                                                                                                                                                                                                                                                                                                                                                                                                                                                       
ESE0232,,"PREMIA INSURANCE EUROPE","Pº DE LA CASTELLANA  93, 28046, MADRID",no-vida,BE0404454168,"E0232"                                                                                                                                                                                                                                                                                                                                                                                                                                                                                                                                                                                                                                                                                                                                                                                                                                                                                                                                
ESA28027332,9598001C5TLZ6DB9YR61,"PREVENTIVA, CIA. DE SEGUROS Y REASEGUROS, S.A.","CL ARMINZA 2, 28023, MADRID",compuestos,,"C0155"                                                                                                                                                                                                                                                                                                                                                                                                                                                                                                                                                                                                                                                                                                                                                                                                                                                                                                     
ESV07103419,959800S2JSER8AH0NB81,"PREVISION BALEAR, MUTUALIDAD DE PREVISIÓN SOCIAL A PRIMA FIJA","CL GREMI SABATERS 68, 07009, PALMA DE MALLORCA",compuestos,,"P3132"                                                                                                                                                                                                                                                                                                                                                                                                                                                                                                                                                                                                                                                                                                                                                                                                                                                                   
ESV28230688,95980020140005949672,"PREVISION SANITARIA NACIONAL, P.S.N. MUTUA DE SEGUROS Y REASEGUROS A PRIMA FIJA","VILLANUEVA 11, 28001, MADRID",compuestos,,"M0377"                                                                                                                                                                                                                                                                                                                                                                                                                                                                                                                                                                                                                                                                                                                                                                                                                                                                   
ESV58782145,959800CDBSAZ8A8EAA49,"PREVISORA GENERAL, MUTUALIDAD DE PREVISIÓN SOCIAL","AUSIÁS MARC 117-119, 08013, BARCELONA",compuestos,,"P3162"                                                                                                                                                                                                                                                                                                                                                                                                                                                                                                                                                                                                                                                                                                                                                                                                                                                                                        
ESV84283837,959800V6BG2CL4F01W29,"PURISIMA CONCEPCION, MUTUALIDAD DE PREVISION SOCIAL","CALLE AUGUSTO FIGUEROA 3, 28004, MADRID",no-vida,,"P3158"                                                                                                                                                                                                                                                                                                                                                                                                                                                                                                                                                                                                                                                                                                                                                                                                                                                                                       
ESI18447234,,"QBE EUROPE SA/NV SUCURSAL ESPAÑA","Pº DE LA CASTELLANA 31-, 28046, MADRID",no-vida,BE0690537456,"E0230"                                                                                                                                                                                                                                                                                                                                                                                                                                                                                                                                                                                                                                                                                                                                                                                                                                                                                                                   
ESA78490539,959800Q2XAL8AEV6GW25,"RACE  SEGUROS Y REASEGUROS, S.A.","CL ISAAC NEWTON 4, 28760, TRES CANTOS",no-vida,,"C0631"                                                                                                                                                                                                                                                                                                                                                                                                                                                                                                                                                                                                                                                                                                                                                                                                                                                                                                            
ESA78520293,959800EP5G0Z0WB69H19,"REALE SEGUROS GENERALES, S.A.","C/ Príncipe de Vergara 125, 28002, MADRID",no-vida,,"C0613"                                                                                                                                                                                                                                                                                                                                                                                                                                                                                                                                                                                                                                                                                                                                                                                                                                                                                                           
ESA85877066,9598005J5T59ESVVUK27,"REALE VIDA Y PENSIONES, SOCIEDAD ANÓNIMA DE SEGUROS","C/ Príncipe de Vergara 125, 28002, Madrid",vida,,"C0784"                                                                                                                                                                                                                                                                                                                                                                                                                                                                                                                                                                                                                                                                                                                                                                                                                                                                                        
ESW0010878G,,"RELYENS MUTUAL INSURANCE SUCURSAL EN ESPAÑA","PASEO DE LA CASTELLANA 110, 28046, MADRID",no-vida,FR779860881,"E0220"                                                                                                                                                                                                                                                                                                                                                                                                                                                                                                                                                                                                                                                                                                                                                                                                                                                                                                      
ESW0309779G,894500I02IILXXF0JB05,"REVO INSURANCE S.P.A. SUCURSAL EN ESPAÑA","CL SERRANO, 105, 28006, MADRID",no-vida,IT0003085801332,"E0259"                                                                                                                                                                                                                                                                                                                                                                                                                                                                                                                                                                                                                                                                                                                                                                                                                                                                                            
ESW0071890H,,"RGA INTERNATIONAL REINSURANCE COMPANY DAC SUC.EN ESPAÑA","Paseo de Recoletos 16, 28001, Madrid",reaseguros,IEC38002,"E0178"                                                                                                                                                                                                                                                                                                                                                                                                                                                                                                                                                                                                                                                                                                                                                                                                                                                                                               
ESA78229663,549300MM3UXDG166HO10,"RGA RURAL VIDA, S.A. DE SEGUROS Y REASEGUROS","CL BASAURI 14, 28023, MADRID",vida,,"C0595"                                                                                                                                                                                                                                                                                                                                                                                                                                                                                                                                                                                                                                                                                                                                                                                                                                                                                                            
ESA78524683,959800F9CLS1CQKUH255,"RGA SEGUROS GENERALES RURAL, S.A. DE SEGUROS Y REASEGUROS","CL BASAURI 14, 28023, MADRID",no-vida,,"C0616"                                                                                                                                                                                                                                                                                                                                                                                                                                                                                                                                                                                                                                                                                                                                                                                                                                                                                            
ESA33603168,959800Q0TB4YW3WZWX61,"SALUS ASISTENCIA SANITARIA, S.A. DE SEGUROS","CL POSADA HERRERA 1-BIS, 33002, OVIEDO",no-vida,,"C0448"                                                                                                                                                                                                                                                                                                                                                                                                                                                                                                                                                                                                                                                                                                                                                                                                                                                                                                
ESA28037042,959800J2A2QS6C0ANF48,"SANITAS, SOCIEDAD ANONIMA DE SEGUROS.","CL RIBERA DEL LOIRA 52, 28042, MADRID",no-vida,,"C0320"                                                                                                                                                                                                                                                                                                                                                                                                                                                                                                                                                                                                                                                                                                                                                                                                                                                                                                       
ESA28039790,95980020140005220232,"SANTA LUCIA, S.A. COMPAÑIA DE SEGUROS Y REASEGUROS","Plaza de España 15, 28008, MADRID",compuestos,,"C0174"                                                                                                                                                                                                                                                                                                                                                                                                                                                                                                                                                                                                                                                                                                                                                                                                                                                                                           
ESA86588050,959800DGNJ1GACEM9J49,"SANTANDER GENERALES SEGUROS Y REASEGUROS, S.A.","Avda. de Cantabria s/n, 28660, Boadilla del Monte",no-vida,,"C0796"                                                                                                                                                                                                                                                                                                                                                                                                                                                                                                                                                                                                                                                                                                                                                                                                                                                                                  
ESA88256714,959800UUFFK59MW8AU78,"SANTANDER MAPFRE SEGUROS Y REASEGUROS, S.A.","CARRETERA DE POZUELO 50, 28222, MAJADAHONDA",no-vida,,"C0806"                                                                                                                                                                                                                                                                                                                                                                                                                                                                                                                                                                                                                                                                                                                                                                                                                                                                                           
ESA46003273,95980020140005490280,"SANTANDER SEGUROS Y REASEGUROS, COMPAÑIA ASEGURADORA, S.A.","Av CANTABRIA S/N, 28660, BOADILLA DEL MONTE",compuestos,,"C0037"                                                                                                                                                                                                                                                                                                                                                                                                                                                                                                                                                                                                                                                                                                                                                                                                                                                                         
ESA86588068,959800TNUM2TV0D7HB66,"SANTANDER VIDA SEGUROS Y REASEGUROS, S.A.","AVDA. DE CANTABRIA S/N, 28660, BOADILLA DEL MONTE",compuestos,,"C0795"                                                                                                                                                                                                                                                                                                                                                                                                                                                                                                                                                                                                                                                                                                                                                                                                                                                                                    
ESW2502785E,,"SCOR SE SUC. ESPAÑA","P º DE LA CASTELLANA 135 135, 28046, MADRID",reaseguros,FR562033357,"E0239"                                                                                                                                                                                                                                                                                                                                                                                                                                                                                                                                                                                                                                                                                                                                                                                                                                                                                                                         
ESA28011864,95980020140005025553,"SEGURCAIXA ADESLAS, SOCIEDAD ANONIMA DE SEGUROS Y REASEGUROS","PASEO DE LA CASTELLANA 259, 28046, Madrid",no-vida,,"C0124"                                                                                                                                                                                                                                                                                                                                                                                                                                                                                                                                                                                                                                                                                                                                                                                                                                                                            
ESA79346839,95980020140005220329,"SEGUROS EL CORTE INGLES, VIDA, PENSIONES Y REASEGUROS, S.A.","CL  HERMOSILLA 112, 28009, MADRID",compuestos,,"C0697"                                                                                                                                                                                                                                                                                                                                                                                                                                                                                                                                                                                                                                                                                                                                                                                                                                                                                  
ESA20182705,95980020140005639078,"SEGUROS LAGUN ARO VIDA, S.A.","CL CAPUCHINOS DE BASURTO 6-2º, 48013, BILBAO",vida,,"C0683"                                                                                                                                                                                                                                                                                                                                                                                                                                                                                                                                                                                                                                                                                                                                                                                                                                                                                                            
ESA20079224,95980020140005638981,"SEGUROS LAGUN ARO, S.A.","CL CAPUCHINOS DE BASURTO 6-2º, 48013, BILBAO",no-vida,,"C0572"                                                                                                                                                                                                                                                                                                                                                                                                                                                                                                                                                                                                                                                                                                                                                                                                                                                                                                              
ESW0186505D,,"SI INSURANCE (EUROPE), SA SUC. ESPAÑA","AV DIAGONAL 407 BIS 407, 08008, BARCELONA",no-vida,LURCSB0221096,"E0229"                                                                                                                                                                                                                                                                                                                                                                                                                                                                                                                                                                                                                                                                                                                                                                                                                                                                                                          
ESV46017091,959800LWDTC5CATARP57,"SOCIEDAD DE SEGUROS MUTUOS CONTRA INCENDIOS DE EDIFICIOS DE VALENCIA, MUTUA A FIJA","PZ MANISES 2-1º, 46003, VALENCIA",no-vida,,"M0189"                                                                                                                                                                                                                                                                                                                                                                                                                                                                                                                                                                                                                                                                                                                                                                                                                                                               
ESV36606184,9598002KCBN6L75BBN81,"SOCIEDAD DE SEGUROS MUTUOS MARITIMOS DE VIGO, MUTUA DE SEGUROS Y REASEGUROS","EDIFICIO VIRXE DO CARME 1º, 36202, VIGO",no-vida,,"M0212"                                                                                                                                                                                                                                                                                                                                                                                                                                                                                                                                                                                                                                                                                                                                                                                                                                                               
ESV08385353,,"SOCIETAT DE SOCORS MUTUS DE MOLLET, MPS, A PRIMA FIXA","CL SANT LLORENÇ, 42-46, 08100, MOLLET DEL VALLES",no-vida,,""                                                                                                                                                                                                                                                                                                                                                                                                                                                                                                                                                                                                                                                                                                                                                                                                                                                                                                     
ESV45000734,959800NDN7XMBQF41T29,"SOLISS MUTUA DE SEGUROS","CL CUESTA DEL AGUILA 5, 45001, TOLEDO",no-vida,,"M0191"                                                                                                                                                                                                                                                                                                                                                                                                                                                                                                                                                                                                                                                                                                                                                                                                                                                                                                                     
ESA28761591,959800LM5VB6ST5FT348,"SOLUNION SEGUROS, COMPAÑÍA INTERNACIONAL DE SEGUROS Y REASEGUROS, S.A.","AVDA. GENERAL PERÓN 40-3ª, 28020, Madrid",no-vida,,"C0571"                                                                                                                                                                                                                                                                                                                                                                                                                                                                                                                                                                                                                                                                                                                                                                                                                                                                   
ESW0462103C,,"STARR EUROPE INSURANCE LIMITED, SUCURSAL EN ESPAÑA","ROSARIO PINO 14-16, 28020, MADRID",no-vida,MTA180744,"E0244"                                                                                                                                                                                                                                                                                                                                                                                                                                                                                                                                                                                                                                                                                                                                                                                                                                                                                                         
ESV48083521,95980020140005539168,"SVRNE, MUTUA DE SEGUROS Y REASEGUROS A PRIMA FIJA","CL CARDENAL GARDOQUI 1, 48008, BILBAO",compuestos,,"M0378"                                                                                                                                                                                                                                                                                                                                                                                                                                                                                                                                                                                                                                                                                                                                                                                                                                                                                        
ESW0181839B,,"SWISS RE EUROPE S.A SUC.ESPAÑA","Pº CASTELLANA 95., 28046, MADRID",reaseguros,LURCSB0025242,"E0179"                                                                                                                                                                                                                                                                                                                                                                                                                                                                                                                                                                                                                                                                                                                                                                                                                                                                                                                       
ESW0184229C,,"SWISS RE INTERNATIONAL SE SUCURSAL EN ESPAÑA","Pº DE LA CASTELLANA 95-PL.11, 28046, MADID",no-vida,LURCSB0134553,"E0216"                                                                                                                                                                                                                                                                                                                                                                                                                                                                                                                                                                                                                                                                                                                                                                                                                                                                                                  
ESA05362645,9598007JVRJB5K2D6411,"TELEFONICA SEGUROS Y REASEGUROS COMPAÑÍA ASEGURADORA SAU","RONDA DE LA COMUNICACIÓN 3ª, 28050, MADRID",no-vida,,"C0810"                                                                                                                                                                                                                                                                                                                                                                                                                                                                                                                                                                                                                                                                                                                                                                                                                                                                               
ESE0236,,"TOKIO MARINE EUROPE S.A, SUC. ESPAÑA","TORRE DIAGONAL MAR  JOSEP PLA 2 2, 08019, BARCELONA",no-vida,LURCSB0221975,"E0236"                                                                                                                                                                                                                                                                                                                                                                                                                                                                                                                                                                                                                                                                                                                                                                                                                                                                                                     
ESG28747574,959800QB0VW0VDWRKY92,"UMAS, UNION MUTUA ASISTENCIAL DE SEGUROS A PRIMA FIJA","CL STA ENGRACIA 10-12, 28010, MADRID",no-vida,,"M0363"                                                                                                                                                                                                                                                                                                                                                                                                                                                                                                                                                                                                                                                                                                                                                                                                                                                                                        
ESA78804390,95980020140005765857,"UNICORP VIDA, COMPAÑIA DE SEGUROS Y REASEGUROS, S.A.","CL LA BOLSA 4, 29015, MALAGA",compuestos,,"C0637"                                                                                                                                                                                                                                                                                                                                                                                                                                                                                                                                                                                                                                                                                                                                                                                                                                                                                              
ESV08901845,95980039EFPMNY2T8Z76,"UNIÓ DE GERMANDATS DE PREVISIÓ SOCIAL DE PARETS DEL VALLÈS, M.P.S. A PRIMA FIXA","AVINGUDA LLUÍS COMPANYS, 2, 08150, PARETS DEL VALLES",no-vida,,""                                                                                                                                                                                                                                                                                                                                                                                                                                                                                                                                                                                                                                                                                                                                                                                                                                                   
ESA37042975,959800TVSW6CRNDBKA48,"UNION DEL DUERO, COMPAÑIA DE SEGUROS DE VIDA, S.A.","CAMINO FUENTE DE LA MORA 5, 28050, MADRID",vida,,"C0601"                                                                                                                                                                                                                                                                                                                                                                                                                                                                                                                                                                                                                                                                                                                                                                                                                                                                                         
ESV28029023,959800J4DQRD7XWHNM06,"UNION ESPAÑOLA DE CONDUCTORES DE AUTOMOVILES, MUTUALIDAD DE PREVISION SOCIAL A PRIMA FIJA","C/ Hortaleza 65, 28004, MADRID",compuestos,,"P0285"                                                                                                                                                                                                                                                                                                                                                                                                                                                                                                                                                                                                                                                                                                                                                                                                                                                       
ESA08169609,959800H5T5F7W8DPCK13,"UNION MEDICA LA FUENCISLA, S.A. COMPAÑIA DE SEGUROS.","Av María Zambrano 31, 50018, ZARAGOZA",no-vida,,"C0208"                                                                                                                                                                                                                                                                                                                                                                                                                                                                                                                                                                                                                                                                                                                                                                                                                                                                                        
ESA85078301,959800QBEU7YWZDTYX64,"VERTI ASEGURADORA, COMPAÑÍA DE SEGUROS Y REASEGUROS, S.A.","CALLE MARÍA TUBAU 10 10,, 28050, Madrid",no-vida,,"C0785"                                                                                                                                                                                                                                                                                                                                                                                                                                                                                                                                                                                                                                                                                                                                                                                                                                                                                 
ESA58333261,95980020140005337796,"VIDA-CAIXA, SOCIEDAD ANÓNIMA DE SEGUROS Y REASEGUROS","PASEO DE LA CASTELLANA 189, 28046, MADRID",compuestos,,"C0611"                                                                                                                                                                                                                                                                                                                                                                                                                                                                                                                                                                                                                                                                                                                                                                                                                                                                                 
ESA08168361,959800N6U5RURSW7UP61,"VITAL SEGURO, S.A.","CL DEU Y MATA 96, 08029, BARCELONA",no-vida,,"C0215"                                                                                                                                                                                                                                                                                                                                                                                                                                                                                                                                                                                                                                                                                                                                                                                                                                                                                                                             
ESW0371455G,,"W.R. BERKLEY EUROPE AG SUC. ESPAÑA","PSO CASTELLANA 259D, 28046, MADRID",no-vida,LI0ECBM00366,"E0218"                                                                                                                                                                                                                                                                                                                                                                                                                                                                                                                                                                                                                                                                                                                                                                                                                                                                                                                     
ESA42908186,959800MV1FCXQ17GKA63,"WELCOME SEGUROS 2020, S.A.","CTRA DE LA CORUÑA, 23, 28230, LAS ROZAS DE MADRID",no-vida,,"C0811"                                                                                                                                                                                                                                                                                                                                                                                                                                                                                                                                                                                                                                                                                                                                                                                                                                                                                                      
ESW0065403H,,"XL INSURANCE COMPANY SE, SUCURSAL EN ESPAÑA","CALLE EMILIO VARGAS 6, 28043, MADRID",no-vida,IEC173308,"E0134"                                                                                                                                                                                                                                                                                                                                                                                                                                                                                                                                                                                                                                                                                                                                                                                                                                                                                                             
ESW0072130H,,"ZURICH INSURANCE EUROPE AG, SUCURSAL EN ESPAÑA","PASEO DE LA CASTELLANA 81 81, 28046, Madrid",no-vida,,"E0189"                                                                                                                                                                                                                                                                                                                                                                                                                                                                                                                                                                                                                                                                                                                                                                                                                                                                                                            
ESA08168213,549300OVMBOL2UDDC705,"ZURICH VIDA, COMPAÑIA DE SEGUROS Y REASEGUROS, S.A.","PASEO DE LA CASTELLANA 81., 28046, Madrid",compuestos,,"C0039"                                                                                                                                                                                                                                                                                                                                                                                                                                                                                                                                                                                                                                                                                                                                                                                                                                                                                  
