CÓDIGO EUROPEO,LEI,NOMBRE,DIRECCIÓN,TIPO DE SEGURO,ENTIDAD MATRIZ                                                                                                                                                                                                                                                                                                                                                                                                                                                                                                                                                                                                                                                                                                                                                                                                                                                                                                                                                                      
NL4297982,,"ABEILLE IARD & SANTE","",no-vida,FR306522665                                                                                                                                                                                                                                                                                                                                                                                                                                                                                                                                                                                                                                                                                                                                                                                                                                                                                                                                                                                
NL850059094B014,724500QLCQRJ925F4B59,"ABN AMRO Captive N.V.","Gustav Mahlerlaan 10, 1082P, AMSTERDAM",reaseguros,                                                                                                                                                                                                                                                                                                                                                                                                                                                                                                                                                                                                                                                                                                                                                                                                                                                                                                                       
NL001469630B019,724500G3PJTYPL2L9M11,"ABN AMRO Schadeverzekering N.V.","Grote Voort 247, 8041B, ZWOLLE",no-vida,                                                                                                                                                                                                                                                                                                                                                                                                                                                                                                                                                                                                                                                                                                                                                                                                                                                                                                                        
NL2276041,724500DD7JIRY93OK051,"Achmea Pensioen- en Levensverzekeringen N.V.","866, Laan van Malkenschoten 20, 7333N, APELDOORN",vida,                                                                                                                                                                                                                                                                                                                                                                                                                                                                                                                                                                                                                                                                                                                                                                                                                                                                                                  
NL7499511,724500LOB31IX0X2AQ31,"Achmea Reinsurance Company N.V.","866, Spoorlaan 298, 5017J, TILBURG",reaseguros,                                                                                                                                                                                                                                                                                                                                                                                                                                                                                                                                                                                                                                                                                                                                                                                                                                                                                                                       
NL3343863,72450067SU8C745IAV11,"Achmea Schadeverzekeringen N.V.","Laan van Malkenschoten 20, 7333N, APELDOORN",no-vida,                                                                                                                                                                                                                                                                                                                                                                                                                                                                                                                                                                                                                                                                                                                                                                                                                                                                                                                 
NL8349182,724500HIKX3QVUQF9G08,"Achmea Zorgverzekeringen N.V.","Dellaertweg 1, 2316W, LEIDEN",no-vida,                                                                                                                                                                                                                                                                                                                                                                                                                                                                                                                                                                                                                                                                                                                                                                                                                                                                                                                                  
NL9675009,724500PQMNRVCQAWLA05,"Actua Schadeverzekering N.V.","849, Rivium Oostlaan 1, 2909L, CAPELLE AAN DEN IJSSEL",no-vida,                                                                                                                                                                                                                                                                                                                                                                                                                                                                                                                                                                                                                                                                                                                                                                                                                                                                                                          
NL0711930,549300CHB5Q2591H4S21,"AEGON Spaarkas N.V.","Snekerkade 1, 8911 , LEEUWARDEN",vida,                                                                                                                                                                                                                                                                                                                                                                                                                                                                                                                                                                                                                                                                                                                                                                                                                                                                                                                                            
NL8098604,,"AIG Europe S.A.","Rivium Boulevard 216, 2909 , CAPELLE AAN DEN IJSSEL",no-vida,                                                                                                                                                                                                                                                                                                                                                                                                                                                                                                                                                                                                                                                                                                                                                                                                                                                                                                                                             
NL6326940,724500FEGRZ278X9CX11,"AKZO Nobel Assurantie N.V.","Christian Neefestraat 2, 1077W, AMSTERDAM",no-vida,                                                                                                                                                                                                                                                                                                                                                                                                                                                                                                                                                                                                                                                                                                                                                                                                                                                                                                                        
NL5433059,724500A7TLVI0CLGUP25,"Algemene Friese Onderlinge Schadeverzekeringsmaatschappij 'Zevenwouden' U.A.","901, de Eenhoorn 2, 8932N, LEEUWARDEN",no-vida,                                                                                                                                                                                                                                                                                                                                                                                                                                                                                                                                                                                                                                                                                                                                                                                                                                                                          
NL6722728,,"Algemene Onderlinge Paardenverzekeringsmaatschappij in Zeeuwsch-Vlaanderen W.A.","Mortierstraat 16, 4515A, IJZENDIJKE",no-vida,                                                                                                                                                                                                                                                                                                                                                                                                                                                                                                                                                                                                                                                                                                                                                                                                                                                                                             
NL4027883,,"Allianz Benelux N.V.","Coolsingel 120, 3011A, ROTTERDAM",no-vida,BE0403258197                                                                                                                                                                                                                                                                                                                                                                                                                                                                                                                                                                                                                                                                                                                                                                                                                                                                                                                                               
NL6606455,,"Allianz Direct Versicherungs-AG, Dutch branch","Coolsingel 120, 3011 , ROTTERDAM",no-vida,                                                                                                                                                                                                                                                                                                                                                                                                                                                                                                                                                                                                                                                                                                                                                                                                                                                                                                                                  
NL1922239,,"Allianz Global Corporate & Specialty SE","Coolsingel 120, 3011A, ROTTERDAM",no-vida,DEA00PQ                                                                                                                                                                                                                                                                                                                                                                                                                                                                                                                                                                                                                                                                                                                                                                                                                                                                                                                                 
NL8034511,724500GMS5ZS3JTKEH92,"Amevun N.V.","23/05/1958, 3742 , BAARN",vida,                                                                                                                                                                                                                                                                                                                                                                                                                                                                                                                                                                                                                                                                                                                                                                                                                                                                                                                                                           
NL7852893,724500E4SY44W3CGKT03,"Anderzorg N.V.","Winschoterdiep 70, 9723A, GRONINGEN",no-vida,                                                                                                                                                                                                                                                                                                                                                                                                                                                                                                                                                                                                                                                                                                                                                                                                                                                                                                                                          
NL9621063,724500TDGD235R4BEH31,"Anker Insurance Company N.V.","Paterswoldseweg 812, 9728B, GRONINGEN",no-vida,                                                                                                                                                                                                                                                                                                                                                                                                                                                                                                                                                                                                                                                                                                                                                                                                                                                                                                                          
NL9719220,724500NKSRCHV5G71W07,"Ansvar Verzekeringsmaatschappij N.V.","90386, Kabelweg 37, 1014B, AMSTERDAM",no-vida,                                                                                                                                                                                                                                                                                                                                                                                                                                                                                                                                                                                                                                                                                                                                                                                                                                                                                                                   
NL3566731,,"ARAG SE","Kastanjelaan 2, 3833A, LEUSDEN",no-vida,DEA3J2C                                                                                                                                                                                                                                                                                                                                                                                                                                                                                                                                                                                                                                                                                                                                                                                                                                                                                                                                                                   
NL0133262,724500YB0C73S48L4Q79,"ASR Aanvullende Ziektekostenverzekeringen N.V.","2072, Archimedeslaan 10, 3584B, UTRECHT",no-vida,                                                                                                                                                                                                                                                                                                                                                                                                                                                                                                                                                                                                                                                                                                                                                                                                                                                                                                      
NL5531455,724500CRSSZ0XTMM3444,"ASR Basis Ziektekostenverzekeringen N.V.","2072, Archimedeslaan 10, 3584B, UTRECHT",no-vida,                                                                                                                                                                                                                                                                                                                                                                                                                                                                                                                                                                                                                                                                                                                                                                                                                                                                                                            
NL3230161,724500O4GUVTGSZEU248,"ASR Levensverzekering N.V.","Archimedeslaan 10, 3584B, UTRECHT",vida,                                                                                                                                                                                                                                                                                                                                                                                                                                                                                                                                                                                                                                                                                                                                                                                                                                                                                                                                   
NL6294040,7245004JOPUJ0OOWTU73,"ASR Schadeverzekering N.V.","Archimedeslaan 10, 3584B, UTRECHT",no-vida,                                                                                                                                                                                                                                                                                                                                                                                                                                                                                                                                                                                                                                                                                                                                                                                                                                                                                                                                
NL7710957,2138006B4XXOR3EPC592,"Assurant Europe Insurance N.V.","Paasheuvelweg 1, 1105B, AMSTERDAM",no-vida,                                                                                                                                                                                                                                                                                                                                                                                                                                                                                                                                                                                                                                                                                                                                                                                                                                                                                                                            
NL0056402,213800AKZ9URZ73DRS89,"Assurant Europe Life Insurance N.V.","Paasheuvelweg 1, 1105B, AMSTERDAM",vida,                                                                                                                                                                                                                                                                                                                                                                                                                                                                                                                                                                                                                                                                                                                                                                                                                                                                                                                          
NL7410280,,"Atradius Crédito y Caución S.A. de Seguros y Reaseguros","David Ricardostraat 1, 1066 , AMSTERDAM",no-vida,                                                                                                                                                                                                                                                                                                                                                                                                                                                                                                                                                                                                                                                                                                                                                                                                                                                                                                                 
NL9307537,,"AWP P&C S.A.","Poeldijkstraat 4, 1059V, AMSTERDAM",no-vida,FR519490080                                                                                                                                                                                                                                                                                                                                                                                                                                                                                                                                                                                                                                                                                                                                                                                                                                                                                                                                                      
NL4951883,,"Baloise Belgium N.V.","Stationsweg 2, 4153R, BEESD",no-vida,BE0400048883                                                                                                                                                                                                                                                                                                                                                                                                                                                                                                                                                                                                                                                                                                                                                                                                                                                                                                                                                    
NL8713874,,"Bestpark International Limited","",no-vida,GB0ECBM05054                                                                                                                                                                                                                                                                                                                                                                                                                                                                                                                                                                                                                                                                                                                                                                                                                                                                                                                                                                     
NL0937939,724500UUJ97K26U2F291,"Bos Fruit Aardappelen Onderlinge verzekeringen BFAO U.A.","397, Röntgenlaan 29, 2719D, ZOETERMEER",no-vida,                                                                                                                                                                                                                                                                                                                                                                                                                                                                                                                                                                                                                                                                                                                                                                                                                                                                                             
NL4857463,,"Bupa Global Designated Activity Company","Johan de Wittlaan 7, 2517 , 'S-GRAVENHAGE",no-vida,                                                                                                                                                                                                                                                                                                                                                                                                                                                                                                                                                                                                                                                                                                                                                                                                                                                                                                                               
NL7385761,,"Cardif Assurance Vie","Hoevestein 28, 4903 , OOSTERHOUT",no-vida,                                                                                                                                                                                                                                                                                                                                                                                                                                                                                                                                                                                                                                                                                                                                                                                                                                                                                                                                                           
NL9188453,,"Cardif-Assurances Risques Divers","Hoevestein 28, 4903 , OOSTERHOUT",no-vida,                                                                                                                                                                                                                                                                                                                                                                                                                                                                                                                                                                                                                                                                                                                                                                                                                                                                                                                                               
NL7576560,724500ZLNED1UA66CA54,"Centrale Zorgverzekeringen NZV N.V.","Ringbaan West 236, 5038 , TILBURG",no-vida,                                                                                                                                                                                                                                                                                                                                                                                                                                                                                                                                                                                                                                                                                                                                                                                                                                                                                                                       
NL8407979,7245006SQ182WZL94A56,"Christelijke Onderlinge Begrafenisvereniging 'Draagt Elkanders Lasten' U.A.","Postb, De Noord 6, 8321B, URK",vida,                                                                                                                                                                                                                                                                                                                                                                                                                                                                                                                                                                                                                                                                                                                                                                                                                                                                                      
NL9353864,,"Chubb European Group SE","Marten Meesweg 8, 3068A, ROTTERDAM",no-vida,                                                                                                                                                                                                                                                                                                                                                                                                                                                                                                                                                                                                                                                                                                                                                                                                                                                                                                                                                      
NL7543721,,"Chubb Life Europe SE","Marten Meesweg 8, 3068A, ROTTERDAM",no-vida,                                                                                                                                                                                                                                                                                                                                                                                                                                                                                                                                                                                                                                                                                                                                                                                                                                                                                                                                                         
NL9202778,,"CNA Insurance Company (Europe) S.A.","Polarisavenue 140, 2132 , HOOFDDORP",no-vida,                                                                                                                                                                                                                                                                                                                                                                                                                                                                                                                                                                                                                                                                                                                                                                                                                                                                                                                                         
NL1340670,,"Compagnie française d'assurance pour le commerce extérieur","3377, Stadionstraat 20, 4815N, BREDA",no-vida,FR552069791                                                                                                                                                                                                                                                                                                                                                                                                                                                                                                                                                                                                                                                                                                                                                                                                                                                                                                      
NL5931961,724500DTM95TVBA2AI53,"Coöperatieve Verzekeringen 'Onderlinge Woerden-Driebruggen' U.A.","Haven 4, 3441A, WOERDEN",no-vida,                                                                                                                                                                                                                                                                                                                                                                                                                                                                                                                                                                                                                                                                                                                                                                                                                                                                                                    
NL0680235,,"Credendo - Guarantees & Speciality Risks","Gustav Mahlerplein 28, 1082M, AMSTERDAM",no-vida,BE0864602471                                                                                                                                                                                                                                                                                                                                                                                                                                                                                                                                                                                                                                                                                                                                                                                                                                                                                                                    
NL9414055,,"Credendo - Short-Term Non-EU Risks NV, Dutch branch","Blaak 34, 3011 , ROTTERDAM",no-vida,                                                                                                                                                                                                                                                                                                                                                                                                                                                                                                                                                                                                                                                                                                                                                                                                                                                                                                                                  
NL5440134,,"Credit Life AG","Prof. J.H. Bavincklaan 2, 1183A, AMSTELVEEN",vida,DEA4J7G                                                                                                                                                                                                                                                                                                                                                                                                                                                                                                                                                                                                                                                                                                                                                                                                                                                                                                                                                  
NL5242849,7245008CKXW5GKRGMG75,"CZ Zorgverzekeringen N.V.","Ringbaan-West 236, 5038K, TILBURG",no-vida,                                                                                                                                                                                                                                                                                                                                                                                                                                                                                                                                                                                                                                                                                                                                                                                                                                                                                                                                 
NL0696624,724500FCYQ71PUHWNM13,"DAS Nederlandse Rechtsbijstand Verzekeringmaatschappij N.V.","23000, De entree 222, 1101E, AMSTERDAM",no-vida,                                                                                                                                                                                                                                                                                                                                                                                                                                                                                                                                                                                                                                                                                                                                                                                                                                                                                          
NL1110545,72450060NL5KFVXZN876,"De Friesland Zorgverzekeraar N.V.","270, Sophialaan 50, 8911A, LEEUWARDEN",no-vida,                                                                                                                                                                                                                                                                                                                                                                                                                                                                                                                                                                                                                                                                                                                                                                                                                                                                                                                     
NL3185770,724500MCKWO6E5KAY245,"De Luchtvaart Onderlinge W.A.","Vlierhof 20, 6951M, DIEREN",no-vida,                                                                                                                                                                                                                                                                                                                                                                                                                                                                                                                                                                                                                                                                                                                                                                                                                                                                                                                                    
NL9486134,724500FK6HE2QUL3B962,"de Vereende N.V.","1074, Handelskade 49, 2288B, RIJSWIJK",no-vida,                                                                                                                                                                                                                                                                                                                                                                                                                                                                                                                                                                                                                                                                                                                                                                                                                                                                                                                                      
NL4864139,,"De Waarborgmaatschappij Tot Onderlinge Glasverzekering W.A.","Venne 93, 9671E, WINSCHOTEN",no-vida,                                                                                                                                                                                                                                                                                                                                                                                                                                                                                                                                                                                                                                                                                                                                                                                                                                                                                                                         
NL5286457,549300RTZ552OE8F5Z37,"DELA Natura- en levensverzekeringen N.V.","Oude Stadsgracht 1, 5611D, EINDHOVEN",vida,                                                                                                                                                                                                                                                                                                                                                                                                                                                                                                                                                                                                                                                                                                                                                                                                                                                                                                                  
NL5656950,7245002JM5HPD0EGR107,"DLE Natura Uitvaartverzekeringen N.V.","Meerdijk 88, 7825T, EMMEN",vida,                                                                                                                                                                                                                                                                                                                                                                                                                                                                                                                                                                                                                                                                                                                                                                                                                                                                                                                                
NL7881014,724500OOWZE20QJTCB13,"DSW Ziektekostenverzekeringen N.V.","173, s-Gravelandseweg 555, 3119X, SCHIEDAM",no-vida,                                                                                                                                                                                                                                                                                                                                                                                                                                                                                                                                                                                                                                                                                                                                                                                                                                                                                                               
NL2581097,7245002ZU36U1X948615,"E.O.C. Onderlinge Schepenverzekering U.A.","333, Blankenstein 150, 7943P, MEPPEL",no-vida,                                                                                                                                                                                                                                                                                                                                                                                                                                                                                                                                                                                                                                                                                                                                                                                                                                                                                                              
NL3551426,724500E341N1EJ89JE70,"Eerste Friesche Onderlinge Paarden Verzekeringsmaatschappij U.A.","131, Turfschip 11, 8447D, HEERENVEEN",no-vida,                                                                                                                                                                                                                                                                                                                                                                                                                                                                                                                                                                                                                                                                                                                                                                                                                                                                                       
NL4754672,,"Eerste Urker Onderlinge Arbeidsongeschiktheidsverzekeringen U.A.","Postb, Lange Riet 2, 8321X, URK",no-vida,                                                                                                                                                                                                                                                                                                                                                                                                                                                                                                                                                                                                                                                                                                                                                                                                                                                                                                                
NL3027255,54930020CDNB76TBJO06,"Elips Life AG","191, Capellalaan 65, 2132J, HOOFDDORP",vida,LI0ECBM00267                                                                                                                                                                                                                                                                                                                                                                                                                                                                                                                                                                                                                                                                                                                                                                                                                                                                                                                                
NL0235593,724500QV16R1IENW5U12,"Eno Aanvullende Verzekeringen N.V.","Munsterstraat 7, 7418E, DEVENTER",no-vida,                                                                                                                                                                                                                                                                                                                                                                                                                                                                                                                                                                                                                                                                                                                                                                                                                                                                                                                         
NL6505838,724500YU64FSU6I8W806,"Eno Zorgverzekeraar N.V.","Munsterstraat 7, 7418E, DEVENTER",no-vida,                                                                                                                                                                                                                                                                                                                                                                                                                                                                                                                                                                                                                                                                                                                                                                                                                                                                                                                                   
NL5666023,,"ERGO Versicherung AG","Daalwijkdreef 47  -504-505-506, 1103A, AMSTERDAM",no-vida,DEA09SZ                                                                                                                                                                                                                                                                                                                                                                                                                                                                                                                                                                                                                                                                                                                                                                                                                                                                                                                                    
NL8135762,724500S7Y04MGDSXAZ79,"Ermelose Uitvaartverzekering N.V.","Varenlaan 25, 3852C, ERMELO",vida,                                                                                                                                                                                                                                                                                                                                                                                                                                                                                                                                                                                                                                                                                                                                                                                                                                                                                                                                  
NL7476166,,"Euler Hermes SA","70571, Brabantlaan 2, 5216T, S-HERTOGENBOSCH",no-vida,BE0403248596                                                                                                                                                                                                                                                                                                                                                                                                                                                                                                                                                                                                                                                                                                                                                                                                                                                                                                                                        
NL0656963,,"Everest Insurance (Ireland) DAC Netherlands Branch","Weena 505 Unit A3403, 3013 , ROTTERDAM",no-vida,                                                                                                                                                                                                                                                                                                                                                                                                                                                                                                                                                                                                                                                                                                                                                                                                                                                                                                                       
NL7890087,724500NMBSMOP030HT48,"FBTO Zorgverzekeringen N.V.","270, Sophialaan 50, 8911A, LEEUWARDEN",no-vida,                                                                                                                                                                                                                                                                                                                                                                                                                                                                                                                                                                                                                                                                                                                                                                                                                                                                                                                           
NL857384776B017,,"FM Insurance Europe S.A.","Antonio Vivaldistraat 150, 1083 , AMSTERDAM",no-vida,LURCSB0211309                                                                                                                                                                                                                                                                                                                                                                                                                                                                                                                                                                                                                                                                                                                                                                                                                                                                                                                         
NL3528262,,"Gartenbau-Verschicherung VVaG","Keizersgracht 62, 1015 , AMSTERDAM",no-vida,DEA4RLA                                                                                                                                                                                                                                                                                                                                                                                                                                                                                                                                                                                                                                                                                                                                                                                                                                                                                                                                         
NL2890389,724500WH75MKQGL08J57,"Glasassurantie Maatschappij Midglas N.V.","3232, Dreef 4, 4813E, BREDA",no-vida,                                                                                                                                                                                                                                                                                                                                                                                                                                                                                                                                                                                                                                                                                                                                                                                                                                                                                                                        
NL5926266,724500ZKX65QN9WNLR31,"Goudse Levensverzekeringen N.V.","9, Bouwmeesterplein 1, 2801B, GOUDA",vida,                                                                                                                                                                                                                                                                                                                                                                                                                                                                                                                                                                                                                                                                                                                                                                                                                                                                                                                            
NL2752920,724500V7U9WPNZGWQA75,"Goudse Schadeverzekeringen N.V.","9, Bouwmeesterplein 1, 2801B, GOUDA",no-vida,                                                                                                                                                                                                                                                                                                                                                                                                                                                                                                                                                                                                                                                                                                                                                                                                                                                                                                                         
NL6854700,724500IU320HGH4NNN66,"Guardian Group Nederland N.V.","Fascinatio Boulevard 216, 3065 , ROTTERDAM",no-vida,                                                                                                                                                                                                                                                                                                                                                                                                                                                                                                                                                                                                                                                                                                                                                                                                                                                                                                                    
NL8560873,7245002K1POYWHG6D263,"GUV Uitvaartverzekering N.V.","Romienendiek 2 B, 7122P, AALTEN",vida,                                                                                                                                                                                                                                                                                                                                                                                                                                                                                                                                                                                                                                                                                                                                                                                                                                                                                                                                   
NL7060128,,"HDI Global SE","Blaak 34, 3011T, ROTTERDAM",no-vida,DEA0E8F                                                                                                                                                                                                                                                                                                                                                                                                                                                                                                                                                                                                                                                                                                                                                                                                                                                                                                                                                                 
NL0676450,,"HDI Global Specialty SE","Blaak 34, 3011 , ROTTERDAM",no-vida,                                                                                                                                                                                                                                                                                                                                                                                                                                                                                                                                                                                                                                                                                                                                                                                                                                                                                                                                                              
NL4965794,,"Hiscox Insurance Company Limited","87033, Arent Janszoon Ernststraat 595 B, 1082L, AMSTERDAM",no-vida,GB0ECBM04560                                                                                                                                                                                                                                                                                                                                                                                                                                                                                                                                                                                                                                                                                                                                                                                                                                                                                                          
NL7015917,,"If Skadeförsäkring AB (publ)","Boompjes 413, 3011X, ROTTERDAM",no-vida,SE5164018102                                                                                                                                                                                                                                                                                                                                                                                                                                                                                                                                                                                                                                                                                                                                                                                                                                                                                                                                         
NL3353921,,"Intact Insurance Nederland","Weena 505, 3013 , ROTTERDAM",no-vida,                                                                                                                                                                                                                                                                                                                                                                                                                                                                                                                                                                                                                                                                                                                                                                                                                                                                                                                                                          
NL2729756,724500ILQZD01FC0P082,"Interpolis Zorgverzekeringen N.V.","Dellaertweg 1, 2316W, LEIDEN",no-vida,                                                                                                                                                                                                                                                                                                                                                                                                                                                                                                                                                                                                                                                                                                                                                                                                                                                                                                                              
NL6906451,,"iptiQ Life S.A.","Capellalaan 65, 2132J, HOOFDDORP",vida,LURCSB0184281                                                                                                                                                                                                                                                                                                                                                                                                                                                                                                                                                                                                                                                                                                                                                                                                                                                                                                                                                      
NL4256492,724500U4CX86FLOB3255,"IZA Zorgverzekeraar N.V.","Nieuwe Stationsstraat 12, 6811K, ARNHEM",no-vida,                                                                                                                                                                                                                                                                                                                                                                                                                                                                                                                                                                                                                                                                                                                                                                                                                                                                                                                            
NL5160781,724500ZSZJ9SL228HZ10,"Juwon Onderlinge Schade Maatschappij U.A.","Poortdijk 34 a, 3402B, IJSSELSTEIN",no-vida,                                                                                                                                                                                                                                                                                                                                                                                                                                                                                                                                                                                                                                                                                                                                                                                                                                                                                                                
NL8607127,724500K2PEN9FD2YI408,"Klaverblad Levensverzekering N.V.","Bisonspoor 3002, 3605L, MAARSSEN",vida,                                                                                                                                                                                                                                                                                                                                                                                                                                                                                                                                                                                                                                                                                                                                                                                                                                                                                                                             
NL0417271,724500IF66NFEVCEO352,"Klaverblad Schadeverzekeringsmaatschappij N.V.","3012, Afrikaweg 2, 2713A, ZOETERMEER",no-vida,                                                                                                                                                                                                                                                                                                                                                                                                                                                                                                                                                                                                                                                                                                                                                                                                                                                                                                         
NL0591212,724500LL729MJMCZDQ57,"KMU Verzekeringen N.V.","9463, Havinghastraat 25, 1817D, ALKMAAR",no-vida,                                                                                                                                                                                                                                                                                                                                                                                                                                                                                                                                                                                                                                                                                                                                                                                                                                                                                                                              
NL5830254,,"KPN Insurance Company dac","Stationsplein 7, 9726A, GRONINGEN",no-vida,IEC33633                                                                                                                                                                                                                                                                                                                                                                                                                                                                                                                                                                                                                                                                                                                                                                                                                                                                                                                                             
NL2952546,7245004QY3P1DSFCSQ72,"Lemonade Insurance N.V.","Korte Leidsedwarsstraat 12, 1017R, AMSTERDAM",no-vida,                                                                                                                                                                                                                                                                                                                                                                                                                                                                                                                                                                                                                                                                                                                                                                                                                                                                                                                        
NL8769877,,"LIBERTY MUTUAL INSURANCE EUROPE SE","Koninginnegracht 22, 2514A, 'S-GRAVENHAGE",no-vida,GB0ECBM05153                                                                                                                                                                                                                                                                                                                                                                                                                                                                                                                                                                                                                                                                                                                                                                                                                                                                                                                        
NL4293614,549300X8XPVALWGZV524,"Lifetri Uitvaartverzekeringen N.V.","Bisonspoor 3002, 3605L, MAARSSEN",vida,                                                                                                                                                                                                                                                                                                                                                                                                                                                                                                                                                                                                                                                                                                                                                                                                                                                                                                                            
NL6382302,,"Lloyd's Insurance Company S.A.","Beursplein 37, 3011 , ROTTERDAM",no-vida,                                                                                                                                                                                                                                                                                                                                                                                                                                                                                                                                                                                                                                                                                                                                                                                                                                                                                                                                                  
NL4840571,,"Markel Insurance SE","Westerlaan 18, 3016 , ROTTERDAM",no-vida,                                                                                                                                                                                                                                                                                                                                                                                                                                                                                                                                                                                                                                                                                                                                                                                                                                                                                                                                                             
NL7219977,7245001ADZ1Z3PIAK342,"Menzis N.V.","Lawickse Allee 130, 6709D, WAGENINGEN",no-vida,                                                                                                                                                                                                                                                                                                                                                                                                                                                                                                                                                                                                                                                                                                                                                                                                                                                                                                                                           
NL8158069,72450090B68KIJJ0GD24,"Menzis Zorgverzekeraar N.V.","75000, Lawickse Allee 130, 6709D, WAGENINGEN",no-vida,                                                                                                                                                                                                                                                                                                                                                                                                                                                                                                                                                                                                                                                                                                                                                                                                                                                                                                                    
NL5508110,724500MVHZ18ODKVWR70,"Mercurius Schadeverzekeringen N.V.","94, Langestraat 32, 3861B, NIJKERK",no-vida,                                                                                                                                                                                                                                                                                                                                                                                                                                                                                                                                                                                                                                                                                                                                                                                                                                                                                                                       
NL2050574,724500NQSYYHHG1A9G97,"Monuta Verzekeringen N.V.","Schumanpark 11, 7336A, APELDOORN",vida,                                                                                                                                                                                                                                                                                                                                                                                                                                                                                                                                                                                                                                                                                                                                                                                                                                                                                                                                     
NL0901117,,"MS Amlin Insurance SE","Van Heuven Goedhartlaan 939, 1181L, AMSTELVEEN",no-vida,                                                                                                                                                                                                                                                                                                                                                                                                                                                                                                                                                                                                                                                                                                                                                                                                                                                                                                                                            
NL5529157,724500W0A0NPABZT7F60,"Mutual Insurance Association 'Munis' (Onderlinge Verzekeringsmaatschappij 'Munis') U.A.","87837, Stationsplein 4, 2275A, VOORBURG",no-vida,                                                                                                                                                                                                                                                                                                                                                                                                                                                                                                                                                                                                                                                                                                                                                                                                                                                             
NL5565629,724500CRDR8K9UWK5986,"N.V. Hagelunie","Dellaertweg 1, 2316W, LEIDEN",no-vida,                                                                                                                                                                                                                                                                                                                                                                                                                                                                                                                                                                                                                                                                                                                                                                                                                                                                                                                                                 
NL4451479,724500AM4MYHCTRLF551,"N.V. Levensverzekering-Maatschappij 'De Hoop'","532, Anna van Saksenlaan 10, 2593H, 'S-GRAVENHAGE",reaseguros,                                                                                                                                                                                                                                                                                                                                                                                                                                                                                                                                                                                                                                                                                                                                                                                                                                                                                          
NL7031946,724500NKWU461X39DL81,"N.V. Noordhollandsche van 1816, Schadeverzekeringsmaatschappij","Dorpsstraat 820, 1724N, OUDKARSPEL",no-vida,                                                                                                                                                                                                                                                                                                                                                                                                                                                                                                                                                                                                                                                                                                                                                                                                                                                                                           
NL0142154,549300PUU3FV1O2XDA27,"N.V. Schadeverzekering Metaal en Technische Bedrijfstakken","30304, Prinses Beatrixlaan 15, 2595A, 'S-GRAVENHAGE",no-vida,                                                                                                                                                                                                                                                                                                                                                                                                                                                                                                                                                                                                                                                                                                                                                                                                                                                                              
NL7654945,724500QMO4YZ1NPSM425,"N.V. Schadeverzekering-Maatschappij Bovemij","7110, Takenhofplein 2, 6538S, NIJMEGEN",no-vida,                                                                                                                                                                                                                                                                                                                                                                                                                                                                                                                                                                                                                                                                                                                                                                                                                                                                                                          
NL8583963,724500P0W7DXZHPOX365,"N.V. Schadeverzekeringsmaatschappij Maas Lloyd","s-Gravenweg 431, 3065S, ROTTERDAM",no-vida,                                                                                                                                                                                                                                                                                                                                                                                                                                                                                                                                                                                                                                                                                                                                                                                                                                                                                                            
NL0493538,724500H3ONWC4B5NPL75,"N.V. Univé Her","Hanzeplein 1  5e verdieping, 8017J, ZWOLLE",reaseguros,                                                                                                                                                                                                                                                                                                                                                                                                                                                                                                                                                                                                                                                                                                                                                                                                                                                                                                                                
NL1736083,72450041LO1F3E9F8561,"N.V. Univé Schade","15, Jan Bommerstraat 4, 9402N, ASSEN",no-vida,                                                                                                                                                                                                                                                                                                                                                                                                                                                                                                                                                                                                                                                                                                                                                                                                                                                                                                                                      
NL2848116,72450051FPEA79VNJ683,"N.V. Univé Zorg","Nieuwe Stationsstraat 12, 6811K, ARNHEM",no-vida,                                                                                                                                                                                                                                                                                                                                                                                                                                                                                                                                                                                                                                                                                                                                                                                                                                                                                                                                     
NL6576113,724500SJLEV2D3J8H729,"N.V. Verzekering Maatschappij 'De Burcht'","Wageningselaan 64, 3903L, VEENENDAAL",no-vida,                                                                                                                                                                                                                                                                                                                                                                                                                                                                                                                                                                                                                                                                                                                                                                                                                                                                                                              
NL1913105,7245002C4N1ESTJCU596,"N.V. Verzekeringsbedrijf Groot Amsterdam (VGA)","58032, Oudezijds Voorburgwal 300, 1012G, AMSTERDAM",no-vida,                                                                                                                                                                                                                                                                                                                                                                                                                                                                                                                                                                                                                                                                                                                                                                                                                                                                                           
NL3085376,724500GWBK6DVROFBQ45,"N.V. Zorgverzekeraar UMC","Nieuwe Stationsstraat 12, 6811K, ARNHEM",no-vida,                                                                                                                                                                                                                                                                                                                                                                                                                                                                                                                                                                                                                                                                                                                                                                                                                                                                                                                            
NL9563364,724500CMU6QIJO54N524,"National Academic Verzekeringsmaatschappij N.V.","362, Laan der Verenigde Naties 9, 3316A, DORDRECHT",no-vida,                                                                                                                                                                                                                                                                                                                                                                                                                                                                                                                                                                                                                                                                                                                                                                                                                                                                                          
NL001032987B011,724500L7T6JR7V9S1O28,"Nationale-Nederlanden Levensverzekering Maatschappij N.V.","Weena 505, 3013A, ROTTERDAM",vida,                                                                                                                                                                                                                                                                                                                                                                                                                                                                                                                                                                                                                                                                                                                                                                                                                                                                                                    
NL4852092,7245000CR0LNYKWUS634,"Nationale-Nederlanden Schadeverzekering Maatschappij N.V.","Prinses Beatrixlaan 35, 2595A, 'S-GRAVENHAGE",no-vida,                                                                                                                                                                                                                                                                                                                                                                                                                                                                                                                                                                                                                                                                                                                                                                                                                                                                                      
NL6203321,54930050LBZUR4138I72,"NN Re (Netherlands) N.V.","90504, Prinses Beatrixlaan 35, 2595A, 'S-GRAVENHAGE",reaseguros,                                                                                                                                                                                                                                                                                                                                                                                                                                                                                                                                                                                                                                                                                                                                                                                                                                                                                                             
NL2844061,724500FE7630DKSA9R73,"NS Insurance N.V.","2025, Laan van Puntenburg 100, 3511E, UTRECHT",no-vida,                                                                                                                                                                                                                                                                                                                                                                                                                                                                                                                                                                                                                                                                                                                                                                                                                                                                                                                             
NL1796502,7245009MEI2V0LUORY12,"OHRA Zorgverzekeringen N.V.","Ringbaan West 236, 5038K, TILBURG",no-vida,                                                                                                                                                                                                                                                                                                                                                                                                                                                                                                                                                                                                                                                                                                                                                                                                                                                                                                                               
NL4672350,7245001304OW2244KP30,"Onderling Fonds 'Sliedrecht' B.A.","Lijsterweg 39, 3362B, SLIEDRECHT",vida,                                                                                                                                                                                                                                                                                                                                                                                                                                                                                                                                                                                                                                                                                                                                                                                                                                                                                                                             
NL1548306,,"Onderling Paarden- en Ponyverzekeringsfonds 'Eerbeek/Angerlo en Omstreken'W.A.","Voorsterweg 85, 7371E, LOENEN",no-vida,                                                                                                                                                                                                                                                                                                                                                                                                                                                                                                                                                                                                                                                                                                                                                                                                                                                                                                    
NL4768763,,"Onderling Paardenfonds W.A.","Kreuzeveen 4, 8381C, VLEDDER",no-vida,                                                                                                                                                                                                                                                                                                                                                                                                                                                                                                                                                                                                                                                                                                                                                                                                                                                                                                                                                        
NL1073290,7245009LLJMFOF4VKU45,"Onderling Verzekerd U.A.","Theo van Baarenstraat 1, 3451D, VLEUTEN",no-vida,                                                                                                                                                                                                                                                                                                                                                                                                                                                                                                                                                                                                                                                                                                                                                                                                                                                                                                                            
NL2345955,7245004W47FIQOGC2D32,"Onderlinge Arbeidsongeschiktheidsverzekeringen Sociaal Fonds voor de Maatschapsvisserij U.A.","923, Bredewater 26, 2715C, ZOETERMEER",no-vida,                                                                                                                                                                                                                                                                                                                                                                                                                                                                                                                                                                                                                                                                                                                                                                                                                                                          
NL3239910,724500OO7HAUY7EZU056,"Onderlinge Begrafenis- en Crematievereniging 'Holz' U.A.","Calbertsweg 151, 6465C, KERKRADE",vida,                                                                                                                                                                                                                                                                                                                                                                                                                                                                                                                                                                                                                                                                                                                                                                                                                                                                                                      
NL2065521,724500TJIFVY491QMV57,"Onderlinge Begrafenis- en Crematievereniging 'Sint Jozef' U.A.","Nieuwenhagerheidestraat 78, 6374E, LANDGRAAF",vida,                                                                                                                                                                                                                                                                                                                                                                                                                                                                                                                                                                                                                                                                                                                                                                                                                                                                                    
NL8584820,7245008BQV6OH7CO3P09,"Onderlinge Begrafenisvereniging 'Nieuwleusen en omstreken' U.A.","Ds. Smitslaan 14, 7711 , NIEUWLEUSEN",vida,                                                                                                                                                                                                                                                                                                                                                                                                                                                                                                                                                                                                                                                                                                                                                                                                                                                                                           
NL5391508,,"Onderlinge Brandverzekering 'Steenwijkerwold' U.A.","Blaankamp 5 A, 8341P, STEENWIJKERWOLD",no-vida,                                                                                                                                                                                                                                                                                                                                                                                                                                                                                                                                                                                                                                                                                                                                                                                                                                                                                                                        
NL9649667,724500FZ0VMA12AS2Z21,"Onderlinge Brandwaarborg Maatschappij Noord Holland U.A.","Parallelweg 1, 1151B, BROEK IN WATERLAND",no-vida,                                                                                                                                                                                                                                                                                                                                                                                                                                                                                                                                                                                                                                                                                                                                                                                                                                                                                           
NL4814234,724500PLVCD0NA14TP09,"Onderlinge Brandwaarborgvereniging 'Giethoorn' U.A.","Ds. J.J. Ketstraat 1, 8355D, GIETHOORN",no-vida,                                                                                                                                                                                                                                                                                                                                                                                                                                                                                                                                                                                                                                                                                                                                                                                                                                                                                                  
NL3884738,724500M79EOW7P2AYH34,"Onderlinge Eerste Algemene Begrafenisvereniging Nijkerk U.A.","Frieswijkstraat 56, 3862B, NIJKERK",vida,                                                                                                                                                                                                                                                                                                                                                                                                                                                                                                                                                                                                                                                                                                                                                                                                                                                                                                
NL6199266,7245000488W70WV6DC08,"Onderlinge Levensverzekering-Maatschappij ''s-Gravenhage' U.A.","629, Anna van Saksenlaan 10, 2593H, S-GRAVENHAGE",vida,                                                                                                                                                                                                                                                                                                                                                                                                                                                                                                                                                                                                                                                                                                                                                                                                                                                                                
NL7109250,,"Onderlinge Paardenverzekering 'Achtkarspelen' W.A.","Dokter Keijserstraat 10, 9231E, SURHUISTERVEEN",no-vida,                                                                                                                                                                                                                                                                                                                                                                                                                                                                                                                                                                                                                                                                                                                                                                                                                                                                                                               
NL7570281,,"Onderlinge Paardenverzekering Maas en Waal B.A.","Margrietstraat 22, 6651X, DRUTEN",no-vida,                                                                                                                                                                                                                                                                                                                                                                                                                                                                                                                                                                                                                                                                                                                                                                                                                                                                                                                                
NL3479890,,"Onderlinge Paardenverzekering Maatschappij ' Helpt Elkander' U.A.","Hippolytushoeverweg 17, 1774M, SLOOTDORP",no-vida,                                                                                                                                                                                                                                                                                                                                                                                                                                                                                                                                                                                                                                                                                                                                                                                                                                                                                                      
NL5422664,,"Onderlinge Paardenverzekering Meppel en omstreken W.A.","Larixlaan 4, 7955A, IJHORST",no-vida,                                                                                                                                                                                                                                                                                                                                                                                                                                                                                                                                                                                                                                                                                                                                                                                                                                                                                                                              
NL4438245,,"Onderlinge Paardenverzekering te Echt U.A.","Echterstraat 41, 6102E, ECHT",no-vida,                                                                                                                                                                                                                                                                                                                                                                                                                                                                                                                                                                                                                                                                                                                                                                                                                                                                                                                                         
NL6164986,,"Onderlinge Paardenverzekering-Maatschappij 'Peize-Roden' W.A.","Bolster 12, 9321A, PEIZE",no-vida,                                                                                                                                                                                                                                                                                                                                                                                                                                                                                                                                                                                                                                                                                                                                                                                                                                                                                                                          
NL5466874,,"Onderlinge paardenverzekeringmaatschappij 'Oldeboorn en omstreken' U.A.","de Pôlle 3, 9011W, JIRNSUM",no-vida,                                                                                                                                                                                                                                                                                                                                                                                                                                                                                                                                                                                                                                                                                                                                                                                                                                                                                                              
NL4475500,,"Onderlinge Paardenverzekeringmaatschappij 'Stadskanaal en omstreken' U.A.","Noorderdiep 372, 9521B, NIEUW-BUINEN",no-vida,                                                                                                                                                                                                                                                                                                                                                                                                                                                                                                                                                                                                                                                                                                                                                                                                                                                                                                  
NL9775417,,"Onderlinge Paardenverzekeringmaatschappij Ter-Apelkanaal W.A.","Zandtangerweg 60, 9584A, MUSSEL",no-vida,                                                                                                                                                                                                                                                                                                                                                                                                                                                                                                                                                                                                                                                                                                                                                                                                                                                                                                                   
NL0211168,7245007WD4R69ZASEH29,"Onderlinge R.K. Begrafenis- en Crematie-Vereniging 'St. Pietersrade' U.A.","Chevremontstraat 26, 6463C, KERKRADE",vida,                                                                                                                                                                                                                                                                                                                                                                                                                                                                                                                                                                                                                                                                                                                                                                                                                                                                                 
NL6496584,724500AJLQNJ9EY6RL62,"Onderlinge Steenwijker Brandassurantie Vereniging U.A.","Doelenstraat 9, 8331H, STEENWIJK",no-vida,                                                                                                                                                                                                                                                                                                                                                                                                                                                                                                                                                                                                                                                                                                                                                                                                                                                                                                     
NL7809479,72450036M580Q18MW789,"Onderlinge Uitvaartmaatschappij 'De Laatste Eer Drachten' U.A.","Postb, Overstesingel 1, 9204K, DRACHTEN",vida,                                                                                                                                                                                                                                                                                                                                                                                                                                                                                                                                                                                                                                                                                                                                                                                                                                                                                         
NL3275047,724500IWL25TW07B0U68,"Onderlinge Uitvaartmaatschappij 'Pekela' U.A.","Postb, Wedderweg 7, 9665J, OUDE PEKELA",vida,                                                                                                                                                                                                                                                                                                                                                                                                                                                                                                                                                                                                                                                                                                                                                                                                                                                                                                           
NL7125458,724500KVVNAA6OQI3K64,"Onderlinge Uitvaartmaatschappij 'Ter Apel en omstreken' U.A.","Postb, Kapelweg 10, 9561G, TER APEL",vida,                                                                                                                                                                                                                                                                                                                                                                                                                                                                                                                                                                                                                                                                                                                                                                                                                                                                                               
NL4047488,724500RG7773JFIHSE91,"Onderlinge Uitvaartvereniging 'De Laatste Eer' U.A.","Pottenbakkerstraat 48, 9403V, ASSEN",vida,                                                                                                                                                                                                                                                                                                                                                                                                                                                                                                                                                                                                                                                                                                                                                                                                                                                                                                        
NL0282597,7245003YEB3YAJO2B588,"Onderlinge Uitvaartvereniging Algemeen Belang Winschoten-Delfzijl e.o. U.A.","Zeefbaan 1 C, 9672B, WINSCHOTEN",vida,                                                                                                                                                                                                                                                                                                                                                                                                                                                                                                                                                                                                                                                                                                                                                                                                                                                                                    
NL6711537,724500DRZ4DRUS54KE25,"Onderlinge Uitvaartvereniging Veendam-Winschoten en Omstreken U.A.","J.D. van der Veenstraat 9 A, 9672A, WINSCHOTEN",vida,                                                                                                                                                                                                                                                                                                                                                                                                                                                                                                                                                                                                                                                                                                                                                                                                                                                                              
NL4745599,724500VNV9N4GMGT8W82,"Onderlinge Uitvaartverzekering De Laatste Eer U.A.","Postb, Kornputsingel 40, 8331J, STEENWIJK",vida,                                                                                                                                                                                                                                                                                                                                                                                                                                                                                                                                                                                                                                                                                                                                                                                                                                                                                                   
NL9184655,7245002C2W7OR8ODJI38,"Onderlinge Uitvaartzorg Noord Veluwe U.A.","van Sytzamalaan 38, 8096A, OLDEBROEK",vida,                                                                                                                                                                                                                                                                                                                                                                                                                                                                                                                                                                                                                                                                                                                                                                                                                                                                                                                 
NL4058678,,"Onderlinge Veeverzekeringmaatschappij te Nieuwleusen W.A.","Westerveen 22, 7711D, NIEUWLEUSEN",no-vida,                                                                                                                                                                                                                                                                                                                                                                                                                                                                                                                                                                                                                                                                                                                                                                                                                                                                                                                     
NL7539379,724500JOJKFO3CON5E44,"Onderlinge Veeverzekerings Maatschappij Slochteren W.A.","Oudeweg 178, 9628C, SIDDEBUREN",no-vida,                                                                                                                                                                                                                                                                                                                                                                                                                                                                                                                                                                                                                                                                                                                                                                                                                                                                                                      
NL3006991,7245007QC0V6R51G8F97,"Onderlinge Verzekering Maatschappij Donatus U.A.","500, Hoff van Hollantlaan 8, 5243S, ROSMALEN",no-vida,                                                                                                                                                                                                                                                                                                                                                                                                                                                                                                                                                                                                                                                                                                                                                                                                                                                                                               
NL2697339,724500D81NK7SWPMLK64,"Onderlinge Verzekering Maatschappij Twente U.A.","98, Anjelierstraat 1 a, 7641C, WIERDEN",no-vida,                                                                                                                                                                                                                                                                                                                                                                                                                                                                                                                                                                                                                                                                                                                                                                                                                                                                                                      
NL6590204,724500H649410ZOQSU23,"Onderlinge Verzekering Maatschappij ZLM U.A.","70, Cereshof 2, 4463X, GOES",no-vida,                                                                                                                                                                                                                                                                                                                                                                                                                                                                                                                                                                                                                                                                                                                                                                                                                                                                                                                    
NL6722474,724500OZ0YSQZI7ZI247,"Onderlinge Verzekeringmaatschappij 'SOM' U.A.","104, Meerndijk 11, 3454H, DE MEERN",no-vida,                                                                                                                                                                                                                                                                                                                                                                                                                                                                                                                                                                                                                                                                                                                                                                                                                                                                                                            
NL3846626,7245001CPV4YF3IA2C12,"Onderlinge Verzekerings Maatschappij 'De Onderlingen' U.A.","520, Doelenplein 11, 2871C, SCHOONHOVEN",no-vida,                                                                                                                                                                                                                                                                                                                                                                                                                                                                                                                                                                                                                                                                                                                                                                                                                                                                                          
NL3462824,724500XOU6B0MYKUTW78,"Onderlinge Verzekerings Maatschappij Rijn en Aar U.A.","Graaf Albrechtstraat 2 A, 2415A, NIEUWERBRUG AAN DEN RIJN",no-vida,                                                                                                                                                                                                                                                                                                                                                                                                                                                                                                                                                                                                                                                                                                                                                                                                                                                                             
NL6333834,7245003W8CGLA03KS716,"Onderlinge Verzekerings-Maatschappij 'Noord Nederlandsche P&I Club' U.A.","Rijksstraatweg 361, 9752C, HAREN GN",no-vida,                                                                                                                                                                                                                                                                                                                                                                                                                                                                                                                                                                                                                                                                                                                                                                                                                                                                                
NL6528821,724500H3T7TB8ONWHC93,"Onderlinge Verzekeringsmaatschappij Univé Samen U.A.","19, Entingheweg 19, 7991C, DWINGELOO",no-vida,                                                                                                                                                                                                                                                                                                                                                                                                                                                                                                                                                                                                                                                                                                                                                                                                                                                                                                   
NL0975194,724500NJ3QLXH8A5US41,"Onderlinge Verzekeringsmaatschappij Waterland I De Veenhoop U.A.","Raadhuisstraat 1, 1474H, OOSTHUIZEN",no-vida,                                                                                                                                                                                                                                                                                                                                                                                                                                                                                                                                                                                                                                                                                                                                                                                                                                                                                        
NL3779613,724500T9HJEE99BRS137,"Onderlinge Waarborg Maatschappij Achterhoek U.A.","5, Driessenshof 119, 7121X, AALTEN",no-vida,                                                                                                                                                                                                                                                                                                                                                                                                                                                                                                                                                                                                                                                                                                                                                                                                                                                                                                         
NL2289952,724500LH9OQ0C0OXFT98,"Onderlinge Waarborgmaatschappij Centramed B.A.","7374, Maria Montessorilaan 9, 2719D, ZOETERMEER",no-vida,                                                                                                                                                                                                                                                                                                                                                                                                                                                                                                                                                                                                                                                                                                                                                                                                                                                                                              
NL3725186,724500HQ7QKT9D9VMN62,"Onderlinge Waarborgmaatschappij CZ groep U.A.","Ringbaan-West 236, 5038K, TILBURG",no-vida,                                                                                                                                                                                                                                                                                                                                                                                                                                                                                                                                                                                                                                                                                                                                                                                                                                                                                                             
NL2167176,724500EL7P3H4FIUZ236,"Onderlinge Waarborgmaatschappij DSW Zorgverzekeraar U.A.","173, s-Gravelandseweg 555, 3119X, SCHIEDAM",no-vida,                                                                                                                                                                                                                                                                                                                                                                                                                                                                                                                                                                                                                                                                                                                                                                                                                                                                                         
NL4166028,724500PEGD1KH9O0NT62,"Onderlinge Waarborgmaatschappij Fiets Perfekt Polis U.A.","Postb, Stationsstraat 24, 7021C, ZELHEM",no-vida,                                                                                                                                                                                                                                                                                                                                                                                                                                                                                                                                                                                                                                                                                                                                                                                                                                                                                            
NL1648700,,"Onderlinge Waarborgmaatschappij Marveld U.A.","Elshofweg 6, 7141D, GROENLO",no-vida,                                                                                                                                                                                                                                                                                                                                                                                                                                                                                                                                                                                                                                                                                                                                                                                                                                                                                                                                        
NL4498409,724500WGMGPQSIRRA408,"Onderlinge Waarborgmaatschappij Sazas U.A.","104, Houttuinlaan 5  3e verdieping, 3447G, WOERDEN",no-vida,                                                                                                                                                                                                                                                                                                                                                                                                                                                                                                                                                                                                                                                                                                                                                                                                                                                                                               
NL7134531,,"Onderlinge Waarborgmaatschappij tot Verzekering van Paarden U.A.","Het Schild 27, 7707E, BALKBRUG",no-vida,                                                                                                                                                                                                                                                                                                                                                                                                                                                                                                                                                                                                                                                                                                                                                                                                                                                                                                                 
NL0473529,,"Onderlinge Waarborgmaatschappij Tot Verzekering van Spiegelruiten 'De Toekomst' W.A.","Oude Schans 62, 9934C, DELFZIJL",no-vida,                                                                                                                                                                                                                                                                                                                                                                                                                                                                                                                                                                                                                                                                                                                                                                                                                                                                                            
NL7046037,724500LUBV741T671Z50,"Onderlinge Waarborgmaatschappij voor Instellingen in de Gezondheidszorg MediRisk B.A.","8409, Van Deventerlaan 20, 3528A, UTRECHT",no-vida,                                                                                                                                                                                                                                                                                                                                                                                                                                                                                                                                                                                                                                                                                                                                                                                                                                                             
NL8137083,724500IJUIBAG6A9GK81,"Onderlinge Waarborgmaatschappij Zorgverzekeraar Zorg en Zekerheid U.A.","400, Haagse Schouwweg 12, 2332K, LEIDEN",no-vida,                                                                                                                                                                                                                                                                                                                                                                                                                                                                                                                                                                                                                                                                                                                                                                                                                                                                              
NL3213771,724500LUSDV0J7VNP627,"ONVZ Aanvullende Verzekering N.V.","392, De Molen 66, 3995A, HOUTEN",no-vida,                                                                                                                                                                                                                                                                                                                                                                                                                                                                                                                                                                                                                                                                                                                                                                                                                                                                                                                           
NL0389089,724500ZYBRCU2NXJEE84,"ONVZ Ziektekostenverzekeraar N.V.","De Molen 66, 3995A, HOUTEN",no-vida,                                                                                                                                                                                                                                                                                                                                                                                                                                                                                                                                                                                                                                                                                                                                                                                                                                                                                                                                
NL9690977,7245000LOL29HW7H6022,"OOM Global Care N.V.","3036, Jan Thijssenweg 2, 2289A, RIJSWIJK",no-vida,                                                                                                                                                                                                                                                                                                                                                                                                                                                                                                                                                                                                                                                                                                                                                                                                                                                                                                                               
NL8294754,724500ZH8615JCRYDD61,"OOM Schadeverzekering N.V.","3036, Jan Thijssenweg 2, 2289A, RIJSWIJK",no-vida,                                                                                                                                                                                                                                                                                                                                                                                                                                                                                                                                                                                                                                                                                                                                                                                                                                                                                                                         
NL1599398,724500H2CCB8A6W9BT31,"OVM Onderlinge Verzekeringen U.A.","10, Needseweg 7, 7271A, BORCULO",no-vida,                                                                                                                                                                                                                                                                                                                                                                                                                                                                                                                                                                                                                                                                                                                                                                                                                                                                                                                           
NL0966543,724500I9ZLAZWMYUJC55,"PC Uitvaart Verzekeringen N.V.","75124, Ookmeerweg 273, 1067S, AMSTERDAM",vida,                                                                                                                                                                                                                                                                                                                                                                                                                                                                                                                                                                                                                                                                                                                                                                                                                                                                                                                         
NL6680381,213800XMTT7412ZRE731,"Portman Insurance Limited","61 RUE MSTISLAV ROSTROPOVITCH, PARIS",no-vida,                                                                                                                                                                                                                                                                                                                                                                                                                                                                                                                                                                                                                                                                                                                                                                                                                                                                                                                              
NL1386750,213800CU5SEYSUPYYA15,"QBE Europe","Prins Bernhardplein 200, 1097 , AMSTERDAM",no-vida,                                                                                                                                                                                                                                                                                                                                                                                                                                                                                                                                                                                                                                                                                                                                                                                                                                                                                                                                        
NL8049459,724500K29WBRB2C78M72,"R.K. Onderlinge Begrafenis- en Crematievereniging 'Hulp en Steun' U.A.","De Tichel 21, 6374N, LANDGRAAF",vida,                                                                                                                                                                                                                                                                                                                                                                                                                                                                                                                                                                                                                                                                                                                                                                                                                                                                                          
NL818823008B016,7245000W0MQPLI34H794,"Rabo Herverzekeringsmaatschappij N.V.","Croeselaan 18, 3521C, UTRECHT",reaseguros,                                                                                                                                                                                                                                                                                                                                                                                                                                                                                                                                                                                                                                                                                                                                                                                                                                                                                                                
NL7890689,72450014RE8ERWYWNZ03,"Reis- en Rechtshulp N.V.","93200, Wassenaarseweg 220, 2596E, 'S-GRAVENHAGE",no-vida,                                                                                                                                                                                                                                                                                                                                                                                                                                                                                                                                                                                                                                                                                                                                                                                                                                                                                                                    
NL4160936,,"Rheinland Versicherungs A.G.","Prof. J.H. Bavincklaan 2, 1183A, AMSTELVEEN",no-vida,DEA4MVL                                                                                                                                                                                                                                                                                                                                                                                                                                                                                                                                                                                                                                                                                                                                                                                                                                                                                                                                 
NL6449044,,"Rhion Versicherung AG","High Tech Campus 68, 5656 , EINDHOVEN",no-vida,                                                                                                                                                                                                                                                                                                                                                                                                                                                                                                                                                                                                                                                                                                                                                                                                                                                                                                                                                     
NL9176662,724500638EL2TQZKZ272,"Robein Leven N.V.","Parkstraat 99  4e etage, 2514J, 'S-GRAVENHAGE",vida,                                                                                                                                                                                                                                                                                                                                                                                                                                                                                                                                                                                                                                                                                                                                                                                                                                                                                                                                
NL5654652,724500PI50WXC068ED21,"Roeminck Insurance N.V.","28, Tweede Weteringplantsoen 21, 1017Z, AMSTERDAM",no-vida,                                                                                                                                                                                                                                                                                                                                                                                                                                                                                                                                                                                                                                                                                                                                                                                                                                                                                                                   
NL4258429,724500QCLWZKF1Y31R40,"Samenwerking Glasverzekering N.V.","4147, Nieuwstad 81, 7201N, ZUTPHEN",no-vida,                                                                                                                                                                                                                                                                                                                                                                                                                                                                                                                                                                                                                                                                                                                                                                                                                                                                                                                        
NL3339447,2138005TNXFN8HKJ9779,"SCILDON N.V.","4, Laapersveld 68, 1213V, HILVERSUM",vida,                                                                                                                                                                                                                                                                                                                                                                                                                                                                                                                                                                                                                                                                                                                                                                                                                                                                                                                                               
NL001631184B010,,"SIAT Societa Italiana Assicurazioni e Riassi Curazioni Per Azioni","Gatwickstraat 33, 1043G, AMSTERDAM",reaseguros,IT0000113843770                                                                                                                                                                                                                                                                                                                                                                                                                                                                                                                                                                                                                                                                                                                                                                                                                                                                                    
NL819158379B014,724500ZTKJYJMWVLWJ82,"SRLEV N.V.","188, Kruseman van Eltenweg 1, 1817B, ALKMAAR",vida,                                                                                                                                                                                                                                                                                                                                                                                                                                                                                                                                                                                                                                                                                                                                                                                                                                                                                                                                  
NL1771221,724500RXT0CC3HQ5GX49,"Stad Holland Zorgverzekeraar Onderlinge Waarborgmaatschappij U.A.","295, s-Gravelandseweg 555, 3119X, SCHIEDAM",no-vida,                                                                                                                                                                                                                                                                                                                                                                                                                                                                                                                                                                                                                                                                                                                                                                                                                                                                                
NL1001515723,,"STARR EUROPE INSURANCE LIMITED","BEURSPLN 37, 3011A, ROTTERDAM",no-vida,MTA180744                                                                                                                                                                                                                                                                                                                                                                                                                                                                                                                                                                                                                                                                                                                                                                                                                                                                                                                                        
NL1957621,724500AKS82U8X3RGX64,"Stichting Garantiefonds Reisgelden","4040, Admiraliteitskade 73 B, 3063E, ROTTERDAM",no-vida,                                                                                                                                                                                                                                                                                                                                                                                                                                                                                                                                                                                                                                                                                                                                                                                                                                                                                                           
NL4191480,,"Stichting Waarborgfonds Motorverkeer","Handelskade 49, 2288B, RIJSWIJK",no-vida,                                                                                                                                                                                                                                                                                                                                                                                                                                                                                                                                                                                                                                                                                                                                                                                                                                                                                                                                            
NL2741549,7245007AC9KRKVWLIS32,"Stichtsche Onderlinge Brand-Herverzekering U.A.","104, Meerndijk 11, 3454H, DE MEERN",reaseguros,                                                                                                                                                                                                                                                                                                                                                                                                                                                                                                                                                                                                                                                                                                                                                                                                                                                                                                       
NL9011794,,"Swiss Re International SE","Taurusavenue 16 C Tweede verdieping, 2132L, HOOFDDORP",no-vida,LURCSB0134553                                                                                                                                                                                                                                                                                                                                                                                                                                                                                                                                                                                                                                                                                                                                                                                                                                                                                                                    
NL2103940,7245004W80BPW0YBO727,"TenneT Reinsurance N.V.","Utrechtseweg 310 M01, 6812 , ARNHEM",reaseguros,                                                                                                                                                                                                                                                                                                                                                                                                                                                                                                                                                                                                                                                                                                                                                                                                                                                                                                                              
NL3723249,724500F47YBS8RQ43404,"Tiels Onderling Fonds tot Uitkering bij Overlijden Gustaaf Adolf U.A.","Gasthuisstraat 82, 4001 , TIEL",vida,                                                                                                                                                                                                                                                                                                                                                                                                                                                                                                                                                                                                                                                                                                                                                                                                                                                                                           
NL2118020,,"Tryg Forsikring A/S","Herikerbergweg 292 -342, 1101 , AMSTERDAM",no-vida,                                                                                                                                                                                                                                                                                                                                                                                                                                                                                                                                                                                                                                                                                                                                                                                                                                                                                                                                                   
NL2449545,724500D3EHHJWKLWY913,"TT Club Mutual Insurance N.V.","Wilhelminakade 953 A, 3072 , ROTTERDAM",no-vida,                                                                                                                                                                                                                                                                                                                                                                                                                                                                                                                                                                                                                                                                                                                                                                                                                                                                                                                        
NL7299144,724500WROB4KMWXI8P59,"TVM verzekeringen N.V.","van Limburg Stirumstraat 250, 7901A, HOOGEVEEN",no-vida,                                                                                                                                                                                                                                                                                                                                                                                                                                                                                                                                                                                                                                                                                                                                                                                                                                                                                                                       
NL6459329,724500NVQ3ICYH9H3562,"Uitvaartverzekering Twenthe N.V.","Getfertsingel 91, 7513G, ENSCHEDE",vida,                                                                                                                                                                                                                                                                                                                                                                                                                                                                                                                                                                                                                                                                                                                                                                                                                                                                                                                             
NL7384991,724500T310DRX4FA7I75,"UK P&I Club N.V.","Wilhelminakade 953 A, 3072A, ROTTERDAM",no-vida,                                                                                                                                                                                                                                                                                                                                                                                                                                                                                                                                                                                                                                                                                                                                                                                                                                                                                                                                     
NL9523209,549300ZX1OABOSP3K616,"Unilever Insurances N.V.","760, Weena 455, 3013A, ROTTERDAM",no-vida,                                                                                                                                                                                                                                                                                                                                                                                                                                                                                                                                                                                                                                                                                                                                                                                                                                                                                                                                   
NL8509453,72450015CUAZNXZTT303,"Univé Dichtbij Brandverzekeraar N.V.","34, Abe Lenstra boulevard 2, 8448J, HEERENVEEN",no-vida,                                                                                                                                                                                                                                                                                                                                                                                                                                                                                                                                                                                                                                                                                                                                                                                                                                                                                                         
NL4134871,724500AVS30QI4ACP519,"Univé Het Groene Hart Brandverzekeraar N.V.","678, Marlotlaan 5, 2614G, DELFT",no-vida,                                                                                                                                                                                                                                                                                                                                                                                                                                                                                                                                                                                                                                                                                                                                                                                                                                                                                                                 
NL4212101,724500R522YLVKE7GJ75,"Univé Noord-Holland Brandverzekeraar N.V.","171, M. de Klerkweg 1, 1703D, HEERHUGOWAARD",no-vida,                                                                                                                                                                                                                                                                                                                                                                                                                                                                                                                                                                                                                                                                                                                                                                                                                                                                                                       
NL9512018,724500JOA55SFIY57S76,"Univé Noord-Nederland Verzekeraar N.V.","Jan Bommerstraat 1, 9402N, ASSEN",no-vida,                                                                                                                                                                                                                                                                                                                                                                                                                                                                                                                                                                                                                                                                                                                                                                                                                                                                                                                     
NL6862060,7245002TXZIKX3PUK437,"Univé Oost Brandverzekeraar N.V.","Het Eeftink 22, 7541W, ENSCHEDE",no-vida,                                                                                                                                                                                                                                                                                                                                                                                                                                                                                                                                                                                                                                                                                                                                                                                                                                                                                                                            
NL7134277,7245009V8QQMUPPNRR85,"Univé Stad en Land Brandverzekeraar N.V.","1324, Christiaan Geurtsweg 8, 7335J, APELDOORN",no-vida,                                                                                                                                                                                                                                                                                                                                                                                                                                                                                                                                                                                                                                                                                                                                                                                                                                                                                                     
NL7974092,724500RA8KCL9JGCZT95,"Univé Zuid-Nederland Verzekeringen N.V.","113, Stationspark 125, 3364D, SLIEDRECHT",no-vida,                                                                                                                                                                                                                                                                                                                                                                                                                                                                                                                                                                                                                                                                                                                                                                                                                                                                                                            
NL7024810,724500PKN7QB7B0EJF60,"UVM Verzekeringsmaatschappij N.V.","50000, Schutstraat 120, 7901E, HOOGEVEEN",no-vida,                                                                                                                                                                                                                                                                                                                                                                                                                                                                                                                                                                                                                                                                                                                                                                                                                                                                                                                  
NL6122893,724500NSTTUBQ0GVIM14,"Venrayse Onderlinge Spiegelglasverzekering W.A.","Dr. Poelsstraat 1 A, 5802A, VENRAY",no-vida,                                                                                                                                                                                                                                                                                                                                                                                                                                                                                                                                                                                                                                                                                                                                                                                                                                                                                                          
NL7636076,,"Vereinigte Hagelversicherung VVaG","Elzenlaan 11, 9422E, SMILDE",no-vida,DEAIOTE                                                                                                                                                                                                                                                                                                                                                                                                                                                                                                                                                                                                                                                                                                                                                                                                                                                                                                                                            
NL9033095,,"Vereniging tot Onderlinge Verzekering van Paarden te Rouveen W.A.","Oude Rijksweg 289, 7954E, ROUVEEN",no-vida,                                                                                                                                                                                                                                                                                                                                                                                                                                                                                                                                                                                                                                                                                                                                                                                                                                                                                                             
NL7832642,,"Vereniging tot Onderlinge Verzekering van Paarden W.A.","Middeldijk 41, 7722W, DALFSEN",no-vida,                                                                                                                                                                                                                                                                                                                                                                                                                                                                                                                                                                                                                                                                                                                                                                                                                                                                                                                            
NL2454943,724500VB9912PMWCB019,"Veterfina Verzekeringsmaatschappij N.V.","Gatwickstraat 9, 1043G, AMSTERDAM",no-vida,                                                                                                                                                                                                                                                                                                                                                                                                                                                                                                                                                                                                                                                                                                                                                                                                                                                                                                                   
NL921,54930047DA2M85BDII41,"VGZ Euro Geldmarktfonds","ARNHEM",,                                                                                                                                                                                                                                                                                                                                                                                                                                                                                                                                                                                                                                                                                                                                                                                                                                                                                                                                                                         
NL1200963,724500B4004VZT4CFQ23,"VGZ Zorgverzekeraar N.V.","Nieuwe Stationsstraat 12, 6811K, ARNHEM",no-vida,                                                                                                                                                                                                                                                                                                                                                                                                                                                                                                                                                                                                                                                                                                                                                                                                                                                                                                                            
NL1052424,724500LJ6TY3BBN2RM32,"VvAA schadeverzekeringen N.V.","8153, Orteliuslaan 750, 3528B, UTRECHT",no-vida,                                                                                                                                                                                                                                                                                                                                                                                                                                                                                                                                                                                                                                                                                                                                                                                                                                                                                                                        
NL4879672,7245000HKSZJZFYQ7K89,"Waard Schade N.V.","68, Geert Scholtenslaan 11  3e verdieping, 1687C, WOGNUM",no-vida,                                                                                                                                                                                                                                                                                                                                                                                                                                                                                                                                                                                                                                                                                                                                                                                                                                                                                                                  
NL5915256,724500FKN7CD5RM4Q887,"Woningborg N.V.","Tielweg 24, 2803P, GOUDA",no-vida,                                                                                                                                                                                                                                                                                                                                                                                                                                                                                                                                                                                                                                                                                                                                                                                                                                                                                                                                                    
NL2324969,,"Wurttembergische Versicherung AG","Boompjes 57, 3011X, ROTTERDAM",no-vida,DEA3G8I                                                                                                                                                                                                                                                                                                                                                                                                                                                                                                                                                                                                                                                                                                                                                                                                                                                                                                                                           
NL1312668,,"XL Insurance Company SE (NL Branche)","De Cuserstraat 91, 1081 , AMSTERDAM",no-vida,                                                                                                                                                                                                                                                                                                                                                                                                                                                                                                                                                                                                                                                                                                                                                                                                                                                                                                                                        
NL1001072836,724500OJLJ44RQK1BQ87,"Zilveren Kruis Zorgkantoor N.V.","Laan van Malkenschoten 20, 7333N, APELDOORN",no-vida,                                                                                                                                                                                                                                                                                                                                                                                                                                                                                                                                                                                                                                                                                                                                                                                                                                                                                                              
NL2536706,724500UF2OB0JOKVS184,"Zilveren Kruis Zorgverzekeringen N.V.","Dellaertweg 1, 2316 , LEIDEN",no-vida,                                                                                                                                                                                                                                                                                                                                                                                                                                                                                                                                                                                                                                                                                                                                                                                                                                                                                                                          
NL0559156,,"Zurich Insurance Public Limited Company","16999, Prinses Margrietplantsoen 65, 2595B, 'S-GRAVENHAGE",no-vida,                                                                                                                                                                                                                                                                                                                                                                                                                                                                                                                                                                                                                                                                                                                                                                                                                                                                                                               
NL1001396747,,"","",,IECBI00184968                                                                                                                                                                                                                                                                                                                                                                                                                                                                                                                                                                                                                                                                                                                                                                                                                                                                                                                                                                                                      
NL1001367779,,"","",,                                                                                                                                                                                                                                                                                                                                                                                                                                                                                                                                                                                                                                                                                                                                                                                                                                                                                                                                                                                                                   
NL1001565050,7245002S0EM79F7CQR46,"","",,                                                                                                                                                                                                                                                                                                                                                                                                                                                                                                                                                                                                                                                                                                                                                                                                                                                                                                                                                                                               
NL1001079978,724500VBNEB87WEDER79,"","",,                                                                                                                                                                                                                                                                                                                                                                                                                                                                                                                                                                                                                                                                                                                                                                                                                                                                                                                                                                                               
NL1001634606,,"","",,                                                                                                                                                                                                                                                                                                                                                                                                                                                                                                                                                                                                                                                                                                                                                                                                                                                                                                                                                                                                                   
NL1001561646,,"","",,                                                                                                                                                                                                                                                                                                                                                                                                                                                                                                                                                                                                                                                                                                                                                                                                                                                                                                                                                                                                                   
NL1001396508,,"","",,                                                                                                                                                                                                                                                                                                                                                                                                                                                                                                                                                                                                                                                                                                                                                                                                                                                                                                                                                                                                                   
