CÓDIGO EUROPEO,LEI,NOMBRE,NOMBRE DE LA GESTORA,DIRECCIÓN,TIPO DE FONDO DE PENSION,PROMOTOR                                                                                                                                                                                                                                                                                                                                                                                                                                                                                                                                                                                                                                                                                                                                                                                                                                                                                                                                             
PLF2429,259400NJITWY6YMI7U94,"Allianz Plan Emerytalny 2025","Towarzystwo Funduszy Inwestycyjnych Allianz Polska S.A.","ul. Inflancka 4B, 00-18, Warszawa",Defined contributions,,                                                                                                                                                                                                                                                                                                                                                                                                                                                                                                                                                                                                                                                                                                                                                                                                                                                       
PLF2430,25940022RFI5R8F23426,"Allianz Plan Emerytalny 2030","Towarzystwo Funduszy Inwestycyjnych Allianz Polska S.A.","ul. Inflancka 4B, 00-18, Warszawa",Defined contributions,,                                                                                                                                                                                                                                                                                                                                                                                                                                                                                                                                                                                                                                                                                                                                                                                                                                                       
PLF2431,259400QM9VIPL12KK689,"Allianz Plan Emerytalny 2035","Towarzystwo Funduszy Inwestycyjnych Allianz Polska S.A.","ul. Inflancka 4B, 00-18, Warszawa",Defined contributions,,                                                                                                                                                                                                                                                                                                                                                                                                                                                                                                                                                                                                                                                                                                                                                                                                                                                       
PLF2432,259400PECM4BQE73VP15,"Allianz Plan Emerytalny 2040","Towarzystwo Funduszy Inwestycyjnych Allianz Polska S.A.","ul. Inflancka 4B, 00-18, Warszawa",Defined contributions,,                                                                                                                                                                                                                                                                                                                                                                                                                                                                                                                                                                                                                                                                                                                                                                                                                                                       
PLF2433,259400D7LV7INL1PS371,"Allianz Plan Emerytalny 2045","Towarzystwo Funduszy Inwestycyjnych Allianz Polska S.A.","ul. Inflancka 4B, 00-18, Warszawa",Defined contributions,,                                                                                                                                                                                                                                                                                                                                                                                                                                                                                                                                                                                                                                                                                                                                                                                                                                                       
PLF2434,259400871FBG70CVCG79,"Allianz Plan Emerytalny 2050","Towarzystwo Funduszy Inwestycyjnych Allianz Polska S.A.","ul. Inflancka 4B, 00-18, Warszawa",Defined contributions,,                                                                                                                                                                                                                                                                                                                                                                                                                                                                                                                                                                                                                                                                                                                                                                                                                                                       
PLF2435,259400MIF4MM19LYQW77,"Allianz Plan Emerytalny 2055","Towarzystwo Funduszy Inwestycyjnych Allianz Polska S.A.","ul. Inflancka 4B, 00-18, Warszawa",Defined contributions,,                                                                                                                                                                                                                                                                                                                                                                                                                                                                                                                                                                                                                                                                                                                                                                                                                                                       
PLF2436,259400KU0KC1K6DUMN02,"Allianz Plan Emerytalny 2060","Towarzystwo Funduszy Inwestycyjnych Allianz Polska S.A.","ul. Inflancka 4B, 00-18, Warszawa",Defined contributions,,                                                                                                                                                                                                                                                                                                                                                                                                                                                                                                                                                                                                                                                                                                                                                                                                                                                       
PLF2594,259400I4OLSPZPWTGJ06,"Allianz Plan Emerytalny 2065","Towarzystwo Funduszy Inwestycyjnych Allianz Polska S.A.","ul. Inflancka 4B, 00-18, Warszawa",Defined contributions,,                                                                                                                                                                                                                                                                                                                                                                                                                                                                                                                                                                                                                                                                                                                                                                                                                                                       
PLF2774,259400BIY6ZXHYVUVC78,"Allianz Plan Emerytalny 2070","Towarzystwo Funduszy Inwestycyjnych Allianz Polska S.A.","ul. Inflancka 4B, 00-18, Warszawa",Defined contributions,,                                                                                                                                                                                                                                                                                                                                                                                                                                                                                                                                                                                                                                                                                                                                                                                                                                                       
PLFE000016,2594002ASRIB9RA3RD30,"Allianz Polska Dobrowolny Fundusz Emerytalny","Powszechne Towarzystwo Emerytalne Allianz Polska S.A","ul. Rodziny Hiszpańskich 1, 02-68, Warszawa",Defined contributions,,                                                                                                                                                                                                                                                                                                                                                                                                                                                                                                                                                                                                                                                                                                                                                                                                                             
PLFE000008,259400KU7L57X8O6JX12,"Allianz Polska OFE","Powszechne Towarzystwo Emerytalne Allianz Polska S.A","ul. Rodziny Hiszpańskich 1, 02-68, Warszawa",Defined contributions,,                                                                                                                                                                                                                                                                                                                                                                                                                                                                                                                                                                                                                                                                                                                                                                                                                                                       
PLF2491,2594001R1OZ1ACC55T05,"BNP Paribas PPK 2025","BNP Paribas Towarzystwo Funduszy Inwestycyjnych S.A.","ul. Grzybowska 78, 00-84, Warszawa",Defined contributions,,                                                                                                                                                                                                                                                                                                                                                                                                                                                                                                                                                                                                                                                                                                                                                                                                                                                                 
PLF2492,259400316QPT2QXJ0F11,"BNP Paribas PPK 2030","BNP Paribas Towarzystwo Funduszy Inwestycyjnych S.A.","ul. Grzybowska 78, 00-84, Warszawa",Defined contributions,,                                                                                                                                                                                                                                                                                                                                                                                                                                                                                                                                                                                                                                                                                                                                                                                                                                                                 
PLF2493,25940049FCCXOQ4T3227,"BNP Paribas PPK 2035","BNP Paribas Towarzystwo Funduszy Inwestycyjnych S.A.","ul. Grzybowska 78, 00-84, Warszawa",Defined contributions,,                                                                                                                                                                                                                                                                                                                                                                                                                                                                                                                                                                                                                                                                                                                                                                                                                                                                 
PLF2494,259400O1SG8APJQHE906,"BNP Paribas PPK 2040","BNP Paribas Towarzystwo Funduszy Inwestycyjnych S.A.","ul. Grzybowska 78, 00-84, Warszawa",Defined contributions,,                                                                                                                                                                                                                                                                                                                                                                                                                                                                                                                                                                                                                                                                                                                                                                                                                                                                 
PLF2495,259400RFSQOV0VWFK418,"BNP Paribas PPK 2045","BNP Paribas Towarzystwo Funduszy Inwestycyjnych S.A.","ul. Grzybowska 78, 00-84, Warszawa",Defined contributions,,                                                                                                                                                                                                                                                                                                                                                                                                                                                                                                                                                                                                                                                                                                                                                                                                                                                                 
PLF2496,2594000BRBVYGZ5F2Z34,"BNP Paribas PPK 2050","BNP Paribas Towarzystwo Funduszy Inwestycyjnych S.A.","ul. Grzybowska 78, 00-84, Warszawa",Defined contributions,,                                                                                                                                                                                                                                                                                                                                                                                                                                                                                                                                                                                                                                                                                                                                                                                                                                                                 
PLF2497,2594002G0GE3FNW0IL89,"BNP Paribas PPK 2055","BNP Paribas Towarzystwo Funduszy Inwestycyjnych S.A.","ul. Grzybowska 78, 00-84, Warszawa",Defined contributions,,                                                                                                                                                                                                                                                                                                                                                                                                                                                                                                                                                                                                                                                                                                                                                                                                                                                                 
PLF2498,2594007NYFOYD3WFPA90,"BNP Paribas PPK 2060","BNP Paribas Towarzystwo Funduszy Inwestycyjnych S.A.","ul. Grzybowska 78, 00-84, Warszawa",Defined contributions,,                                                                                                                                                                                                                                                                                                                                                                                                                                                                                                                                                                                                                                                                                                                                                                                                                                                                 
PLF2576,259400V30NZFBLBCY678,"BNP Paribas PPK 2065","BNP Paribas Towarzystwo Funduszy Inwestycyjnych S.A.","ul. Grzybowska 78, 00-84, Warszawa",Defined contributions,,                                                                                                                                                                                                                                                                                                                                                                                                                                                                                                                                                                                                                                                                                                                                                                                                                                                                 
PLF2775,259400PGUYH6FPDVL103,"BNP Paribas PPK 2070","BNP Paribas Towarzystwo Funduszy Inwestycyjnych S.A.","ul. Grzybowska 78, 00-84, Warszawa",Defined contributions,,                                                                                                                                                                                                                                                                                                                                                                                                                                                                                                                                                                                                                                                                                                                                                                                                                                                                 
PLFE000015,259400YY4HSG1KUYND15,"Dobrowolny Fundusz Emerytalny Pocztylion Plus","Pocztylion-Arka Powszechne Towarzystwo Emerytalne S.A.","ul. Inflancka 4, 00-18, Warszawa",Defined contributions,,                                                                                                                                                                                                                                                                                                                                                                                                                                                                                                                                                                                                                                                                                                                                                                                                                                     
PLFE000017,259400JF47QE9FJFGD88,"Dobrowolny Fundusz Emerytalny PZU","Powszechne Towarzystwo Emerytalne PZU SA","Rondo Ignacego Daszyńskiego 4, 00-84, Warszawa",Defined contributions,,                                                                                                                                                                                                                                                                                                                                                                                                                                                                                                                                                                                                                                                                                                                                                                                                                                                 
PLF2410,259400UDCPRT3IE21Z79,"Erste PPK 2025","ERSTE Towarzystwo Funduszy Inwestycyjnych S.A.","ul. Wierzbięcice 1a, 61-56, Poznań",Defined contributions,,                                                                                                                                                                                                                                                                                                                                                                                                                                                                                                                                                                                                                                                                                                                                                                                                                                                                             
PLF2411,259400CYADRNVCB1GG48,"Erste PPK 2030","ERSTE Towarzystwo Funduszy Inwestycyjnych S.A.","ul. Wierzbięcice 1a, 61-56, Poznań",Defined contributions,,                                                                                                                                                                                                                                                                                                                                                                                                                                                                                                                                                                                                                                                                                                                                                                                                                                                                             
PLF2412,259400R9N9IB5U0TZS21,"Erste PPK 2035","ERSTE Towarzystwo Funduszy Inwestycyjnych S.A.","ul. Wierzbięcice 1a, 61-56, Poznań",Defined contributions,,                                                                                                                                                                                                                                                                                                                                                                                                                                                                                                                                                                                                                                                                                                                                                                                                                                                                             
PLF2413,259400BPZL6X12RRN885,"Erste PPK 2040","ERSTE Towarzystwo Funduszy Inwestycyjnych S.A.","ul. Wierzbięcice 1a, 61-56, Poznań",Defined contributions,,                                                                                                                                                                                                                                                                                                                                                                                                                                                                                                                                                                                                                                                                                                                                                                                                                                                                             
PLF2414,259400DGTSOPHZ9VK707,"Erste PPK 2045","ERSTE Towarzystwo Funduszy Inwestycyjnych S.A.","ul. Wierzbięcice 1a, 61-56, Poznań",Defined contributions,,                                                                                                                                                                                                                                                                                                                                                                                                                                                                                                                                                                                                                                                                                                                                                                                                                                                                             
PLF2415,259400J7YT14PC0Z6Q40,"Erste PPK 2050","ERSTE Towarzystwo Funduszy Inwestycyjnych S.A.","ul. Wierzbięcice 1a, 61-56, Poznań",Defined contributions,,                                                                                                                                                                                                                                                                                                                                                                                                                                                                                                                                                                                                                                                                                                                                                                                                                                                                             
PLF2416,259400M0WQOAW6WH5K29,"Erste PPK 2055","ERSTE Towarzystwo Funduszy Inwestycyjnych S.A.","ul. Wierzbięcice 1a, 61-56, Poznań",Defined contributions,,                                                                                                                                                                                                                                                                                                                                                                                                                                                                                                                                                                                                                                                                                                                                                                                                                                                                             
PLF2417,259400OQZ7QIVUQIKW65,"Erste PPK 2060","ERSTE Towarzystwo Funduszy Inwestycyjnych S.A.","ul. Wierzbięcice 1a, 61-56, Poznań",Defined contributions,,                                                                                                                                                                                                                                                                                                                                                                                                                                                                                                                                                                                                                                                                                                                                                                                                                                                                             
PLF2595,259400TDWB7GSOWV9225,"Erste PPK 2065","ERSTE Towarzystwo Funduszy Inwestycyjnych S.A.","ul. Wierzbięcice 1a, 61-56, Poznań",Defined contributions,,                                                                                                                                                                                                                                                                                                                                                                                                                                                                                                                                                                                                                                                                                                                                                                                                                                                                             
PLF2770,259400UB2VQL5J4J7T68,"Erste PPK 2070","ERSTE Towarzystwo Funduszy Inwestycyjnych S.A.","ul. Wierzbięcice 1a, 61-56, Poznań",Defined contributions,,                                                                                                                                                                                                                                                                                                                                                                                                                                                                                                                                                                                                                                                                                                                                                                                                                                                                             
PLF2392,259400OFS80UT48FYE92,"Esaliens 2025","Esaliens Towarzystwo Funduszy Inwestycyjnych S.A.","ul. Warecka 11a, 00-03, Warszawa",Defined contributions,,                                                                                                                                                                                                                                                                                                                                                                                                                                                                                                                                                                                                                                                                                                                                                                                                                                                                             
PLF2393,259400BJHPK9P6M88A93,"Esaliens 2030","Esaliens Towarzystwo Funduszy Inwestycyjnych S.A.","ul. Warecka 11a, 00-03, Warszawa",Defined contributions,,                                                                                                                                                                                                                                                                                                                                                                                                                                                                                                                                                                                                                                                                                                                                                                                                                                                                             
PLF2394,259400X37EAB2T53HR16,"Esaliens 2035","Esaliens Towarzystwo Funduszy Inwestycyjnych S.A.","ul. Warecka 11a, 00-03, Warszawa",Defined contributions,,                                                                                                                                                                                                                                                                                                                                                                                                                                                                                                                                                                                                                                                                                                                                                                                                                                                                             
PLF2395,259400L1NVPCJ1O42B07,"Esaliens 2040","Esaliens Towarzystwo Funduszy Inwestycyjnych S.A.","ul. Warecka 11a, 00-03, Warszawa",Defined contributions,,                                                                                                                                                                                                                                                                                                                                                                                                                                                                                                                                                                                                                                                                                                                                                                                                                                                                             
PLF2396,259400F4B26QU5LMEZ82,"Esaliens 2045","Esaliens Towarzystwo Funduszy Inwestycyjnych S.A.","ul. Warecka 11a, 00-03, Warszawa",Defined contributions,,                                                                                                                                                                                                                                                                                                                                                                                                                                                                                                                                                                                                                                                                                                                                                                                                                                                                             
PLF2397,259400UXL27VJOERE821,"Esaliens 2050","Esaliens Towarzystwo Funduszy Inwestycyjnych S.A.","ul. Warecka 11a, 00-03, Warszawa",Defined contributions,,                                                                                                                                                                                                                                                                                                                                                                                                                                                                                                                                                                                                                                                                                                                                                                                                                                                                             
PLF2398,259400LCU5VAG8E05603,"Esaliens 2055","Esaliens Towarzystwo Funduszy Inwestycyjnych S.A.","ul. Warecka 11a, 00-03, Warszawa",Defined contributions,,                                                                                                                                                                                                                                                                                                                                                                                                                                                                                                                                                                                                                                                                                                                                                                                                                                                                             
PLF2399,259400VQKAC14TME5R69,"Esaliens 2060","Esaliens Towarzystwo Funduszy Inwestycyjnych S.A.","ul. Warecka 11a, 00-03, Warszawa",Defined contributions,,                                                                                                                                                                                                                                                                                                                                                                                                                                                                                                                                                                                                                                                                                                                                                                                                                                                                             
PLF2592,259400V1739UBO9CM658,"Esaliens 2065","Esaliens Towarzystwo Funduszy Inwestycyjnych S.A.","ul. Warecka 11a, 00-03, Warszawa",Defined contributions,,                                                                                                                                                                                                                                                                                                                                                                                                                                                                                                                                                                                                                                                                                                                                                                                                                                                                             
PLF2772,259400N61IC0VA4OWK28,"Esaliens 2070","Esaliens Towarzystwo Funduszy Inwestycyjnych S.A.","ul. Warecka 11a, 00-03, Warszawa",Defined contributions,,                                                                                                                                                                                                                                                                                                                                                                                                                                                                                                                                                                                                                                                                                                                                                                                                                                                                             
PLFE000011,2594002LZXU6D39K5L69,"Generali Dobrowolny Fundusz Emerytalny","Generali Powszechne Towarzystwo Emerytalne S.A.","ul. Senatorska 18, 00-08, Warszawa",Defined contributions,,                                                                                                                                                                                                                                                                                                                                                                                                                                                                                                                                                                                                                                                                                                                                                                                                                                                 
PLF2401,259400LOCAZ6EWX1KD72,"Generali Horyzont 2025","Generali Investments Towarzystwo Funduszy Inwestycyjnych S.A.","ul. Senatorska 18, 00-08, Warszawa",Defined contributions,,                                                                                                                                                                                                                                                                                                                                                                                                                                                                                                                                                                                                                                                                                                                                                                                                                                                      
PLF2402,259400E2GGQZ946XPK83,"Generali Horyzont 2030","Generali Investments Towarzystwo Funduszy Inwestycyjnych S.A.","ul. Senatorska 18, 00-08, Warszawa",Defined contributions,,                                                                                                                                                                                                                                                                                                                                                                                                                                                                                                                                                                                                                                                                                                                                                                                                                                                      
PLF2403,259400IOJKESUR8QC116,"Generali Horyzont 2035","Generali Investments Towarzystwo Funduszy Inwestycyjnych S.A.","ul. Senatorska 18, 00-08, Warszawa",Defined contributions,,                                                                                                                                                                                                                                                                                                                                                                                                                                                                                                                                                                                                                                                                                                                                                                                                                                                      
PLF2404,2594001XEZ3HY3V5OM09,"Generali Horyzont 2040","Generali Investments Towarzystwo Funduszy Inwestycyjnych S.A.","ul. Senatorska 18, 00-08, Warszawa",Defined contributions,,                                                                                                                                                                                                                                                                                                                                                                                                                                                                                                                                                                                                                                                                                                                                                                                                                                                      
PLF2405,259400USR8I1WS8MW648,"Generali Horyzont 2045","Generali Investments Towarzystwo Funduszy Inwestycyjnych S.A.","ul. Senatorska 18, 00-08, Warszawa",Defined contributions,,                                                                                                                                                                                                                                                                                                                                                                                                                                                                                                                                                                                                                                                                                                                                                                                                                                                      
PLF2406,2594009T2OO9WV1CKA96,"Generali Horyzont 2050","Generali Investments Towarzystwo Funduszy Inwestycyjnych S.A.","ul. Senatorska 18, 00-08, Warszawa",Defined contributions,,                                                                                                                                                                                                                                                                                                                                                                                                                                                                                                                                                                                                                                                                                                                                                                                                                                                      
PLF2407,259400RRNPXRSQDO3I94,"Generali Horyzont 2055","Generali Investments Towarzystwo Funduszy Inwestycyjnych S.A.","ul. Senatorska 18, 00-08, Warszawa",Defined contributions,,                                                                                                                                                                                                                                                                                                                                                                                                                                                                                                                                                                                                                                                                                                                                                                                                                                                      
PLF2408,259400QAGP5H7W6J8008,"Generali Horyzont 2060","Generali Investments Towarzystwo Funduszy Inwestycyjnych S.A.","ul. Senatorska 18, 00-08, Warszawa",Defined contributions,,                                                                                                                                                                                                                                                                                                                                                                                                                                                                                                                                                                                                                                                                                                                                                                                                                                                      
PLF2590,2594002DB80093WRIM94,"Generali Horyzont 2065","Generali Investments Towarzystwo Funduszy Inwestycyjnych S.A.","ul. Senatorska 18, 00-08, Warszawa",Defined contributions,,                                                                                                                                                                                                                                                                                                                                                                                                                                                                                                                                                                                                                                                                                                                                                                                                                                                      
PLF2765,2594007Q6VFCLLX9C389,"Generali Horyzont 2070","Generali Investments Towarzystwo Funduszy Inwestycyjnych S.A.","ul. Senatorska 18, 00-08, Warszawa",Defined contributions,,                                                                                                                                                                                                                                                                                                                                                                                                                                                                                                                                                                                                                                                                                                                                                                                                                                                      
PLFE000004,259400FE8XJX6HGT6D46,"Generali OFE","Generali Powszechne Towarzystwo Emerytalne S.A.","ul. Senatorska 18, 00-08, Warszawa",Defined contributions,,                                                                                                                                                                                                                                                                                                                                                                                                                                                                                                                                                                                                                                                                                                                                                                                                                                                                           
PLF2465,259400WFCQ85NGGVFE62,"ING Subfundusz Emerytura 2025","ING Towarzystwo Funduszy Inwestycyjnych S.A.","ul. Puławska 2, 02-56, Warszawa",Defined contributions,,                                                                                                                                                                                                                                                                                                                                                                                                                                                                                                                                                                                                                                                                                                                                                                                                                                                                   
PLF2464,259400YT9SQ8HAFCPK79,"ING Subfundusz Emerytura 2030","ING Towarzystwo Funduszy Inwestycyjnych S.A.","ul. Puławska 2, 02-56, Warszawa",Defined contributions,,                                                                                                                                                                                                                                                                                                                                                                                                                                                                                                                                                                                                                                                                                                                                                                                                                                                                   
PLF2463,259400SMWRV2AJP83G75,"ING Subfundusz Emerytura 2035","ING Towarzystwo Funduszy Inwestycyjnych S.A.","ul. Puławska 2, 02-56, Warszawa",Defined contributions,,                                                                                                                                                                                                                                                                                                                                                                                                                                                                                                                                                                                                                                                                                                                                                                                                                                                                   
PLF2462,259400QJ3U8X8UVFE815,"ING Subfundusz Emerytura 2040","ING Towarzystwo Funduszy Inwestycyjnych S.A.","ul. Puławska 2, 02-56, Warszawa",Defined contributions,,                                                                                                                                                                                                                                                                                                                                                                                                                                                                                                                                                                                                                                                                                                                                                                                                                                                                   
PLF2461,259400O9QOLZ3AUK4K48,"ING Subfundusz Emerytura 2045","ING Towarzystwo Funduszy Inwestycyjnych S.A.","ul. Puławska 2, 02-56, Warszawa",Defined contributions,,                                                                                                                                                                                                                                                                                                                                                                                                                                                                                                                                                                                                                                                                                                                                                                                                                                                                   
PLF2460,2594001BGSHBRTEIOM50,"ING Subfundusz Emerytura 2050","ING Towarzystwo Funduszy Inwestycyjnych S.A.","ul. Puławska 2, 02-56, Warszawa",Defined contributions,,                                                                                                                                                                                                                                                                                                                                                                                                                                                                                                                                                                                                                                                                                                                                                                                                                                                                   
PLF2459,259400Y95L057Q08L397,"ING Subfundusz Emerytura 2055","ING Towarzystwo Funduszy Inwestycyjnych S.A.","ul. Puławska 2, 02-56, Warszawa",Defined contributions,,                                                                                                                                                                                                                                                                                                                                                                                                                                                                                                                                                                                                                                                                                                                                                                                                                                                                   
PLF2458,2594007UOV6VADYG8W22,"ING Subfundusz Emerytura 2060","ING Towarzystwo Funduszy Inwestycyjnych S.A.","ul. Puławska 2, 02-56, Warszawa",Defined contributions,,                                                                                                                                                                                                                                                                                                                                                                                                                                                                                                                                                                                                                                                                                                                                                                                                                                                                   
PLF2582,2594005QQQSOMKWD4R50,"ING Subfundusz Emerytura 2065","ING Towarzystwo Funduszy Inwestycyjnych S.A.","ul. Puławska 2, 02-56, Warszawa",Defined contributions,,                                                                                                                                                                                                                                                                                                                                                                                                                                                                                                                                                                                                                                                                                                                                                                                                                                                                   
PLF2776,259400OSVCBQVNDKI592,"ING Subfundusz Emerytura 2070","ING Towarzystwo Funduszy Inwestycyjnych S.A.","ul. Puławska 2, 02-56, Warszawa",Defined contributions,,                                                                                                                                                                                                                                                                                                                                                                                                                                                                                                                                                                                                                                                                                                                                                                                                                                                                   
PLF2449,259400RMD05JI4RHDC10,"Investor PPK 2025","Investors Towarzystwo Funduszy Inwestycyjnych S.A.","ul. Mokotowska 1, 00-64, Warszawa",Defined contributions,,                                                                                                                                                                                                                                                                                                                                                                                                                                                                                                                                                                                                                                                                                                                                                                                                                                                                       
PLF2450,259400EF7WQEW6QJNZ21,"Investor PPK 2030","Investors Towarzystwo Funduszy Inwestycyjnych S.A.","ul. Mokotowska 1, 00-64, Warszawa",Defined contributions,,                                                                                                                                                                                                                                                                                                                                                                                                                                                                                                                                                                                                                                                                                                                                                                                                                                                                       
PLF2451,259400OZUIQY4YJ61683,"Investor PPK 2035","Investors Towarzystwo Funduszy Inwestycyjnych S.A.","ul. Mokotowska 1, 00-64, Warszawa",Defined contributions,,                                                                                                                                                                                                                                                                                                                                                                                                                                                                                                                                                                                                                                                                                                                                                                                                                                                                       
PLF2452,259400JLJGIKY3GEWY30,"Investor PPK 2040","Investors Towarzystwo Funduszy Inwestycyjnych S.A.","ul. Mokotowska 1, 00-64, Warszawa",Defined contributions,,                                                                                                                                                                                                                                                                                                                                                                                                                                                                                                                                                                                                                                                                                                                                                                                                                                                                       
PLF2453,2594007QAY54B92MJA91,"Investor PPK 2045","Investors Towarzystwo Funduszy Inwestycyjnych S.A.","ul. Mokotowska 1, 00-64, Warszawa",Defined contributions,,                                                                                                                                                                                                                                                                                                                                                                                                                                                                                                                                                                                                                                                                                                                                                                                                                                                                       
PLF2454,259400BZRTLD3AJXCR69,"Investor PPK 2050","Investors Towarzystwo Funduszy Inwestycyjnych S.A.","ul. Mokotowska 1, 00-64, Warszawa",Defined contributions,,                                                                                                                                                                                                                                                                                                                                                                                                                                                                                                                                                                                                                                                                                                                                                                                                                                                                       
PLF2455,259400FXK1Z1H45ZYO77,"Investor PPK 2055","Investors Towarzystwo Funduszy Inwestycyjnych S.A.","ul. Mokotowska 1, 00-64, Warszawa",Defined contributions,,                                                                                                                                                                                                                                                                                                                                                                                                                                                                                                                                                                                                                                                                                                                                                                                                                                                                       
PLF2456,259400C31M00CUQ6GC93,"Investor PPK 2060","Investors Towarzystwo Funduszy Inwestycyjnych S.A.","ul. Mokotowska 1, 00-64, Warszawa",Defined contributions,,                                                                                                                                                                                                                                                                                                                                                                                                                                                                                                                                                                                                                                                                                                                                                                                                                                                                       
PLF2577,259400105OYZLDZPMZ69,"Investor PPK 2065","Investors Towarzystwo Funduszy Inwestycyjnych S.A.","ul. Mokotowska 1, 00-64, Warszawa",Defined contributions,,                                                                                                                                                                                                                                                                                                                                                                                                                                                                                                                                                                                                                                                                                                                                                                                                                                                                       
PLF2769,259400NBI36V93FU9I98,"Investor PPK 2070","Investors Towarzystwo Funduszy Inwestycyjnych S.A.","ul. Mokotowska 1, 00-64, Warszawa",Defined contributions,,                                                                                                                                                                                                                                                                                                                                                                                                                                                                                                                                                                                                                                                                                                                                                                                                                                                                       
PLFE000028,259400B37XBUOWJMY689,"Nationale-Nederlanden DFE Nasze Jutro 2025","Nationale-Nederlanden Powszechne Towarzystwo Emerytalne S.A.","ul. Topiel 12, 00-34, Warszawa",Defined contributions,,                                                                                                                                                                                                                                                                                                                                                                                                                                                                                                                                                                                                                                                                                                                                                                                                                                    
PLFE000029,2594004PT19MV05LN587,"Nationale-Nederlanden DFE Nasze Jutro 2030","Nationale-Nederlanden Powszechne Towarzystwo Emerytalne S.A.","ul. Topiel 12, 00-34, Warszawa",Defined contributions,,                                                                                                                                                                                                                                                                                                                                                                                                                                                                                                                                                                                                                                                                                                                                                                                                                                    
PLFE000030,259400O8EFP481EC3J29,"Nationale-Nederlanden DFE Nasze Jutro 2035","Nationale-Nederlanden Powszechne Towarzystwo Emerytalne S.A.","ul. Topiel 12, 00-34, Warszawa",Defined contributions,,                                                                                                                                                                                                                                                                                                                                                                                                                                                                                                                                                                                                                                                                                                                                                                                                                                    
PLFE000031,259400OSS5SE6QY5G148,"Nationale-Nederlanden DFE Nasze Jutro 2040","Nationale-Nederlanden Powszechne Towarzystwo Emerytalne S.A.","ul. Topiel 12, 00-34, Warszawa",Defined contributions,,                                                                                                                                                                                                                                                                                                                                                                                                                                                                                                                                                                                                                                                                                                                                                                                                                                    
PLFE000032,2594005GS9F8D8JKPX26,"Nationale-Nederlanden DFE Nasze Jutro 2045","Nationale-Nederlanden Powszechne Towarzystwo Emerytalne S.A.","ul. Topiel 12, 00-34, Warszawa",Defined contributions,,                                                                                                                                                                                                                                                                                                                                                                                                                                                                                                                                                                                                                                                                                                                                                                                                                                    
PLFE000033,259400CWUFXYLW3MFV17,"Nationale-Nederlanden DFE Nasze Jutro 2050","Nationale-Nederlanden Powszechne Towarzystwo Emerytalne S.A.","ul. Topiel 12, 00-34, Warszawa",Defined contributions,,                                                                                                                                                                                                                                                                                                                                                                                                                                                                                                                                                                                                                                                                                                                                                                                                                                    
PLFE000034,259400UHKVQO28Q48368,"Nationale-Nederlanden DFE Nasze Jutro 2055","Nationale-Nederlanden Powszechne Towarzystwo Emerytalne S.A.","ul. Topiel 12, 00-34, Warszawa",Defined contributions,,                                                                                                                                                                                                                                                                                                                                                                                                                                                                                                                                                                                                                                                                                                                                                                                                                                    
PLFE000035,259400P8WR52Z9E14580,"Nationale-Nederlanden DFE Nasze Jutro 2060","Nationale-Nederlanden Powszechne Towarzystwo Emerytalne S.A.","ul. Topiel 12, 00-34, Warszawa",Defined contributions,,                                                                                                                                                                                                                                                                                                                                                                                                                                                                                                                                                                                                                                                                                                                                                                                                                                    
PLFE000135,259400UFTN04OG7O9697,"Nationale-Nederlanden DFE Nasze Jutro 2065","Nationale-Nederlanden Powszechne Towarzystwo Emerytalne S.A.","ul. Topiel 12, 00-34, Warszawa",Defined contributions,,                                                                                                                                                                                                                                                                                                                                                                                                                                                                                                                                                                                                                                                                                                                                                                                                                                    
PLFE000144,259400Y1Q8SG32LIC873,"Nationale-Nederlanden DFE Nasze Jutro 2070","Nationale-Nederlanden Powszechne Towarzystwo Emerytalne S.A.","ul. Topiel 12, 00-34, Warszawa",Defined contributions,,                                                                                                                                                                                                                                                                                                                                                                                                                                                                                                                                                                                                                                                                                                                                                                                                                                    
PLFE000013,259400E15LM1TD16TF33,"Nationale-Nederlanden Dobrowolny Fundusz Emerytalny","Nationale-Nederlanden Powszechne Towarzystwo Emerytalne S.A.","ul. Topiel 12, 00-34, Warszawa",Defined contributions,,                                                                                                                                                                                                                                                                                                                                                                                                                                                                                                                                                                                                                                                                                                                                                                                                                           
PLFE000006,259400XSATZX1SG3V568,"Nationale-Nederlanden OFE","Nationale-Nederlanden Powszechne Towarzystwo Emerytalne S.A.","ul. Topiel 12, 00-34, Warszawa",Defined contributions,,                                                                                                                                                                                                                                                                                                                                                                                                                                                                                                                                                                                                                                                                                                                                                                                                                                                     
PLFE000010,259400IBZ9FQ7E42BH03,"OFE Pocztylion","Pocztylion-Arka Powszechne Towarzystwo Emerytalne S.A.","ul. Inflancka 4, 00-18, Warszawa",Defined contributions,,                                                                                                                                                                                                                                                                                                                                                                                                                                                                                                                                                                                                                                                                                                                                                                                                                                                                    
PLFE000009,2594009UWJPHTT9GTV46,"OFE PZU 'Złota Jesień'","Powszechne Towarzystwo Emerytalne PZU SA","Rondo Ignacego Daszyńskiego 4, 00-84, Warszawa",Defined contributions,,                                                                                                                                                                                                                                                                                                                                                                                                                                                                                                                                                                                                                                                                                                                                                                                                                                                            
PLF2517,2594009E6LPO3SYIPQ63,"Pekao PPK 2020 Spokojne Jutro","Pekao Towarzystwo Funduszy Inwestycyjnych S.A.","ul. Żubra 1, 01-06, Warszawa",Defined contributions,,                                                                                                                                                                                                                                                                                                                                                                                                                                                                                                                                                                                                                                                                                                                                                                                                                                                                    
PLF2467,259400UA6WQMA84G7M72,"Pekao PPK 2025","Pekao Towarzystwo Funduszy Inwestycyjnych S.A.","ul. Żubra 1, 01-06, Warszawa",Defined contributions,,                                                                                                                                                                                                                                                                                                                                                                                                                                                                                                                                                                                                                                                                                                                                                                                                                                                                                   
PLF2468,259400IYV5AS5LAA8F69,"Pekao PPK 2030","Pekao Towarzystwo Funduszy Inwestycyjnych S.A.","ul. Żubra 1, 01-06, Warszawa",Defined contributions,,                                                                                                                                                                                                                                                                                                                                                                                                                                                                                                                                                                                                                                                                                                                                                                                                                                                                                   
PLF2469,259400LV4ECAGCQOVP14,"Pekao PPK 2035","Pekao Towarzystwo Funduszy Inwestycyjnych S.A.","ul. Żubra 1, 01-06, Warszawa",Defined contributions,,                                                                                                                                                                                                                                                                                                                                                                                                                                                                                                                                                                                                                                                                                                                                                                                                                                                                                   
PLF2470,2594002DIBXQNGX3UU02,"Pekao PPK 2040","Pekao Towarzystwo Funduszy Inwestycyjnych S.A.","ul. Żubra 1, 01-06, Warszawa",Defined contributions,,                                                                                                                                                                                                                                                                                                                                                                                                                                                                                                                                                                                                                                                                                                                                                                                                                                                                                   
PLF2471,259400JCSU8O0AFMZY76,"Pekao PPK 2045","Pekao Towarzystwo Funduszy Inwestycyjnych S.A.","ul. Żubra 1, 01-06, Warszawa",Defined contributions,,                                                                                                                                                                                                                                                                                                                                                                                                                                                                                                                                                                                                                                                                                                                                                                                                                                                                                   
PLF2472,259400G8P7GOCF7VQ159,"Pekao PPK 2050","Pekao Towarzystwo Funduszy Inwestycyjnych S.A.","ul. Żubra 1, 01-06, Warszawa",Defined contributions,,                                                                                                                                                                                                                                                                                                                                                                                                                                                                                                                                                                                                                                                                                                                                                                                                                                                                                   
PLF2473,259400H1NLIEM3435G43,"Pekao PPK 2055","Pekao Towarzystwo Funduszy Inwestycyjnych S.A.","ul. Żubra 1, 01-06, Warszawa",Defined contributions,,                                                                                                                                                                                                                                                                                                                                                                                                                                                                                                                                                                                                                                                                                                                                                                                                                                                                                   
PLF2474,259400MFB3ANCDBM8880,"Pekao PPK 2060","Pekao Towarzystwo Funduszy Inwestycyjnych S.A.","ul. Żubra 1, 01-06, Warszawa",Defined contributions,,                                                                                                                                                                                                                                                                                                                                                                                                                                                                                                                                                                                                                                                                                                                                                                                                                                                                                   
PLF2475,259400UIBZGX5DR8MD84,"Pekao PPK 2065","Pekao Towarzystwo Funduszy Inwestycyjnych S.A.","ul. Żubra 1, 01-06, Warszawa",Defined contributions,,                                                                                                                                                                                                                                                                                                                                                                                                                                                                                                                                                                                                                                                                                                                                                                                                                                                                                   
PLF2778,259400KVEEMNQL8PFC25,"Pekao PPK 2070","Pekao Towarzystwo Funduszy Inwestycyjnych S.A.","ul. Żubra 1, 01-06, Warszawa",Defined contributions,,                                                                                                                                                                                                                                                                                                                                                                                                                                                                                                                                                                                                                                                                                                                                                                                                                                                                                   
PLF2420,259400LHMYHXTFQLNO73,"PFR PPK 2025","PFR Towarzystwo Funduszy Inwestycyjnych S.A.","ul. Krucza 50, 00-02, Warszawa",Defined contributions,,                                                                                                                                                                                                                                                                                                                                                                                                                                                                                                                                                                                                                                                                                                                                                                                                                                                                                     
PLF2421,2594005PQRJZWVM44228,"PFR PPK 2030","PFR Towarzystwo Funduszy Inwestycyjnych S.A.","ul. Krucza 50, 00-02, Warszawa",Defined contributions,,                                                                                                                                                                                                                                                                                                                                                                                                                                                                                                                                                                                                                                                                                                                                                                                                                                                                                     
PLF2422,25940050UPLJ045P0504,"PFR PPK 2035","PFR Towarzystwo Funduszy Inwestycyjnych S.A.","ul. Krucza 50, 00-02, Warszawa",Defined contributions,,                                                                                                                                                                                                                                                                                                                                                                                                                                                                                                                                                                                                                                                                                                                                                                                                                                                                                     
PLF2423,259400C159QZQ972L430,"PFR PPK 2040","PFR Towarzystwo Funduszy Inwestycyjnych S.A.","ul. Krucza 50, 00-02, Warszawa",Defined contributions,,                                                                                                                                                                                                                                                                                                                                                                                                                                                                                                                                                                                                                                                                                                                                                                                                                                                                                     
PLF2424,2594008YC0CYALSYYB05,"PFR PPK 2045","PFR Towarzystwo Funduszy Inwestycyjnych S.A.","ul. Krucza 50, 00-02, Warszawa",Defined contributions,,                                                                                                                                                                                                                                                                                                                                                                                                                                                                                                                                                                                                                                                                                                                                                                                                                                                                                     
PLF2425,259400XVK5DNJG9RAY65,"PFR PPK 2050","PFR Towarzystwo Funduszy Inwestycyjnych S.A.","ul. Krucza 50, 00-02, Warszawa",Defined contributions,,                                                                                                                                                                                                                                                                                                                                                                                                                                                                                                                                                                                                                                                                                                                                                                                                                                                                                     
PLF2426,259400IJ1UOI9T5RC967,"PFR PPK 2055","PFR Towarzystwo Funduszy Inwestycyjnych S.A.","ul. Krucza 50, 00-02, Warszawa",Defined contributions,,                                                                                                                                                                                                                                                                                                                                                                                                                                                                                                                                                                                                                                                                                                                                                                                                                                                                                     
PLF2427,2594004TAUFBB2UI8525,"PFR PPK 2060","PFR Towarzystwo Funduszy Inwestycyjnych S.A.","ul. Krucza 50, 00-02, Warszawa",Defined contributions,,                                                                                                                                                                                                                                                                                                                                                                                                                                                                                                                                                                                                                                                                                                                                                                                                                                                                                     
PLF2588,259400JHSH2APNP76K75,"PFR PPK 2065","PFR Towarzystwo Funduszy Inwestycyjnych S.A.","ul. Krucza 50, 00-02, Warszawa",Defined contributions,,                                                                                                                                                                                                                                                                                                                                                                                                                                                                                                                                                                                                                                                                                                                                                                                                                                                                                     
PLF2766,259400W6O966JZ3QUC45,"PFR PPK 2070","PFR Towarzystwo Funduszy Inwestycyjnych S.A.","ul. Krucza 50, 00-02, Warszawa",Defined contributions,,                                                                                                                                                                                                                                                                                                                                                                                                                                                                                                                                                                                                                                                                                                                                                                                                                                                                                     
PLFE000007,259400I5CZKJVEBCFX90,"PKO BP Bankowy OFE","PKO BP BANKOWY Powszechne Towarzystwo Emerytalne S.A.","ul. Chłodna 52, 00-87, Warszawa",Defined contributions,,                                                                                                                                                                                                                                                                                                                                                                                                                                                                                                                                                                                                                                                                                                                                                                                                                                                                  
PLFE000014,2594001G440WXOVC0W40,"PKO Dobrowolny Fundusz Emerytalny","PKO BP BANKOWY Powszechne Towarzystwo Emerytalne S.A.","ul. Chłodna 52, 00-87, Warszawa",Defined contributions,,                                                                                                                                                                                                                                                                                                                                                                                                                                                                                                                                                                                                                                                                                                                                                                                                                                                   
PLF2374,259400MZWPP0DEG34W73,"PKO EMERYTURA 2025","PKO Towarzystwo Funduszy Inwestycyjnych S.A.","ul. Świętokrzyska 36, 00-11, Warszawa",Defined contributions,,                                                                                                                                                                                                                                                                                                                                                                                                                                                                                                                                                                                                                                                                                                                                                                                                                                                                        
PLF2375,259400MOM0L0HHW3LC37,"PKO EMERYTURA 2030","PKO Towarzystwo Funduszy Inwestycyjnych S.A.","ul. Świętokrzyska 36, 00-11, Warszawa",Defined contributions,,                                                                                                                                                                                                                                                                                                                                                                                                                                                                                                                                                                                                                                                                                                                                                                                                                                                                        
PLF2376,259400DR5E105EJ8A897,"PKO EMERYTURA 2035","PKO Towarzystwo Funduszy Inwestycyjnych S.A.","ul. Świętokrzyska 36, 00-11, Warszawa",Defined contributions,,                                                                                                                                                                                                                                                                                                                                                                                                                                                                                                                                                                                                                                                                                                                                                                                                                                                                        
PLF2377,2594007NR40EVNRTO503,"PKO EMERYTURA 2040","PKO Towarzystwo Funduszy Inwestycyjnych S.A.","ul. Świętokrzyska 36, 00-11, Warszawa",Defined contributions,,                                                                                                                                                                                                                                                                                                                                                                                                                                                                                                                                                                                                                                                                                                                                                                                                                                                                        
PLF2378,2594009GLNN8X9WD0U33,"PKO EMERYTURA 2045","PKO Towarzystwo Funduszy Inwestycyjnych S.A.","ul. Świętokrzyska 36, 00-11, Warszawa",Defined contributions,,                                                                                                                                                                                                                                                                                                                                                                                                                                                                                                                                                                                                                                                                                                                                                                                                                                                                        
PLF2379,2594009THCJUOWI1QK54,"PKO EMERYTURA 2050","PKO Towarzystwo Funduszy Inwestycyjnych S.A.","ul. Świętokrzyska 36, 00-11, Warszawa",Defined contributions,,                                                                                                                                                                                                                                                                                                                                                                                                                                                                                                                                                                                                                                                                                                                                                                                                                                                                        
PLF2380,259400Y6TTK8AIHONL08,"PKO EMERYTURA 2055","PKO Towarzystwo Funduszy Inwestycyjnych S.A.","ul. Świętokrzyska 36, 00-11, Warszawa",Defined contributions,,                                                                                                                                                                                                                                                                                                                                                                                                                                                                                                                                                                                                                                                                                                                                                                                                                                                                        
PLF2381,25940085WOJG580XE547,"PKO EMERYTURA 2060","PKO Towarzystwo Funduszy Inwestycyjnych S.A.","ul. Świętokrzyska 36, 00-11, Warszawa",Defined contributions,,                                                                                                                                                                                                                                                                                                                                                                                                                                                                                                                                                                                                                                                                                                                                                                                                                                                                        
PLF2591,25940087UC2SQIKEBI35,"PKO EMERYTURA 2065","PKO Towarzystwo Funduszy Inwestycyjnych S.A.","ul. Świętokrzyska 36, 00-11, Warszawa",Defined contributions,,                                                                                                                                                                                                                                                                                                                                                                                                                                                                                                                                                                                                                                                                                                                                                                                                                                                                        
PLF2768,259400896YFTHXY0J095,"PKO EMERYTURA 2070","PKO Towarzystwo Funduszy Inwestycyjnych S.A.","ul. Świętokrzyska 36, 00-11, Warszawa",Defined contributions,,                                                                                                                                                                                                                                                                                                                                                                                                                                                                                                                                                                                                                                                                                                                                                                                                                                                                        
PLF2383,2594009LOBXMY1YHV314,"PPK inPZU 2025","Towarzystwo Funduszy Inwestycyjnych PZU S.A.","Rondo Ignacego Daszyńskiego 4, 00-84, Warszawa",Defined contributions,,                                                                                                                                                                                                                                                                                                                                                                                                                                                                                                                                                                                                                                                                                                                                                                                                                                                                   
PLF2384,259400QEAN78TROHD968,"PPK inPZU 2030","Towarzystwo Funduszy Inwestycyjnych PZU S.A.","Rondo Ignacego Daszyńskiego 4, 00-84, Warszawa",Defined contributions,,                                                                                                                                                                                                                                                                                                                                                                                                                                                                                                                                                                                                                                                                                                                                                                                                                                                                   
PLF2385,2594004GZA01BYI0EF56,"PPK inPZU 2035","Towarzystwo Funduszy Inwestycyjnych PZU S.A.","Rondo Ignacego Daszyńskiego 4, 00-84, Warszawa",Defined contributions,,                                                                                                                                                                                                                                                                                                                                                                                                                                                                                                                                                                                                                                                                                                                                                                                                                                                                   
PLF2386,259400THKTFZLG4MUX03,"PPK inPZU 2040","Towarzystwo Funduszy Inwestycyjnych PZU S.A.","Rondo Ignacego Daszyńskiego 4, 00-84, Warszawa",Defined contributions,,                                                                                                                                                                                                                                                                                                                                                                                                                                                                                                                                                                                                                                                                                                                                                                                                                                                                   
PLF2387,2594005723MF2WTPDU40,"PPK inPZU 2045","Towarzystwo Funduszy Inwestycyjnych PZU S.A.","Rondo Ignacego Daszyńskiego 4, 00-84, Warszawa",Defined contributions,,                                                                                                                                                                                                                                                                                                                                                                                                                                                                                                                                                                                                                                                                                                                                                                                                                                                                   
PLF2388,259400NJ9T3HJF976M37,"PPK inPZU 2050","Towarzystwo Funduszy Inwestycyjnych PZU S.A.","Rondo Ignacego Daszyńskiego 4, 00-84, Warszawa",Defined contributions,,                                                                                                                                                                                                                                                                                                                                                                                                                                                                                                                                                                                                                                                                                                                                                                                                                                                                   
PLF2389,259400CYIRHHC6UGWT81,"PPK inPZU 2055","Towarzystwo Funduszy Inwestycyjnych PZU S.A.","Rondo Ignacego Daszyńskiego 4, 00-84, Warszawa",Defined contributions,,                                                                                                                                                                                                                                                                                                                                                                                                                                                                                                                                                                                                                                                                                                                                                                                                                                                                   
PLF2390,259400SEI81SMPNM2W65,"PPK inPZU 2060","Towarzystwo Funduszy Inwestycyjnych PZU S.A.","Rondo Ignacego Daszyńskiego 4, 00-84, Warszawa",Defined contributions,,                                                                                                                                                                                                                                                                                                                                                                                                                                                                                                                                                                                                                                                                                                                                                                                                                                                                   
PLF2587,259400SHL2LKL21KA347,"PPK inPZU 2065","Towarzystwo Funduszy Inwestycyjnych PZU S.A.","Rondo Ignacego Daszyńskiego 4, 00-84, Warszawa",Defined contributions,,                                                                                                                                                                                                                                                                                                                                                                                                                                                                                                                                                                                                                                                                                                                                                                                                                                                                   
PLF2767,25940067KF1GZJTOVW89,"PPK inPZU 2070","Towarzystwo Funduszy Inwestycyjnych PZU S.A.","Rondo Ignacego Daszyńskiego 4, 00-84, Warszawa",Defined contributions,,                                                                                                                                                                                                                                                                                                                                                                                                                                                                                                                                                                                                                                                                                                                                                                                                                                                                   
PLFE000036,259400CO4L9AQKQ2J689,"PPK Pocztylion 2025 DFE","Pocztylion-Arka Powszechne Towarzystwo Emerytalne S.A.","ul. Inflancka 4, 00-18, Warszawa",Defined contributions,,                                                                                                                                                                                                                                                                                                                                                                                                                                                                                                                                                                                                                                                                                                                                                                                                                                                           
PLFE000037,25940020TSRA2I16QE54,"PPK Pocztylion 2030 DFE","Pocztylion-Arka Powszechne Towarzystwo Emerytalne S.A.","ul. Inflancka 4, 00-18, Warszawa",Defined contributions,,                                                                                                                                                                                                                                                                                                                                                                                                                                                                                                                                                                                                                                                                                                                                                                                                                                                           
PLFE000038,259400RJFT22IKJQ1S14,"PPK Pocztylion 2035 DFE","Pocztylion-Arka Powszechne Towarzystwo Emerytalne S.A.","ul. Inflancka 4, 00-18, Warszawa",Defined contributions,,                                                                                                                                                                                                                                                                                                                                                                                                                                                                                                                                                                                                                                                                                                                                                                                                                                                           
PLFE000039,2594009I37MZ0OZIZ202,"PPK Pocztylion 2040 DFE","Pocztylion-Arka Powszechne Towarzystwo Emerytalne S.A.","ul. Inflancka 4, 00-18, Warszawa",Defined contributions,,                                                                                                                                                                                                                                                                                                                                                                                                                                                                                                                                                                                                                                                                                                                                                                                                                                                           
PLFE000040,259400VU4P4ZHCTBXC70,"PPK Pocztylion 2045 DFE","Pocztylion-Arka Powszechne Towarzystwo Emerytalne S.A.","ul. Inflancka 4, 00-18, Warszawa",Defined contributions,,                                                                                                                                                                                                                                                                                                                                                                                                                                                                                                                                                                                                                                                                                                                                                                                                                                                           
PLFE000041,259400IRDV4PFBHNOQ74,"PPK Pocztylion 2050 DFE","Pocztylion-Arka Powszechne Towarzystwo Emerytalne S.A.","ul. Inflancka 4, 00-18, Warszawa",Defined contributions,,                                                                                                                                                                                                                                                                                                                                                                                                                                                                                                                                                                                                                                                                                                                                                                                                                                                           
PLFE000042,259400PJ5GS1BGWYPC92,"PPK Pocztylion 2055 DFE","Pocztylion-Arka Powszechne Towarzystwo Emerytalne S.A.","ul. Inflancka 4, 00-18, Warszawa",Defined contributions,,                                                                                                                                                                                                                                                                                                                                                                                                                                                                                                                                                                                                                                                                                                                                                                                                                                                           
PLFE000043,259400PX0L9ZMVU4KX85,"PPK Pocztylion 2060 DFE","Pocztylion-Arka Powszechne Towarzystwo Emerytalne S.A.","ul. Inflancka 4, 00-18, Warszawa",Defined contributions,,                                                                                                                                                                                                                                                                                                                                                                                                                                                                                                                                                                                                                                                                                                                                                                                                                                                           
PLFE000143,25940071ENM3EQJKTW20,"PPK Pocztylion 2065 DFE","Pocztylion-Arka Powszechne Towarzystwo Emerytalne S.A.","ul. Inflancka 4, 00-18, Warszawa",Defined contributions,,                                                                                                                                                                                                                                                                                                                                                                                                                                                                                                                                                                                                                                                                                                                                                                                                                                                           
PLFE000145,259400KCYZWHHM1JJQ61,"PPK Pocztylion 2070 DFE","Pocztylion-Arka Powszechne Towarzystwo Emerytalne S.A.","ul. Inflancka 4, 00-18, Warszawa",Defined contributions,,                                                                                                                                                                                                                                                                                                                                                                                                                                                                                                                                                                                                                                                                                                                                                                                                                                                           
PLFE000018,25940062BDIAJIUJ2Q37,"Pracowniczy Fundusz Emerytalny 'Nowy Świat'","Pracownicze Towarzystwo Emerytalne 'Nowy Świat' S.A.","ul. Mysia 2, 00-49, Warszawa",Defined contributions,,                                                                                                                                                                                                                                                                                                                                                                                                                                                                                                                                                                                                                                                                                                                                                                                                                                             
PLFE000019,259400KWHYL3VXITZW84,"Pracowniczy Fundusz Emerytalny ORANGE Polska","Pracownicze Towarzystwo Emerytalne ORANGE Polska S.A.","ul. Piękna 17, 00-54, Warszawa",Defined contributions,,                                                                                                                                                                                                                                                                                                                                                                                                                                                                                                                                                                                                                                                                                                                                                                                                                                         
PLF2348,259400VT1G3P29Z9V142,"Subfundusz Emerytura 2025","MILLENNIUM Towarzystwo Funduszy Inwestycyjnych S.A.","ul. Stanisława Żaryna 2A, 02-59, Warszawa",Defined contributions,,                                                                                                                                                                                                                                                                                                                                                                                                                                                                                                                                                                                                                                                                                                                                                                                                                                                      
PLF2349,259400BOG8U3EOAHFZ81,"Subfundusz Emerytura 2030","MILLENNIUM Towarzystwo Funduszy Inwestycyjnych S.A.","ul. Stanisława Żaryna 2A, 02-59, Warszawa",Defined contributions,,                                                                                                                                                                                                                                                                                                                                                                                                                                                                                                                                                                                                                                                                                                                                                                                                                                                      
PLF2350,259400Q3OAN2D6RU0L30,"Subfundusz Emerytura 2035","MILLENNIUM Towarzystwo Funduszy Inwestycyjnych S.A.","ul. Stanisława Żaryna 2A, 02-59, Warszawa",Defined contributions,,                                                                                                                                                                                                                                                                                                                                                                                                                                                                                                                                                                                                                                                                                                                                                                                                                                                      
PLF2351,259400ZO3WYMATMIQR27,"Subfundusz Emerytura 2040","MILLENNIUM Towarzystwo Funduszy Inwestycyjnych S.A.","ul. Stanisława Żaryna 2A, 02-59, Warszawa",Defined contributions,,                                                                                                                                                                                                                                                                                                                                                                                                                                                                                                                                                                                                                                                                                                                                                                                                                                                      
PLF2352,2594007X31D4CUQUJ305,"Subfundusz Emerytura 2045","MILLENNIUM Towarzystwo Funduszy Inwestycyjnych S.A.","ul. Stanisława Żaryna 2A, 02-59, Warszawa",Defined contributions,,                                                                                                                                                                                                                                                                                                                                                                                                                                                                                                                                                                                                                                                                                                                                                                                                                                                      
PLF2353,259400P7Y48HSH08V539,"Subfundusz Emerytura 2050","MILLENNIUM Towarzystwo Funduszy Inwestycyjnych S.A.","ul. Stanisława Żaryna 2A, 02-59, Warszawa",Defined contributions,,                                                                                                                                                                                                                                                                                                                                                                                                                                                                                                                                                                                                                                                                                                                                                                                                                                                      
PLF2361,259400P6QBZ0C8KKKG35,"Subfundusz Emerytura 2055","MILLENNIUM Towarzystwo Funduszy Inwestycyjnych S.A.","ul. Stanisława Żaryna 2A, 02-59, Warszawa",Defined contributions,,                                                                                                                                                                                                                                                                                                                                                                                                                                                                                                                                                                                                                                                                                                                                                                                                                                                      
PLF2362,259400ZYD3308DZ33Y72,"Subfundusz Emerytura 2060","MILLENNIUM Towarzystwo Funduszy Inwestycyjnych S.A.","ul. Stanisława Żaryna 2A, 02-59, Warszawa",Defined contributions,,                                                                                                                                                                                                                                                                                                                                                                                                                                                                                                                                                                                                                                                                                                                                                                                                                                                      
PLF2583,259400084WNRVUDDSZ96,"Subfundusz Emerytura 2065","MILLENNIUM Towarzystwo Funduszy Inwestycyjnych S.A.","ul. Stanisława Żaryna 2A, 02-59, Warszawa",Defined contributions,,                                                                                                                                                                                                                                                                                                                                                                                                                                                                                                                                                                                                                                                                                                                                                                                                                                                      
PLF2771,259400DNAWCCGCHU8Y60,"Subfundusz Emerytura 2070","MILLENNIUM Towarzystwo Funduszy Inwestycyjnych S.A.","ul. Stanisława Żaryna 2A, 02-59, Warszawa",Defined contributions,,                                                                                                                                                                                                                                                                                                                                                                                                                                                                                                                                                                                                                                                                                                                                                                                                                                                      
PLF2364,2594009Y45GF0SZ1SA79,"UNIQA Emerytura 2025","Uniqa Towarzystwo Funduszy Inwestycyjnych S.A.","ul. Chłodna 51, 00-86, Warszawa",Defined contributions,,                                                                                                                                                                                                                                                                                                                                                                                                                                                                                                                                                                                                                                                                                                                                                                                                                                                                          
PLF2365,25940048MDISC6UYD797,"UNIQA Emerytura 2030","Uniqa Towarzystwo Funduszy Inwestycyjnych S.A.","ul. Chłodna 51, 00-86, Warszawa",Defined contributions,,                                                                                                                                                                                                                                                                                                                                                                                                                                                                                                                                                                                                                                                                                                                                                                                                                                                                          
PLF2366,259400A32NUCSMBZCV93,"UNIQA Emerytura 2035","Uniqa Towarzystwo Funduszy Inwestycyjnych S.A.","ul. Chłodna 51, 00-86, Warszawa",Defined contributions,,                                                                                                                                                                                                                                                                                                                                                                                                                                                                                                                                                                                                                                                                                                                                                                                                                                                                          
PLF2367,2594000S949O55W7QS67,"UNIQA Emerytura 2040","Uniqa Towarzystwo Funduszy Inwestycyjnych S.A.","ul. Chłodna 51, 00-86, Warszawa",Defined contributions,,                                                                                                                                                                                                                                                                                                                                                                                                                                                                                                                                                                                                                                                                                                                                                                                                                                                                          
PLF2368,259400SKCA350TI7RO27,"UNIQA Emerytura 2045","Uniqa Towarzystwo Funduszy Inwestycyjnych S.A.","ul. Chłodna 51, 00-86, Warszawa",Defined contributions,,                                                                                                                                                                                                                                                                                                                                                                                                                                                                                                                                                                                                                                                                                                                                                                                                                                                                          
PLF2369,259400LFHT4MJMWE1N34,"UNIQA Emerytura 2050","Uniqa Towarzystwo Funduszy Inwestycyjnych S.A.","ul. Chłodna 51, 00-86, Warszawa",Defined contributions,,                                                                                                                                                                                                                                                                                                                                                                                                                                                                                                                                                                                                                                                                                                                                                                                                                                                                          
PLF2370,259400Y6NIVFE0D6DH95,"UNIQA Emerytura 2055","Uniqa Towarzystwo Funduszy Inwestycyjnych S.A.","ul. Chłodna 51, 00-86, Warszawa",Defined contributions,,                                                                                                                                                                                                                                                                                                                                                                                                                                                                                                                                                                                                                                                                                                                                                                                                                                                                          
PLF2371,259400FFIO5XVL0CBQ43,"UNIQA Emerytura 2060","Uniqa Towarzystwo Funduszy Inwestycyjnych S.A.","ul. Chłodna 51, 00-86, Warszawa",Defined contributions,,                                                                                                                                                                                                                                                                                                                                                                                                                                                                                                                                                                                                                                                                                                                                                                                                                                                                          
PLF2372,259400LY6OTYDWMBP560,"UNIQA Emerytura 2065","Uniqa Towarzystwo Funduszy Inwestycyjnych S.A.","ul. Chłodna 51, 00-86, Warszawa",Defined contributions,,                                                                                                                                                                                                                                                                                                                                                                                                                                                                                                                                                                                                                                                                                                                                                                                                                                                                          
PLF2773,259400A5C0K3NVAK7J16,"UNIQA Emerytura 2070","Uniqa Towarzystwo Funduszy Inwestycyjnych S.A.","ul. Chłodna 51, 00-86, Warszawa",Defined contributions,,                                                                                                                                                                                                                                                                                                                                                                                                                                                                                                                                                                                                                                                                                                                                                                                                                                                                          
PLFE000001,259400BE1IXBOOSP3E87,"UNIQA OFE","UNIQA Powszechne Towarzystwo Emerytalne S.A","ul. Chłodna 51, 00-86, Warszawa",Defined contributions,,                                                                                                                                                                                                                                                                                                                                                                                                                                                                                                                                                                                                                                                                                                                                                                                                                                                                                     
PLFE000002,259400G5H3A3PCG4E151,"Vienna OFE","Vienna Powszechne Towarzystwo Emerytalne S.A. Vienna Insurance Group","Al. Jerozolimskie 162A, 02-34, Warszawa",Defined contributions,,                                                                                                                                                                                                                                                                                                                                                                                                                                                                                                                                                                                                                                                                                                                                                                                                                                                   
