CÓDIGO EUROPEO,LEI,NOMBRE,DIRECCIÓN,TIPO DE SEGURO,ENTIDAD MATRIZ                                                                                                                                                                                                                                                                                                                                                                                                                                                                                                                                                                                                                                                                                                                                                                                                                                                                                                                                                                      
DEB0EIP,529900V9R8J4XYNT1841,"ACM Lebensversicherung AG","Breite Straße 29, 40213, Düsseldorf",vida,                                                                                                                                                                                                                                                                                                                                                                                                                                                                                                                                                                                                                                                                                                                                                                                                                                                                                                                                    
DEB0EIM,529900TW278P9KB86J07,"ACM Versicherung AG","Breite Straße 29, 40213, Düsseldorf",no-vida,                                                                                                                                                                                                                                                                                                                                                                                                                                                                                                                                                                                                                                                                                                                                                                                                                                                                                                                                       
DEA3MSD,391200RR4CQ95UOUKE30,"ADAC Autoversicherung AG","Hansastraße 19, 80686, München",no-vida,                                                                                                                                                                                                                                                                                                                                                                                                                                                                                                                                                                                                                                                                                                                                                                                                                                                                                                                                       
DEA4PM6,5299003QTHVXA83SA908,"ADAC Versicherung AG","Hansastraße 19, 80686, München",no-vida,                                                                                                                                                                                                                                                                                                                                                                                                                                                                                                                                                                                                                                                                                                                                                                                                                                                                                                                                           
DEB1CXD,529900LEAN8CQK1OYZ02,"ADAC Zuhause Versicherung AG","Hansastraße 19, 80686, München",no-vida,                                                                                                                                                                                                                                                                                                                                                                                                                                                                                                                                                                                                                                                                                                                                                                                                                                                                                                                                   
DEA49QM,529900FO3E999N20HV65,"ADLER Versicherung AG","Joseph-Scherer-Straße 3, 44139, Dortmund",no-vida,                                                                                                                                                                                                                                                                                                                                                                                                                                                                                                                                                                                                                                                                                                                                                                                                                                                                                                                                
DEA3DRJ,549300X1WWPGMS47QQ72,"ADVOCARD Rechtsschutzversicherung AG","10 64, Überseering 2, 22297, Hamburg",no-vida,                                                                                                                                                                                                                                                                                                                                                                                                                                                                                                                                                                                                                                                                                                                                                                                                                                                                                                                     
DEA4S8I,391200RYHJNPNHIGWB84,"AEGIDIUS SE","Breite Straße 4, 30159, Hannover",reaseguros,                                                                                                                                                                                                                                                                                                                                                                                                                                                                                                                                                                                                                                                                                                                                                                                                                                                                                                                                               
DEALI3O,,"Aegon, Niederlassung Deutschland der Aegon Ireland Plc.","Ulmenstraße 23-25, 60325, Frankfurt am Main",vida,                                                                                                                                                                                                                                                                                                                                                                                                                                                                                                                                                                                                                                                                                                                                                                                                                                                                                                                  
DEAXKK3,,"Aeneas Verwaltungsgesellschaft mbH","Königinstraße 28, 80802, München",reaseguros,                                                                                                                                                                                                                                                                                                                                                                                                                                                                                                                                                                                                                                                                                                                                                                                                                                                                                                                                            
DEAXRWX,3912006MY9IHGZ3WGQ96,"AGER Lebensversicherung AG","Colonia-Allee 15, 51067, Köln",vida,                                                                                                                                                                                                                                                                                                                                                                                                                                                                                                                                                                                                                                                                                                                                                                                                                                                                                                                                         
DEA4Q92,391200FS1XOC1H55LS42,"AGILA Haustierversicherung Aktiengesellschaft","Hanomaghof 2, 30449, Hannover",no-vida,                                                                                                                                                                                                                                                                                                                                                                                                                                                                                                                                                                                                                                                                                                                                                                                                                                                                                                                   
DEADIBP,,"AIG Europe Limited Direktion für Deutschland","Speicherstraße 55, 60327, Frankfurt am Main",no-vida,LURCSB0218806                                                                                                                                                                                                                                                                                                                                                                                                                                                                                                                                                                                                                                                                                                                                                                                                                                                                                                             
DEAFVR1,,"Aioi Nissay Dowa Insurance Company of Europe Limited, Niederlassung Deutschland","Carl-Zeiss-Ring 25, 85737, Ismaning",no-vida,LURCSB0232302                                                                                                                                                                                                                                                                                                                                                                                                                                                                                                                                                                                                                                                                                                                                                                                                                                                                                  
DEA4NQ3,3912008URQQCWTNXTA91,"Aioi Nissay Dowa Life Insurance of Europe Aktiengesellschaft","Carl-Zeiss-Ring 25, 85737, Ismaning",vida,                                                                                                                                                                                                                                                                                                                                                                                                                                                                                                                                                                                                                                                                                                                                                                                                                                                                                                 
DEALILK,391200VRYUQOVD4IHC69,"Allcura Versicherungs-Aktiengesellschaft","11 23, Schauenburgerstraße 27, 20095, Hamburg",no-vida,                                                                                                                                                                                                                                                                                                                                                                                                                                                                                                                                                                                                                                                                                                                                                                                                                                                                                                        
DEA4T0X,5299008FXA9QQZ79GM59,"Allianz Direct Versicherungs-AG","Königinstraße 28, 80802, München",no-vida,                                                                                                                                                                                                                                                                                                                                                                                                                                                                                                                                                                                                                                                                                                                                                                                                                                                                                                                              
DEA00PQ,F240A7PWJB2BLKELB442,"Allianz Global Corporate & Specialty SE","Königinstraße 28, 80802, München",no-vida,                                                                                                                                                                                                                                                                                                                                                                                                                                                                                                                                                                                                                                                                                                                                                                                                                                                                                                                      
DEALI3N,,"Allianz Global Life Limited (Niederlassung Deutschland)","Reinsburgstraße 19, 70178, Stuttgart",vida,IEC50495                                                                                                                                                                                                                                                                                                                                                                                                                                                                                                                                                                                                                                                                                                                                                                                                                                                                                                                 
DEA056W,529900Z5H1N62JMB3K96,"Allianz Lebensversicherungs-Aktiengesellschaft","10 60, Heßbrühlstraße 2, 70565, Stuttgart",vida,                                                                                                                                                                                                                                                                                                                                                                                                                                                                                                                                                                                                                                                                                                                                                                                                                                                                                                         
DEA4FEG,529900APQGQWPAT1YI78,"Allianz Private Krankenversicherungs-Aktiengesellschaft","11 14, Königinstraße 28, 80802, München",no-vida,                                                                                                                                                                                                                                                                                                                                                                                                                                                                                                                                                                                                                                                                                                                                                                                                                                                                                               
DEA02WZ,529900K9B0N5BT694847,"Allianz SE","44 01, Königinstraße 28, 80802, München",reaseguros,                                                                                                                                                                                                                                                                                                                                                                                                                                                                                                                                                                                                                                                                                                                                                                                                                                                                                                                                         
DEA3EPZ,529900X5FHSYN4P5R285,"Allianz Versicherungs-Aktiengesellschaft","44 01, Königinstraße 28, 80802, München",no-vida,                                                                                                                                                                                                                                                                                                                                                                                                                                                                                                                                                                                                                                                                                                                                                                                                                                                                                                              
DEA5A6M,529900INDQW49BWR5028,"Alte Leipziger Lebensversicherung auf Gegenseitigkeit","16 60, Alte Leipziger-Platz 1, 61440, Oberursel",vida,                                                                                                                                                                                                                                                                                                                                                                                                                                                                                                                                                                                                                                                                                                                                                                                                                                                                                            
DEA3EKR,529900AXMIMC6C3K9F07,"Alte Leipziger Versicherung Aktiengesellschaft","16 60, Alte Leipziger-Platz 1, 61440, Oberursel",no-vida,                                                                                                                                                                                                                                                                                                                                                                                                                                                                                                                                                                                                                                                                                                                                                                                                                                                                                                
DEA3HOJ,5299009TPBQY7Z8O6646,"ALTE OLDENBURGER Krankenversicherung AG","1363, Alte-Oldenburger-Platz 1, 49377, Vechta",no-vida,                                                                                                                                                                                                                                                                                                                                                                                                                                                                                                                                                                                                                                                                                                                                                                                                                                                                                                         
DEALI4L,52990036APY0QFUTCD48,"ALTE OLDENBURGER Krankenversicherung von 1927 Versicherungsverein auf Gegenseitigkeit","13 63, Alte-Oldenburger-Platz 1, 49377, Vechta",no-vida,                                                                                                                                                                                                                                                                                                                                                                                                                                                                                                                                                                                                                                                                                                                                                                                                                                                          
DEAH4JT,391200PLULXEI0JAMH16,"Ambra Versicherung AG","Stemmerstraße 14, 78266, Büsingen am Hochrhein",no-vida,                                                                                                                                                                                                                                                                                                                                                                                                                                                                                                                                                                                                                                                                                                                                                                                                                                                                                                                          
DEAAVTY,,"Amlin Insurance SE- Direktion für Deutschland","Axel-Springer-Platz 3, 20355, Hamburg",no-vida,GB0ECBM11870                                                                                                                                                                                                                                                                                                                                                                                                                                                                                                                                                                                                                                                                                                                                                                                                                                                                                                                   
DEALILI,391200INTIFGR1FFUZ22,"AMMERLÄNDER VERSICHERUNG Versicherungsverein a.G. (VVaG)","1228, Bahnhofstraße 8, 26655, Westerstede",no-vida,                                                                                                                                                                                                                                                                                                                                                                                                                                                                                                                                                                                                                                                                                                                                                                                                                                                                                            
DEALIL6,,"AMT Mortgage Insurance Limited, Niederlassung Deutschland","Martin-Behaim-Straße 22, 63263, Neu-Isenburg",no-vida,                                                                                                                                                                                                                                                                                                                                                                                                                                                                                                                                                                                                                                                                                                                                                                                                                                                                                                            
DEALIMK,,"Ancora Versicherungs-Aktiengesellschaft i.L.","Mönkedamm 15, 20457, Hamburg",no-vida,                                                                                                                                                                                                                                                                                                                                                                                                                                                                                                                                                                                                                                                                                                                                                                                                                                                                                                                                         
DEAMFJV,529900K28U95PRDLQO62,"andsafe Aktiengesellschaft","Provinzial-Allee 1, 48159, Münster",no-vida,                                                                                                                                                                                                                                                                                                                                                                                                                                                                                                                                                                                                                                                                                                                                                                                                                                                                                                                                 
DEA3G3W,3912006MZNEOF4M2XK19,"ARAG Allgemeine Versicherungs-Aktiengesellschaft","30 01, ARAG Platz 1, 40472, Düsseldorf",no-vida,                                                                                                                                                                                                                                                                                                                                                                                                                                                                                                                                                                                                                                                                                                                                                                                                                                                                                                       
DEA3MXU,391200SFAXHRCQQ62T14,"ARAG Krankenversicherungs-Aktiengesellschaft","Hollerithstraße 11, 81829, München",no-vida,                                                                                                                                                                                                                                                                                                                                                                                                                                                                                                                                                                                                                                                                                                                                                                                                                                                                                                               
DEA3J2C,391200QKNZJ8J1XWFE16,"ARAG SE","30 01, ARAG Platz 1, 40472, Düsseldorf",no-vida,                                                                                                                                                                                                                                                                                                                                                                                                                                                                                                                                                                                                                                                                                                                                                                                                                                                                                                                                                
DEALI57,,"Arch Insurance Company (Europe) Ltd. Direktion für Deutschland","Herrlichkeit 5-6, 28199, Bremen",no-vida,GB0ECBM06029                                                                                                                                                                                                                                                                                                                                                                                                                                                                                                                                                                                                                                                                                                                                                                                                                                                                                                        
DEALI3L,,"Aspecta Assurance International Luxembourg S.A. - Niederlassung für Deutschland","HDI-Platz 1, 30659, Hannover",vida,LURCSB0073935                                                                                                                                                                                                                                                                                                                                                                                                                                                                                                                                                                                                                                                                                                                                                                                                                                                                                            
DEALILJ,,"Aspen Insurance UK Limited Zweigniederlassung für Deutschland","Im Mediapark 8, 50670, Köln",no-vida,GB0ECBM05039                                                                                                                                                                                                                                                                                                                                                                                                                                                                                                                                                                                                                                                                                                                                                                                                                                                                                                             
DEAHVAV,,"Assurant Allgemeine, Zweigniederlassung der Assurant General Insurance Ltd.","Lyoner Straße 15, 60528, Frankfurt am Main",no-vida,GB0ECBM11417                                                                                                                                                                                                                                                                                                                                                                                                                                                                                                                                                                                                                                                                                                                                                                                                                                                                                
DEA53Y9,529900HDQLXC7DHNG420,"Astra Versicherung AG","Dudenstraße 46, 68167, Mannheim",no-vida,                                                                                                                                                                                                                                                                                                                                                                                                                                                                                                                                                                                                                                                                                                                                                                                                                                                                                                                                         
DEA489W,39120067QNJJGMKA1A15,"Athora Lebensversicherung Aktiengesellschaft","15 20, Söhnleinstraße 8, 65201, Wiesbaden",vida,                                                                                                                                                                                                                                                                                                                                                                                                                                                                                                                                                                                                                                                                                                                                                                                                                                                                                                           
DEALHYW,,"Atradius Collections B.V. Niederlassung Deutschland","Opladener Straße 14, 50679, Köln",,                                                                                                                                                                                                                                                                                                                                                                                                                                                                                                                                                                                                                                                                                                                                                                                                                                                                                                                                     
DEALHYT,,"Atradius Kreditprüfung, Niederlassung der Atradius Information Services B.V.","Opladener Str. 14, 50679, Köln",,                                                                                                                                                                                                                                                                                                                                                                                                                                                                                                                                                                                                                                                                                                                                                                                                                                                                                                              
DEALILZ,,"Atradius Kreditversicherung, Niederlassung der Atradius Crédito y Caución S.A. de Seguros y Reaseguros","Opladener Straße 14, 50679, Köln",no-vida,ESA28008795                                                                                                                                                                                                                                                                                                                                                                                                                                                                                                                                                                                                                                                                                                                                                                                                                                                                
DEALI4U,391200P7NR2WSLG7AY65,"Augenoptiker Ausgleichskasse VVaG (AKA)","10 25, Generationenweg 4, 44225, Dortmund",no-vida,                                                                                                                                                                                                                                                                                                                                                                                                                                                                                                                                                                                                                                                                                                                                                                                                                                                                                                             
DEA4N8H,391200QLTUKHSSMSEO59,"AUXILIA Rechtsschutz-Versicherungs-Aktiengesellschaft","15 02, Uhlandstraße 7, 80336, München",no-vida,                                                                                                                                                                                                                                                                                                                                                                                                                                                                                                                                                                                                                                                                                                                                                                                                                                                                                                   
DEALIMR,,"AWP P&C S.A. Niederlassung für Deutschland","Bahnhofstraße 16, 85609, Aschheim bei München",no-vida,FR519490080                                                                                                                                                                                                                                                                                                                                                                                                                                                                                                                                                                                                                                                                                                                                                                                                                                                                                                               
DEALILY,,"AXA Corporate Solutions Deutschland, Niederlassung der AXA Corporate Solutions Assurance S.A.","Colonia Allee 10-20, 51067, Köln",no-vida,                                                                                                                                                                                                                                                                                                                                                                                                                                                                                                                                                                                                                                                                                                                                                                                                                                                                                    
DEA4QQA,2138004CGTK95EA23P90,"AXA easy Versicherung AG","92012, Colonia-Allee 10-20, 51067, Köln",no-vida,                                                                                                                                                                                                                                                                                                                                                                                                                                                                                                                                                                                                                                                                                                                                                                                                                                                                                                                              
DEA3UUD,213800OE8AO24JZSWP42,"AXA Krankenversicherung Aktiengesellschaft","Colonia Allee 10-20, 51067, Köln",no-vida,                                                                                                                                                                                                                                                                                                                                                                                                                                                                                                                                                                                                                                                                                                                                                                                                                                                                                                                   
DEA3WA5,213800NIPV2HQRXRIW60,"AXA Lebensversicherung Aktiengesellschaft","80 50, Colonia Allee 10-20, 51067, Köln",vida,                                                                                                                                                                                                                                                                                                                                                                                                                                                                                                                                                                                                                                                                                                                                                                                                                                                                                                                
DEAXTZ8,,"AXA Partners S.A.S., Zweigniederlassung Deutschland","Martin-Behaim-Straße 22, 63067, Neu-Isenburg",reaseguros,                                                                                                                                                                                                                                                                                                                                                                                                                                                                                                                                                                                                                                                                                                                                                                                                                                                                                                               
DEA0DSL,213800UV7Z5F66Q37P26,"AXA Versicherung Aktiengesellschaft","Colonia-Allee 10-20, 51067, Köln",no-vida,                                                                                                                                                                                                                                                                                                                                                                                                                                                                                                                                                                                                                                                                                                                                                                                                                                                                                                                          
DEALIME,,"AXERIA PREVOYANCE Niederlassung für Deutschland","Richard-Reitzner-Allee 1, 85540, Haar",no-vida,                                                                                                                                                                                                                                                                                                                                                                                                                                                                                                                                                                                                                                                                                                                                                                                                                                                                                                                             
DEA3JL6,529900S5IPMCEXBP3V31,"BA die Bayerische Allgemeine Versicherung AG","Thomas-Dehler-Straße 25, 81737, München",no-vida,                                                                                                                                                                                                                                                                                                                                                                                                                                                                                                                                                                                                                                                                                                                                                                                                                                                                                                          
DEA4JBG,529900W90ZIJLVUGIF40,"Badische Rechtsschutzversicherung Aktiengesellschaft","76125, Durlacher Allee 56, 76131, Karlsruhe",no-vida,                                                                                                                                                                                                                                                                                                                                                                                                                                                                                                                                                                                                                                                                                                                                                                                                                                                                                              
DEALILW,529900ZP6AE53VGQ7H95,"Badischer Gemeinde-Versicherungs-Verband","15 49, Durlacher Allee 56, 76131, Karlsruhe",no-vida,                                                                                                                                                                                                                                                                                                                                                                                                                                                                                                                                                                                                                                                                                                                                                                                                                                                                                                          
DEALI5D,529900F72YII5LU0Z702,"Balcia Insurance SE Niederlassung Deutschland","Senefelder Straße 17, 63322, Rödermark",no-vida,LV40003159840                                                                                                                                                                                                                                                                                                                                                                                                                                                                                                                                                                                                                                                                                                                                                                                                                                                                                             
DEA3P1X,529900HDWTGWH16YW785,"Baloise Lebensversicherung Aktiengesellschaft Deutschland","Ludwig-Erhard-Straße 22, 20459, Hamburg",vida,                                                                                                                                                                                                                                                                                                                                                                                                                                                                                                                                                                                                                                                                                                                                                                                                                                                                                                
DEA3TDQ,529900S64M8SE44M7530,"Baloise Sachversicherung Aktiengesellschaft Deutschland","11 45, Basler Straße 4, 61352, Bad Homburg v. d. Höhe",no-vida,                                                                                                                                                                                                                                                                                                                                                                                                                                                                                                                                                                                                                                                                                                                                                                                                                                                                                 
DEA4OH9,529900G8342RN507UZ22,"Barmenia Allgemeine Versicherungs-Aktiengesellschaft","10 17, Barmenia-Allee 1, 42119, Wuppertal",no-vida,                                                                                                                                                                                                                                                                                                                                                                                                                                                                                                                                                                                                                                                                                                                                                                                                                                                                                                
DEAMULB,529900GNCLVFB59J5V75,"Barmenia Krankenversicherung AG","Barmenia-Allee 1, 42119, Wuppertal",no-vida,                                                                                                                                                                                                                                                                                                                                                                                                                                                                                                                                                                                                                                                                                                                                                                                                                                                                                                                            
DEA4QZ1,529900LPAX2H9S4NKU05,"BarmeniaGothaer AG","Arnoldiplatz 1, 50969, Köln",reaseguros,                                                                                                                                                                                                                                                                                                                                                                                                                                                                                                                                                                                                                                                                                                                                                                                                                                                                                                                                             
DEA3I7X,529900265N7AF30VYJ80,"BASF Sterbekasse VVaG","Carl-Bosch-Straße 38, 67056, Ludwigshafen",vida,                                                                                                                                                                                                                                                                                                                                                                                                                                                                                                                                                                                                                                                                                                                                                                                                                                                                                                                                  
DEA4TG5,529900CPZY7Z2TKIAP98,"BavariaDirekt Versicherung AG","Am Karlsbad 4-5, 10785, Berlin",no-vida,                                                                                                                                                                                                                                                                                                                                                                                                                                                                                                                                                                                                                                                                                                                                                                                                                                                                                                                                  
DEALI3Y,5299007MSP5P150C8573,"Bayer Beistandskasse","Kaiser-Wilhelm-Allee 10, 51373, Leverkusen",vida,                                                                                                                                                                                                                                                                                                                                                                                                                                                                                                                                                                                                                                                                                                                                                                                                                                                                                                                                  
DEA3HIH,529900ROLEN98C0R6G92,"Bayerische Beamtenkrankenkasse Aktiengesellschaft","Maximilianstraße 53, 80538, München",no-vida,                                                                                                                                                                                                                                                                                                                                                                                                                                                                                                                                                                                                                                                                                                                                                                                                                                                                                                         
DEA4OAW,391200VFA41QBPSSKG09,"Bayerische Hausbesitzer-Versicherungs-Gesellschaft a.G.","15 04, Sonnenstraße 13/V, 80331, München",no-vida,                                                                                                                                                                                                                                                                                                                                                                                                                                                                                                                                                                                                                                                                                                                                                                                                                                                                                              
DEA4AB7,5299002OVL4C64EPP040,"Bayerische Landesbrandversicherung Aktiengesellschaft","Maximilianstraße 53, 80538, München",no-vida,                                                                                                                                                                                                                                                                                                                                                                                                                                                                                                                                                                                                                                                                                                                                                                                                                                                                                                     
DEA3IY9,529900I7VGMH5WVRAE15,"Bayerischer Versicherungsverband Versicherungsaktiengesellschaft","Maximilianstraße 53, 80538, München",no-vida,                                                                                                                                                                                                                                                                                                                                                                                                                                                                                                                                                                                                                                                                                                                                                                                                                                                                                          
DEA3I8G,529900YVAZLRT7M8RV44,"Bayern-Versicherung Lebensversicherung Aktiengesellschaft","Maximilianstraße 53, 80538, München",vida,                                                                                                                                                                                                                                                                                                                                                                                                                                                                                                                                                                                                                                                                                                                                                                                                                                                                                                    
DEA0BBT,529900JQYTPXA2N1F808,"BD24 Berlin Direkt Versicherung AG","Wrangelstraße 100, 10997, Berlin",no-vida,                                                                                                                                                                                                                                                                                                                                                                                                                                                                                                                                                                                                                                                                                                                                                                                                                                                                                                                           
DEALZI5,875500XOVJYV2SMAI612,"Belegschafts-Sterbekasse der Fernleitungs-Betriebsgesellschaft mbH","Löbestraße 1, 53173, Bonn",reaseguros,                                                                                                                                                                                                                                                                                                                                                                                                                                                                                                                                                                                                                                                                                                                                                                                                                                                                                               
DEALIM0,391200SGWDWQPUGIR020,"Bergische Brandversicherung Allgemeine Feuerversicherung V.a.G.","13 17, Hofkamp 86, 42103, Wuppertal",no-vida,                                                                                                                                                                                                                                                                                                                                                                                                                                                                                                                                                                                                                                                                                                                                                                                                                                                                                           
DEALIN5,,"BERKSHIRE HATHAWAY INTERNATIONAL INSURANCE LIMITED, Deutschland","Uerdinger Straße 90, 40474, Düsseldorf",no-vida,GB0ECBM11409                                                                                                                                                                                                                                                                                                                                                                                                                                                                                                                                                                                                                                                                                                                                                                                                                                                                                                
DEA55ZF,529900TUAOE6D65Q6Z21,"BGV-Versicherung Aktiengesellschaft","Durlacher Allee 56, 76131, Karlsruhe",no-vida,                                                                                                                                                                                                                                                                                                                                                                                                                                                                                                                                                                                                                                                                                                                                                                                                                                                                                                                      
DEA3P8D,529900HNQMZLCRJRNA20,"BL die Bayerische Lebensversicherung AG","Thomas-Dehler-Straße 25, 81737, München",vida,                                                                                                                                                                                                                                                                                                                                                                                                                                                                                                                                                                                                                                                                                                                                                                                                                                                                                                                  
DEADLTD,529900CSP7CZ1TXNG380,"Bochumer Versicherungsverein auf Gegenseitigkeit","10 03, Wieschermühlenstraße 19, 44791, Bochum",vida,                                                                                                                                                                                                                                                                                                                                                                                                                                                                                                                                                                                                                                                                                                                                                                                                                                                                                                   
DEALILA,,"BVAG Berliner Versicherung Aktiengesellschaft","Tino-Schwierzina-Straße 32, 13089, Berlin",no-vida,                                                                                                                                                                                                                                                                                                                                                                                                                                                                                                                                                                                                                                                                                                                                                                                                                                                                                                                           
DEADVZ2,529900QUK6UJ8HKRN036,"BY die Bayerische Vorsorge Lebensversicherung a.G.","Thomas-Dehler-Straße 25, 81737, München",vida,                                                                                                                                                                                                                                                                                                                                                                                                                                                                                                                                                                                                                                                                                                                                                                                                                                                                                                       
DEAFSVE,,"Canada Life Assurance Europe Limited Niederlassung für Deutschland","Höninger Weg 153 a, 50969, Köln",vida,IEC33618                                                                                                                                                                                                                                                                                                                                                                                                                                                                                                                                                                                                                                                                                                                                                                                                                                                                                                           
DEAHO4M,,"CARDIF Allgemeine Versicherung Zweigniederlassung für Deutschland der CARDIF-ASSURANCES RISQUES DIVERS","Friolzheimer Straße6, 70499, Stuttgart",no-vida,FR308896547                                                                                                                                                                                                                                                                                                                                                                                                                                                                                                                                                                                                                                                                                                                                                                                                                                                          
DEALI3D,,"Cardif Lebensversicherung Zweigniederlassung für Deutschland","Friolzheimer Straße6, 70499, Stuttgart",vida,FR732028154                                                                                                                                                                                                                                                                                                                                                                                                                                                                                                                                                                                                                                                                                                                                                                                                                                                                                                       
DEA4OB7,3912001YBM7XTO24AI56,"CG Car-Garantie Versicherungs-Aktiengesellschaft","3 69, Gündlinger Straße 12, 79111, Freiburg",no-vida,                                                                                                                                                                                                                                                                                                                                                                                                                                                                                                                                                                                                                                                                                                                                                                                                                                                                                                  
DEAFSX5,,"CHUBB European Group SE, Direktion für Deutschland","Lurgiallee 12, 60439, Frankfurt am Main",no-vida,FR450327374                                                                                                                                                                                                                                                                                                                                                                                                                                                                                                                                                                                                                                                                                                                                                                                                                                                                                                             
DEALI5A,,"CHUBB Insurance Company of Europe SE Direktion für Deutschland","Grafenberger Allee 295, 40237, Düsseldorf",no-vida,                                                                                                                                                                                                                                                                                                                                                                                                                                                                                                                                                                                                                                                                                                                                                                                                                                                                                                          
DEALILD,,"Chubb Life Europe SE, Direktion für Deutschland","Baseler Straße 10, 60329, Frankfurt am Main",no-vida,                                                                                                                                                                                                                                                                                                                                                                                                                                                                                                                                                                                                                                                                                                                                                                                                                                                                                                                       
DEALI3E,,"CIGNA Life Insurance Company of Europe S.A.-N.V. Direktion Für Deutschland","Friedrich-Ebert-Anlage 36, 60325, Frankfurt am Main",vida,BE0421437284                                                                                                                                                                                                                                                                                                                                                                                                                                                                                                                                                                                                                                                                                                                                                                                                                                                                           
DEALIMF,,"CNA Insurance Company Limited Direktion Für Deutschland","Im Mediapark 8, 50670, Köln",no-vida,GB0ECBM06037                                                                                                                                                                                                                                                                                                                                                                                                                                                                                                                                                                                                                                                                                                                                                                                                                                                                                                                   
DEAF3KX,,"Compagnie Francaise d' Assurance pour le Commerce Extérieur S.A., Niederlassung in Deutschland (Coface)","Isaac-Fulda-Allee 1, 55124, Mainz",no-vida,FR552069791                                                                                                                                                                                                                                                                                                                                                                                                                                                                                                                                                                                                                                                                                                                                                                                                                                                              
DEA4R0Z,5299005NBJ4BYR7UQC75,"Concordia Krankenversicherungs-Aktiengesellschaft","Karl-Wiechert-Allee 55, 30625, Hannover",no-vida,                                                                                                                                                                                                                                                                                                                                                                                                                                                                                                                                                                                                                                                                                                                                                                                                                                                                                                     
DEA4POO,5299003RAXBE4RTR1E78,"Concordia oeco Lebensversicherungs-AG","Karl-Wiechert-Allee 55, 30625, Hannover",vida,                                                                                                                                                                                                                                                                                                                                                                                                                                                                                                                                                                                                                                                                                                                                                                                                                                                                                                                    
DEA4SLC,529900HOKL2C6ZJ9QR14,"Concordia Versicherungs-Gesellschaft auf Gegenseitigkeit","Karl-Wiechert-Allee 55, 30625, Hannover",no-vida,                                                                                                                                                                                                                                                                                                                                                                                                                                                                                                                                                                                                                                                                                                                                                                                                                                                                                              
DEA3QVE,529900QO7XD7UPZP3V60,"Condor Lebensversicherungs-Aktiengesellschaft","Heidenkampsweg 102, 20097, Hamburg",vida,                                                                                                                                                                                                                                                                                                                                                                                                                                                                                                                                                                                                                                                                                                                                                                                                                                                                                                                 
DEALI4Z,529900RYPYY0X2S70J13,"CONSTANTIA Versicherungen a.G.","Große Straße 41, 26721, Emden",no-vida,                                                                                                                                                                                                                                                                                                                                                                                                                                                                                                                                                                                                                                                                                                                                                                                                                                                                                                                                  
DEA4SYG,39120001Q9JGCYY5CT26,"Continentale Krankenversicherung a.G.","10 50, Continentale-Allee 1, 44269, Dortmund",no-vida,                                                                                                                                                                                                                                                                                                                                                                                                                                                                                                                                                                                                                                                                                                                                                                                                                                                                                                            
DEA4OL0,39120001MABU8MWUJ054,"Continentale Lebensversicherung AG","Baierbrunner Straße 31-33, 81379, München",vida,                                                                                                                                                                                                                                                                                                                                                                                                                                                                                                                                                                                                                                                                                                                                                                                                                                                                                                                     
DEA4N2M,39120001NNOUF7XA5R65,"Continentale Sachversicherung Aktiengesellschaft","10 50, Continentale-Allee 1, 44269, Dortmund",no-vida,                                                                                                                                                                                                                                                                                                                                                                                                                                                                                                                                                                                                                                                                                                                                                                                                                                                                                                 
DEA3GL4,549300O5UCU77CO3S171,"Cosmos Lebensversicherungs-Aktiengesellschaft","Halbergstraße 50-60, 66121, Saarbrücken",vida,                                                                                                                                                                                                                                                                                                                                                                                                                                                                                                                                                                                                                                                                                                                                                                                                                                                                                                            
DEA3JHX,549300VY8W7HCW04WI32,"Cosmos Versicherung Aktiengesellschaft","Halbergstraße 50-60, 66121, Saarbrücken",no-vida,                                                                                                                                                                                                                                                                                                                                                                                                                                                                                                                                                                                                                                                                                                                                                                                                                                                                                                                
DEAKDOO,,"Credendo - Excess & Surety SA Zweigniederlassung Deutschland","Heppendorfer Straße 26, 50170, Kerpen",no-vida,BE0864602471                                                                                                                                                                                                                                                                                                                                                                                                                                                                                                                                                                                                                                                                                                                                                                                                                                                                                                    
DEAKE32,,"Credendo - Short-Term Non-EU Risks SA Zweigniederlassung Deutschland","Luisenstraße 21, 65185, Wiesbaden",no-vida,BE0867435663                                                                                                                                                                                                                                                                                                                                                                                                                                                                                                                                                                                                                                                                                                                                                                                                                                                                                                
DEA4J7G,529900E4TBZT47ZM0P15,"Credit Life AG","RheinLandplatz 1, 41460, Neuss",vida,                                                                                                                                                                                                                                                                                                                                                                                                                                                                                                                                                                                                                                                                                                                                                                                                                                                                                                                                                    
DEA497R,391200U0LIXO4A2NZB26,"DA Deutsche Allgemeine Versicherung Aktiengesellschaft","Platz der Einheit 2, 60327, Frankfurt am Main",no-vida,                                                                                                                                                                                                                                                                                                                                                                                                                                                                                                                                                                                                                                                                                                                                                                                                                                                                                          
DEA3JNB,5299006IHU8OKTI4GR33,"DARAG Deutschland AG","Drehbahn 7, 20354, Hamburg",no-vida,                                                                                                                                                                                                                                                                                                                                                                                                                                                                                                                                                                                                                                                                                                                                                                                                                                                                                                                                               
DEA4JJJ,529900R83Z1KHNYZ3O36,"Debeka Allgemeine Versicherung Aktiengesellschaft Sitz Koblenz am Rhein","Debeka-Platz 1, 56073, Koblenz am Rhein",no-vida,                                                                                                                                                                                                                                                                                                                                                                                                                                                                                                                                                                                                                                                                                                                                                                                                                                                                               
DEA0BJD,529900VG6PFQ64HJRQ05,"Debeka Krankenversicherungsverein auf Gegenseitigkeit Sitz Koblenz am Rhein","Debeka-Platz 1, 56073, Koblenz am Rhein",no-vida,                                                                                                                                                                                                                                                                                                                                                                                                                                                                                                                                                                                                                                                                                                                                                                                                                                                                           
DEA3IWI,529900NHIBCNIE960M06,"Debeka Lebensversicherungsverein auf Gegenseitigkeit Sitz Koblenz am Rhein","Ferdinand-Sauerbruch-Straße 18, 56073, Koblenz am Rhein",vida,                                                                                                                                                                                                                                                                                                                                                                                                                                                                                                                                                                                                                                                                                                                                                                                                                                                               
DEA4K5T,529900ZLENJXR0WN3O66,"Delta Direkt Lebensversicherung Aktiengesellschaft München","Ottostraße 16, 80333, München",vida,                                                                                                                                                                                                                                                                                                                                                                                                                                                                                                                                                                                                                                                                                                                                                                                                                                                                                                         
DEALIMW,,"Delta Lloyd Schadeverzekering N.V., Amsterdam Niederlassung für Deutschland","Abraham-Lincoln-Park 1, 65189, Wiesbaden",no-vida,                                                                                                                                                                                                                                                                                                                                                                                                                                                                                                                                                                                                                                                                                                                                                                                                                                                                                              
DEA02JI,529900HO2BCZOQG9SI86,"Delvag Versicherungs-AG","Venloer Straße 151-153, 50672, Köln",no-vida,                                                                                                                                                                                                                                                                                                                                                                                                                                                                                                                                                                                                                                                                                                                                                                                                                                                                                                                                   
DEA4JZ0,529900A46F5ZWTTLAJ12,"DEURAG Deutsche Rechtsschutz-Versicherung Aktiengesellschaft","21 27, Abraham-Lincoln-Straße 3, 65189, Wiesbaden",no-vida,                                                                                                                                                                                                                                                                                                                                                                                                                                                                                                                                                                                                                                                                                                                                                                                                                                                                                
DEA4RGD,2138009DY1LZUFHLXG62,"Deutsche Ärzteversicherung Aktiengesellschaft","80 50, Colonia-Allee 10-20, 51067, Köln",vida,                                                                                                                                                                                                                                                                                                                                                                                                                                                                                                                                                                                                                                                                                                                                                                                                                                                                                                            
DEA4PEE,5299009WBNUCLFIMV712,"Deutsche Assistance Versicherung Aktiengesellschaft","Hansaallee 199, 40549, Düsseldorf",no-vida,                                                                                                                                                                                                                                                                                                                                                                                                                                                                                                                                                                                                                                                                                                                                                                                                                                                                                                         
DEA4KQU,529900YI4HYCORU97L35,"Deutsche Lebensversicherungs-Aktiengesellschaft","Merlitzstraße 8, 12489, Berlin",vida,                                                                                                                                                                                                                                                                                                                                                                                                                                                                                                                                                                                                                                                                                                                                                                                                                                                                                                                   
DEAI9DC,,"Deutsche Niederlassung der Basler Versicherungen Luxemburg A.G.","Klosterstraße 62, 10179, Berlin",no-vida,LURCSB0068065                                                                                                                                                                                                                                                                                                                                                                                                                                                                                                                                                                                                                                                                                                                                                                                                                                                                                                      
DEALIMJ,391200AKI3S1LQYMOZ14,"Deutsche Rhederei Versicherungs-Aktiengesellschaft i.L.","Dunkerstraße 4, 28832, Achim",no-vida,                                                                                                                                                                                                                                                                                                                                                                                                                                                                                                                                                                                                                                                                                                                                                                                                                                                                                                          
DEA08OT,529900SJ15SZVD6IG053,"Deutsche Rückversicherung Aktiengesellschaft","29 01, Heerdter Lohweg 53, 40549, Düsseldorf",reaseguros,                                                                                                                                                                                                                                                                                                                                                                                                                                                                                                                                                                                                                                                                                                                                                                                                                                                                                                  
DEC4838,,"Deutsche Telekom Rückversicherung AG","Venloer Straße 156, 50672, Köln",no-vida,                                                                                                                                                                                                                                                                                                                                                                                                                                                                                                                                                                                                                                                                                                                                                                                                                                                                                                                                              
DEA3HJ5,529900DLVONJ1CW7IA93,"DEVK Allgemeine Lebensversicherungs-Aktiengesellschaft","Riehler Straße 190, 50735, Köln",vida,                                                                                                                                                                                                                                                                                                                                                                                                                                                                                                                                                                                                                                                                                                                                                                                                                                                                                                           
DEA3NRI,529900FDWRLA4ZYA0265,"DEVK Allgemeine Versicherungs-Aktiengesellschaft","Riehler Straße 190, 50735, Köln",no-vida,                                                                                                                                                                                                                                                                                                                                                                                                                                                                                                                                                                                                                                                                                                                                                                                                                                                                                                              
DEADVYW,529900ZAG70FTEPUPF31,"DEVK Deutsche Eisenbahn Versicherung Lebensversicherungsverein a.G. Betriebliche Sozialeinrichtung d","Riehler Straße 190, 50735, Köln",vida,                                                                                                                                                                                                                                                                                                                                                                                                                                                                                                                                                                                                                                                                                                                                                                                                                                                             
DEAF39U,5299001N0EEDR4BDO761,"DEVK Deutsche Eisenbahn Versicherung Sach- und HUK-Versicherungsverein a.G. Betriebliche Sozialeinri","Riehler Straße 190, 50735, Köln",no-vida,                                                                                                                                                                                                                                                                                                                                                                                                                                                                                                                                                                                                                                                                                                                                                                                                                                                          
DEA3EMX,529900UY8SOG5D48NS65,"DEVK Krankenversicherungs-Aktiengesellschaft","68 02, Riehler Straße 190, 50735, Köln",no-vida,                                                                                                                                                                                                                                                                                                                                                                                                                                                                                                                                                                                                                                                                                                                                                                                                                                                                                                           
DEA3E8C,529900KEN9ZP48D5RE03,"DEVK Rechtsschutz-Versicherungs-Aktiengesellschaft","Riehler Straße 190, 50735, Köln",no-vida,                                                                                                                                                                                                                                                                                                                                                                                                                                                                                                                                                                                                                                                                                                                                                                                                                                                                                                            
DEA4MAK,529900UR49W5ROCER909,"DEVK Rückversicherungs- und Beteiligungs-Aktiengesellschaft - DEVK RE","Riehler Straße 190, 50735, Köln",reaseguros,                                                                                                                                                                                                                                                                                                                                                                                                                                                                                                                                                                                                                                                                                                                                                                                                                                                                                      
DEA4QRJ,391200ANZU0I8BNOGO03,"DFV Deutsche Familienversicherung AG","Reuterweg 47, 60323, Frankfurt am Main",no-vida,                                                                                                                                                                                                                                                                                                                                                                                                                                                                                                                                                                                                                                                                                                                                                                                                                                                                                                                   
DEA4QTP,549300XPRVLXTGTWQD37,"Dialog Lebensversicherungs-Aktiengesellschaft","10 15, Stadtberger Straße 99, 86157, Augsburg",vida,                                                                                                                                                                                                                                                                                                                                                                                                                                                                                                                                                                                                                                                                                                                                                                                                                                                                                                      
DEAMKQX,529900N2I4X15LEWBA27,"Dialog Versicherung Aktiengesellschaft","Adenauerring 7, 81737, München",no-vida,                                                                                                                                                                                                                                                                                                                                                                                                                                                                                                                                                                                                                                                                                                                                                                                                                                                                                                                         
DEA4TXP,39120001DQ6UZGAAES92,"Die Haftpflichtkasse VVaG","11 26, Darmstädter Straße 103, 64380, Roßdorf",no-vida,                                                                                                                                                                                                                                                                                                                                                                                                                                                                                                                                                                                                                                                                                                                                                                                                                                                                                                                       
DEALIN1,391200CHA2L8CPNU1U13,"Diehl Assekuranz Rückversicherungs- und Vermittlungs-AG","Stephanstraße 49, 90478, Nürnberg",reaseguros,                                                                                                                                                                                                                                                                                                                                                                                                                                                                                                                                                                                                                                                                                                                                                                                                                                                                                                  
DEA3J3B,529900SP1F2Q1UAIUB63,"DIREKTE LEBEN Versicherung AG","Rotebühlstraße 120, 70197, Stuttgart",vida,                                                                                                                                                                                                                                                                                                                                                                                                                                                                                                                                                                                                                                                                                                                                                                                                                                                                                                                               
DEA4NED,529900QWOC2PJX7RJV60,"DKV Deutsche Krankenversicherung Aktiengesellschaft","10 08, Aachener Straße 300, 50933, Köln",no-vida,                                                                                                                                                                                                                                                                                                                                                                                                                                                                                                                                                                                                                                                                                                                                                                                                                                                                                                   
DEALIMS,3912001AK9B3IUOLCI19,"DMB Rechtsschutz-Versicherung Aktiengesellschaft","51 06, Bonner Straße 323, 50968, Köln",no-vida,                                                                                                                                                                                                                                                                                                                                                                                                                                                                                                                                                                                                                                                                                                                                                                                                                                                                                                        
DEALIM1,5299006SQZ2FTEQA4D43,"DOCURA VVaG","Königsallee 57, 44789, Bochum",no-vida,                                                                                                                                                                                                                                                                                                                                                                                                                                                                                                                                                                                                                                                                                                                                                                                                                                                                                                                                                     
DEALIMB,391200BLDZMU9XYX1B62,"Dolleruper Freie Brandgilde","Am Wasserwerk 3, 24972, Steinbergkirche",no-vida,                                                                                                                                                                                                                                                                                                                                                                                                                                                                                                                                                                                                                                                                                                                                                                                                                                                                                                                           
DEAMKQV,391200XMCIX2BEXRSI58,"Domestic & General Insurance Europe AG","Hagenauer Straße 44, 65203, Wiesbaden",no-vida,                                                                                                                                                                                                                                                                                                                                                                                                                                                                                                                                                                                                                                                                                                                                                                                                                                                                                                                  
DEALNRG,,"DOMESTIC & GENERAL INSURANCE PLC Versicherungsgesellschaft - Direktion für Deutschland","Hagenauer Straße 44, 65203, Wiesbaden",no-vida,GB0ECBM11839                                                                                                                                                                                                                                                                                                                                                                                                                                                                                                                                                                                                                                                                                                                                                                                                                                                                          
DEALI3S,5299002FMJ2VAJSJJM09,"Dortmunder Lebensversicherung AG","Südwall 37-41, 44137, Dortmund",vida,                                                                                                                                                                                                                                                                                                                                                                                                                                                                                                                                                                                                                                                                                                                                                                                                                                                                                                                                  
DEAI5RT,391200XC0WAV9YGM1J22,"E + H EINZMANN UND HANSELMANN VERSICHERUNGSMAKLER GMBH","GÖPPINGER STR. 1, 75179, PFORZHEIM",,                                                                                                                                                                                                                                                                                                                                                                                                                                                                                                                                                                                                                                                                                                                                                                                                                                                                                                            
DEA3MEA,529900UCN37OZCXGVW88,"E+S Rückversicherung AG","61 03, Karl-Wiechert-Allee 50, 30625, Hannover",reaseguros,                                                                                                                                                                                                                                                                                                                                                                                                                                                                                                                                                                                                                                                                                                                                                                                                                                                                                                                     
DEALILO,,"East-West Assekuranz AG","Mauerstraße 83/84, 10117, Berlin",no-vida,                                                                                                                                                                                                                                                                                                                                                                                                                                                                                                                                                                                                                                                                                                                                                                                                                                                                                                                                                          
DEA5ABG,391200HDLNO3ZVABYX33,"ELEMENT Insurance AG","Karl-Marx-Allee 3, 10178, Berlin",no-vida,                                                                                                                                                                                                                                                                                                                                                                                                                                                                                                                                                                                                                                                                                                                                                                                                                                                                                                                                         
DEALI3Q,,"Elips Life AG, Triesen, Zweigniederlassung Deutschland","Im Mediapark 8 / Köln Turm, 50670, Köln",vida,LI0ECBM00267                                                                                                                                                                                                                                                                                                                                                                                                                                                                                                                                                                                                                                                                                                                                                                                                                                                                                                           
DEA50EZ,529900Y9C00CCXDYR277,"Entis Lebensversicherung AG","Dornhofstraße 36, 63263, Neu-Isenburg",vida,                                                                                                                                                                                                                                                                                                                                                                                                                                                                                                                                                                                                                                                                                                                                                                                                                                                                                                                                
DEA4IZO,549300OQ94C7KRGGC351,"ENVIVAS Krankenversicherung Aktiengesellschaft","Gereonswall 68, 50670, Köln",no-vida,                                                                                                                                                                                                                                                                                                                                                                                                                                                                                                                                                                                                                                                                                                                                                                                                                                                                                                                    
DEA3HOY,529900TR199NLPAZS345,"ERGO Direkt Versicherung Aktiengesellschaft","Karl-Martell-Straße 60, 90431, Nürnberg",no-vida,                                                                                                                                                                                                                                                                                                                                                                                                                                                                                                                                                                                                                                                                                                                                                                                                                                                                                                           
DEA3SQR,529900E2QCJZYS6TCV63,"ERGO Krankenversicherung AG","Karl-Martell-Straße 60, 90344, Nürnberg",no-vida,                                                                                                                                                                                                                                                                                                                                                                                                                                                                                                                                                                                                                                                                                                                                                                                                                                                                                                                           
DEA0J5X,529900JFXJ4FC97TBH39,"ERGO Lebensversicherung Aktiengesellschaft","Überseering 45, 22297, Hamburg",vida,                                                                                                                                                                                                                                                                                                                                                                                                                                                                                                                                                                                                                                                                                                                                                                                                                                                                                                                        
DEA4JJT,529900GPC0BEXNKO6N32,"ERGO Reiseversicherung AG","80 05, Thomas-Dehler-Straße 2, 81737, München",no-vida,                                                                                                                                                                                                                                                                                                                                                                                                                                                                                                                                                                                                                                                                                                                                                                                                                                                                                                                       
DEA09SZ,529900TZURIWZSMOYV38,"ERGO Versicherung Aktiengesellschaft","ERGO-Platz 1, 40477, Düsseldorf",no-vida,                                                                                                                                                                                                                                                                                                                                                                                                                                                                                                                                                                                                                                                                                                                                                                                                                                                                                                                          
DEA02JW,529900KGSLBWVSQMMY03,"ERGO Vorsorge Lebensversicherung Aktiengesellschaft","ERGO-Platz 1, 40477, Düsseldorf",vida,                                                                                                                                                                                                                                                                                                                                                                                                                                                                                                                                                                                                                                                                                                                                                                                                                                                                                                              
DEALI40,529900ITHHBG0IXANG14,"Erste Kieler Beerdigungskasse","Kronshagener Weg 8, 24103, Kiel",vida,                                                                                                                                                                                                                                                                                                                                                                                                                                                                                                                                                                                                                                                                                                                                                                                                                                                                                                                                    
DEADQX1,529900G1B8AXELNRG982,"Euler Hermes Deutschland Niederlassung der Euler Hermes SA","Friedensallee 254, 22763, Hamburg",no-vida,BE0403248596                                                                                                                                                                                                                                                                                                                                                                                                                                                                                                                                                                                                                                                                                                                                                                                                                                                                                      
DEA4QFL,391200VIGX0TM4EAM004,"Euro-Aviation Versicherungs-Aktiengesellschaft","Hochallee 80, 20149, Hamburg",no-vida,                                                                                                                                                                                                                                                                                                                                                                                                                                                                                                                                                                                                                                                                                                                                                                                                                                                                                                                   
DEALIL9,,"EUROMAF Assurance des Ingénieurs et Architectes Européens Zweigniederlassung Düsseldorf","Kai-Straße 13, 40221, Düsseldorf",no-vida,FR429599509                                                                                                                                                                                                                                                                                                                                                                                                                                                                                                                                                                                                                                                                                                                                                                                                                                                                               
DEA4SHJ,391200018L7Q1Q8NDT38,"EUROPA Lebensversicherung Aktiengesellschaft","10 07, Piusstraße 137, 50931, Köln",vida,                                                                                                                                                                                                                                                                                                                                                                                                                                                                                                                                                                                                                                                                                                                                                                                                                                                                                                                  
DEA4OWZ,39120001JJVAIJ0UKM86,"EUROPA Versicherung Aktiengesellschaft","10 07, Piusstraße 137, 50931, Köln",no-vida,                                                                                                                                                                                                                                                                                                                                                                                                                                                                                                                                                                                                                                                                                                                                                                                                                                                                                                                     
DEA4P4T,391200UYFHXN0Z3A9F63,"EXTREMUS Versicherungs-Aktiengesellschaft","Hohenzollernring 85-87, 50672, Köln",no-vida,                                                                                                                                                                                                                                                                                                                                                                                                                                                                                                                                                                                                                                                                                                                                                                                                                                                                                                                 
DEALIMN,875500DHIT5X53BX0V68,"F. Laeisz Versicherung Aktiengesellschaft","11 11, Trostbrücke 1, 20457, Hamburg",no-vida,                                                                                                                                                                                                                                                                                                                                                                                                                                                                                                                                                                                                                                                                                                                                                                                                                                                                                                                
DEA4T9O,391200OYMCD4BROEU420,"Fahrlehrerversicherung Verein auf Gegenseitigkeit","31 12, Mittlerer Pfad 5, 70499, Stuttgart",no-vida,                                                                                                                                                                                                                                                                                                                                                                                                                                                                                                                                                                                                                                                                                                                                                                                                                                                                                                   
DEAORNU,529900V5M73NP4LCWU50,"Ferrostaal Pension Trust e.V.","Hohenzollernstraße 24, 45128, Essen",reaseguros,                                                                                                                                                                                                                                                                                                                                                                                                                                                                                                                                                                                                                                                                                                                                                                                                                                                                                                                          
DEALIM4,529900VE8J8DFSSH4590,"Feuer- und Einbruchschadenkasse der BBBank in Karlsruhe, Versicherungsverein auf Gegenseitigkeit","14 28, Herrenstraße 2-10, 76133, Karlsruhe",no-vida,                                                                                                                                                                                                                                                                                                                                                                                                                                                                                                                                                                                                                                                                                                                                                                                                                                                   
DEALI47,391200EGSDRV9FDNYM60,"Feuerbestattungsverein VVaG","12 25, Tschirnhausweg 6, 95100, Selb",vida,                                                                                                                                                                                                                                                                                                                                                                                                                                                                                                                                                                                                                                                                                                                                                                                                                                                                                                                                 
DEA4L4K,529900WUQRFPNCX6F627,"Feuersozietät Berlin Brandenburg Versicherung Aktiengesellschaft","Am Karlsbad 4-5, 10785, Berlin",no-vida,                                                                                                                                                                                                                                                                                                                                                                                                                                                                                                                                                                                                                                                                                                                                                                                                                                                                                               
DEALI3J,,"Financial Assurance Company Limited, Lebensversicherung, Niederlassung Deutschland","Martin Behaim Straße 22, 63263, Neu Isenburg",vida,                                                                                                                                                                                                                                                                                                                                                                                                                                                                                                                                                                                                                                                                                                                                                                                                                                                                                      
DEALIL7,,"Financial Insurance Company Limited Niederlassung Deutschland","Martin-Behaim-Straße22, 63263, Neu Isenburg",no-vida,                                                                                                                                                                                                                                                                                                                                                                                                                                                                                                                                                                                                                                                                                                                                                                                                                                                                                                         
DEALIN6,,"FM Insurance Company Limited London Direktion für Deutschland","Eschersheimer Landstraße 55, 60322, Frankfurt am Main",no-vida,GB0ECBM0605                                                                                                                                                                                                                                                                                                                                                                                                                                                                                                                                                                                                                                                                                                                                                                                                                                                                                    
DEA7E7D,,"FM Insurance Europe S.A., Niederlassung für Deutschland","Eschersheimer Landstraße55, 60322, Frankfurt am Main",no-vida,LURCSB0211309                                                                                                                                                                                                                                                                                                                                                                                                                                                                                                                                                                                                                                                                                                                                                                                                                                                                                         
DEA5AVZ,391200NDMPXXGG4AAL42,"Frankfurt Münchener Lebensversicherung AG","Stahlgruberring 52, 81829, München",vida,                                                                                                                                                                                                                                                                                                                                                                                                                                                                                                                                                                                                                                                                                                                                                                                                                                                                                                                     
DEA5567,5299006CY6MZGULJ1G59,"Frankfurter Lebensversicherung AG","21 63, Am Weidenring 56, 61352, Bad Homburg v.d. Höhe",vida,                                                                                                                                                                                                                                                                                                                                                                                                                                                                                                                                                                                                                                                                                                                                                                                                                                                                                                          
DEALIN2,5299009IRC7Y2L0WKE78,"Freudenberg Rückversicherung AG","Höhnerweg 2-4, 69469, Weinheim",reaseguros,                                                                                                                                                                                                                                                                                                                                                                                                                                                                                                                                                                                                                                                                                                                                                                                                                                                                                                                             
DEAKWSV,529900VP9LARV2YUVE42,"Fürsorgekasse von 1908 vormals Sterbekasse der Neuapostolischen Kirche des Landes Nordrhein-Westfalen","Uerdinger Straße 323, 47800, Krefeld",vida,                                                                                                                                                                                                                                                                                                                                                                                                                                                                                                                                                                                                                                                                                                                                                                                                                                                       
DEALI3M,,"FWU Life Insurance Lux S.A. Niederlassung Deutschland","Betzenstraße 6, 66111, Saarbrücken",vida,                                                                                                                                                                                                                                                                                                                                                                                                                                                                                                                                                                                                                                                                                                                                                                                                                                                                                                                             
DEA4T88,391200HNA3OYHKF2JS51,"GARANTA Versicherungs-Aktiengesellschaft","Ostendstraße 100, 90482, Nürnberg",no-vida,                                                                                                                                                                                                                                                                                                                                                                                                                                                                                                                                                                                                                                                                                                                                                                                                                                                                                                                    
DEA4RLA,391200011QQA4CUBIT72,"Gartenbau-Versicherung VVaG","21 29, Von-Frerichs-Straße 8, 65191, Wiesbaden",no-vida,                                                                                                                                                                                                                                                                                                                                                                                                                                                                                                                                                                                                                                                                                                                                                                                                                                                                                                                    
DEALI3Z,967600VD2ZZ4XH58AO13,"GE.BE.IN Versicherungen Versicherungsverein auf Gegenseitigkeit","Nordstraße 5-11, 28217, Bremen",vida,                                                                                                                                                                                                                                                                                                                                                                                                                                                                                                                                                                                                                                                                                                                                                                                                                                                                                                   
DEALIMD,3912001EJ1IUVPJ7XY65,"Gebäudeversicherungsgilde für Föhr,Amrum und Halligen","Lung Jaat 11, 25938, Utersum/Föhr",no-vida,                                                                                                                                                                                                                                                                                                                                                                                                                                                                                                                                                                                                                                                                                                                                                                                                                                                                                                       
DEALI3B,39120001WRHJGOBUBS61,"Gemeinnützige Haftpflicht-Versicherungsanstalt Darmstadt","Bartningstraße 59, 64289, Darmstadt",no-vida,                                                                                                                                                                                                                                                                                                                                                                                                                                                                                                                                                                                                                                                                                                                                                                                                                                                                                                  
DEALIM5,391200Y7YRKMSGLP9123,"Gemeinnützige Haftpflichtversicherungsanstalt Kassel","10 13, Falderbaumstraße 41, 34123, Kassel",no-vida,                                                                                                                                                                                                                                                                                                                                                                                                                                                                                                                                                                                                                                                                                                                                                                                                                                                                                                
DEA4LH6,391200QTD6VW5OOK0Z35,"General Reinsurance AG","10 22, Theodor-Heuss-Ring 11, 50668, Köln",reaseguros,                                                                                                                                                                                                                                                                                                                                                                                                                                                                                                                                                                                                                                                                                                                                                                                                                                                                                                                           
DEA0C7A,549300DW8ADSKF8GBZ85,"Generali Deutschland AG","Adenauerring 7, 81737, München",reaseguros,                                                                                                                                                                                                                                                                                                                                                                                                                                                                                                                                                                                                                                                                                                                                                                                                                                                                                                                                     
DEA3UZU,549300GILTB7OPZ51P54,"Generali Deutschland Krankenversicherung AG","Adenauerring 7, 81737, München",no-vida,                                                                                                                                                                                                                                                                                                                                                                                                                                                                                                                                                                                                                                                                                                                                                                                                                                                                                                                    
DEA3MH7,5493005KH7FO1T5TMX47,"Generali Deutschland Lebensversicherung AG","Adenauerring 7, 81737, München",vida,                                                                                                                                                                                                                                                                                                                                                                                                                                                                                                                                                                                                                                                                                                                                                                                                                                                                                                                        
DEA3G3Z,5493007JO8UEQ68NG776,"Generali Deutschland Versicherung AG","Adenauerring 7, 81737, München",no-vida,                                                                                                                                                                                                                                                                                                                                                                                                                                                                                                                                                                                                                                                                                                                                                                                                                                                                                                                           
DEALIMI,391200HKIGKAN65IXL88,"GGG Kraftfahrzeug-Reparaturkosten-Versicherungs-Aktiengesellschaft","11 02, Magdeburger Straße 7, 30880, Laatzen",no-vida,                                                                                                                                                                                                                                                                                                                                                                                                                                                                                                                                                                                                                                                                                                                                                                                                                                                                                
DEA077F,5299003C59ODEKQIR849,"Gothaer Allgemeine Versicherung Aktiengesellschaft","Gothaer Allee 1, 50969, Köln",no-vida,                                                                                                                                                                                                                                                                                                                                                                                                                                                                                                                                                                                                                                                                                                                                                                                                                                                                                                               
DEA4SGS,529900EPT5BJG6RFEI05,"Gothaer Krankenversicherung Aktiengesellschaft","Arnoldiplatz 1, 50969, Köln",no-vida,                                                                                                                                                                                                                                                                                                                                                                                                                                                                                                                                                                                                                                                                                                                                                                                                                                                                                                                    
DEA4MCO,529900N11WB8X1CESJ42,"Gothaer Lebensversicherung Aktiengesellschaft","Arnoldiplatz 1, 50969, Köln",vida,                                                                                                                                                                                                                                                                                                                                                                                                                                                                                                                                                                                                                                                                                                                                                                                                                                                                                                                        
DEA4LH4,529900NSTVDSQCTI3S35,"Gothaer Versicherungsbank VVaG","Arnoldiplatz 1, 50969, Köln",no-vida,                                                                                                                                                                                                                                                                                                                                                                                                                                                                                                                                                                                                                                                                                                                                                                                                                                                                                                                                    
DEALI56,,"Gouda Versicherungs-AG Niederlassung für Deutschland","Niederkasseler Lohweg 191, 40547, Düsseldorf",no-vida,NL2752920                                                                                                                                                                                                                                                                                                                                                                                                                                                                                                                                                                                                                                                                                                                                                                                                                                                                                                        
DEA06HT,529900L9ZF0WUNQRKY64,"Great Lakes Insurance SE","Königinstraße 107, 80802, München",no-vida,                                                                                                                                                                                                                                                                                                                                                                                                                                                                                                                                                                                                                                                                                                                                                                                                                                                                                                                                    
DEA4PFZ,5299003I8RGSF0TXIF97,"GRUNDEIGENTÜMER-VERSICHERUNG Versicherungsverein auf Gegenseitigkeit","Große Bäckerstraße 7, 20095, Hamburg",no-vida,                                                                                                                                                                                                                                                                                                                                                                                                                                                                                                                                                                                                                                                                                                                                                                                                                                                                                     
DEA4LY4,3912004HLMN5QUFMUT92,"GVO Gegenseitigkeit Versicherung Oldenburg VVaG","27 60, GVO-Platz 1, 26160, Bad Zwischenahn",no-vida,                                                                                                                                                                                                                                                                                                                                                                                                                                                                                                                                                                                                                                                                                                                                                                                                                                                                                                    
DEA4J1L,391200SYLSPQPLQMSJ70,"GVV Direktversicherung AG","40 06, Aachener Straße 952-958, 50933, Köln",no-vida,                                                                                                                                                                                                                                                                                                                                                                                                                                                                                                                                                                                                                                                                                                                                                                                                                                                                                                                         
DEA4RKL,391200CNCL1N0CVZLY23,"GVV-Kommunalversicherung, Versicherungsverein auf Gegenseitigkeit","40 06, Aachener Straße 952-958, 50933, Köln",no-vida,                                                                                                                                                                                                                                                                                                                                                                                                                                                                                                                                                                                                                                                                                                                                                                                                                                                                                 
DEA4KPC,391200MNVDHDHFHF1J46,"Haftpflichtgemeinschaft Deutscher Nahverkehrs- und Versorgungsunternehmen Allgemein (HDNA) VVaG","10 10, Arndtstraße 26, 44787, Bochum",no-vida,                                                                                                                                                                                                                                                                                                                                                                                                                                                                                                                                                                                                                                                                                                                                                                                                                                                          
DEALIM8,391200GAD7SXQ3XK8711,"Hagelgilde Versicherungsverein a.G., gegründet 1811","Zur Seewiese 2, 23701, Süsel",no-vida,                                                                                                                                                                                                                                                                                                                                                                                                                                                                                                                                                                                                                                                                                                                                                                                                                                                                                                              
DEAH0OG,391200IM9G4LWW12LC03,"Häger Versicherungsverein auf Gegenseitigkeit","Engerstraße 119, 33824, Werther",no-vida,                                                                                                                                                                                                                                                                                                                                                                                                                                                                                                                                                                                                                                                                                                                                                                                                                                                                                                                 
DEA4KLU,529900XQ57FKN2Q8AX34,"Hallesche Krankenversicherung auf Gegenseitigkeit","10 60, Löffelstraße 34-38, 70597, Stuttgart",no-vida,                                                                                                                                                                                                                                                                                                                                                                                                                                                                                                                                                                                                                                                                                                                                                                                                                                                                                                 
DEALI4X,391200HKR4KRFXBPQR66,"Hamburger Beamten-Feuer-und Einbruchskasse","Hermannstraße 46, 20095, Hamburg",no-vida,                                                                                                                                                                                                                                                                                                                                                                                                                                                                                                                                                                                                                                                                                                                                                                                                                                                                                                                   
DEA4NFY,52990055AHR3ZIX04W36,"Hamburger Feuerkasse Versicherungs-Aktiengesellschaft","10 27, Kleiner Burstah 6-10, 20457, Hamburg",no-vida,                                                                                                                                                                                                                                                                                                                                                                                                                                                                                                                                                                                                                                                                                                                                                                                                                                                                                             
DEALI51,391200HN3ZTWVEHMVW20,"Hamburger Lehrer-Feuerkasse","Müssenredder 96c, 22399, Hamburg",no-vida,                                                                                                                                                                                                                                                                                                                                                                                                                                                                                                                                                                                                                                                                                                                                                                                                                                                                                                                                  
DEAC2LN,,"HAMBURGER PHÖNIX MAXPOOL GRUPPE AG","Glockengießerwall 2, 20095, Hamburg",,                                                                                                                                                                                                                                                                                                                                                                                                                                                                                                                                                                                                                                                                                                                                                                                                                                                                                                                                                   
DEA3KF3,529900KIN5BE45V5KB18,"Hannover Rück SE","61 03, Karl-Wiechert-Allee 50, 30625, Hannover",reaseguros,                                                                                                                                                                                                                                                                                                                                                                                                                                                                                                                                                                                                                                                                                                                                                                                                                                                                                                                            
DEA48KD,529900IR20LRC6IRL731,"Hannoversche Lebensversicherung AG","VHV-Platz 1, 30177, Hannover",vida,                                                                                                                                                                                                                                                                                                                                                                                                                                                                                                                                                                                                                                                                                                                                                                                                                                                                                                                                  
DEALIML,391200KEZF5UDAZB0007,"Hanse-Marine-Versicherung AG","Großer Grasbrook 10, 20457, Hamburg",no-vida,                                                                                                                                                                                                                                                                                                                                                                                                                                                                                                                                                                                                                                                                                                                                                                                                                                                                                                                              
DEA0136,5299002P2IA2CE0C9553,"HanseMerkur Allgemeine Versicherung AG","Siegfried-Wedells-Platz 1, 20354, Hamburg",no-vida,                                                                                                                                                                                                                                                                                                                                                                                                                                                                                                                                                                                                                                                                                                                                                                                                                                                                                                              
DEA05SZ,529900JZW8EYGT38I892,"HanseMerkur Krankenversicherung AG","Siegfried-Wedells-Platz 1, 20354, Hamburg",no-vida,                                                                                                                                                                                                                                                                                                                                                                                                                                                                                                                                                                                                                                                                                                                                                                                                                                                                                                                  
DEAIC4G,52990094QELUKUA8DQ87,"HanseMerkur Krankenversicherung auf Gegenseitigkeit","Siegfried-Wedells-Platz 1, 20354, Hamburg",no-vida,                                                                                                                                                                                                                                                                                                                                                                                                                                                                                                                                                                                                                                                                                                                                                                                                                                                                                                 
DEA4UDE,5299005Y2ECDV24CQ115,"HanseMerkur Lebensversicherung AG","Siegfried-Wedells-Platz 1, 20354, Hamburg",vida,                                                                                                                                                                                                                                                                                                                                                                                                                                                                                                                                                                                                                                                                                                                                                                                                                                                                                                                      
DEA03HV,529900M00MVOLQRGVH36,"HanseMerkur Reiseversicherung AG","Siegfried-Wedells-Platz 1, 20354, Hamburg",no-vida,                                                                                                                                                                                                                                                                                                                                                                                                                                                                                                                                                                                                                                                                                                                                                                                                                                                                                                                    
DEA075G,5299008EFBX9HXFQDF49,"HanseMerkur Speziale Krankenversicherung AG","Siegfried-Wedells-Platz 1, 20354, Hamburg",no-vida,                                                                                                                                                                                                                                                                                                                                                                                                                                                                                                                                                                                                                                                                                                                                                                                                                                                                                                         
DEALIMH,529900O8RCS3FP7MMD55,"Harsewinkeler Versicherung VaG","Hauptstraße 28, 33428, Harsewinkel",no-vida,                                                                                                                                                                                                                                                                                                                                                                                                                                                                                                                                                                                                                                                                                                                                                                                                                                                                                                                             
DEALILS,,"HCC International Insurance Company PLC Deutsche Niederlassung","Ottostraße 10, 80333, München",no-vida,GB0ECBM05112                                                                                                                                                                                                                                                                                                                                                                                                                                                                                                                                                                                                                                                                                                                                                                                                                                                                                                          
DEA4QHA,529900BX7MDBNZEVQ974,"HDI Global Network AG","51036, HDI-Platz 1, 30659, Hannover",reaseguros,                                                                                                                                                                                                                                                                                                                                                                                                                                                                                                                                                                                                                                                                                                                                                                                                                                                                                                                                  
DEA0E8F,529900HLKNZ5YWV20989,"HDI Global SE","51 03, HDI-Platz 1, 30659, Hannover",no-vida,                                                                                                                                                                                                                                                                                                                                                                                                                                                                                                                                                                                                                                                                                                                                                                                                                                                                                                                                             
DEA4NNK,5299004VW9WNRHTLF050,"HDI Global Specialty SE","HDI-Platz 1, 30659, Hannover",no-vida,                                                                                                                                                                                                                                                                                                                                                                                                                                                                                                                                                                                                                                                                                                                                                                                                                                                                                                                                          
DEA429P,529900F2F9VZ5FRROH89,"HDI Haftpflichtverband der Deutschen Industrie Versicherungsverein auf Gegenseitigkeit","51 03, HDI-Platz 1, 30659, Hannover",no-vida,                                                                                                                                                                                                                                                                                                                                                                                                                                                                                                                                                                                                                                                                                                                                                                                                                                                                    
DEA3FJU,5299004Y9OOH1UB9EH77,"HDI Lebensversicherung AG","Charles-de-Gaulle-Platz 1, 50679, Köln",vida,                                                                                                                                                                                                                                                                                                                                                                                                                                                                                                                                                                                                                                                                                                                                                                                                                                                                                                                                 
DEA4QXT,52990022107L9199GO56,"HDI Versicherung AG","51 03, HDI-Platz 1, 30659, Hannover",no-vida,                                                                                                                                                                                                                                                                                                                                                                                                                                                                                                                                                                                                                                                                                                                                                                                                                                                                                                                                       
DEA4HL6,5299009DQXHSBZFOUL73,"HDI Vorsorge Lebensversicherung AG","ProACTIV-Platz 1, 40721, Hilden",vida,                                                                                                                                                                                                                                                                                                                                                                                                                                                                                                                                                                                                                                                                                                                                                                                                                                                                                                                               
DEALILN,,"HDI-Gerling Verzekeringen N.V. Niederlassung für Deutschland","Im Mediapark 5, 50670, Köln",no-vida,                                                                                                                                                                                                                                                                                                                                                                                                                                                                                                                                                                                                                                                                                                                                                                                                                                                                                                                          
DEA4DPP,529900X7W93DV2OJMG60,"Heidelberger Lebensversicherung AG","Dornhofstraße 36, 63263, Neu-Isenburg",vida,                                                                                                                                                                                                                                                                                                                                                                                                                                                                                                                                                                                                                                                                                                                                                                                                                                                                                                                         
DEAMI63,,"Hellbach GmbH & Co. Beteiligungs- und Vermogensverwaltungs KG","Platz Der Volkerfreundschaft, 02625, Bautzen",,                                                                                                                                                                                                                                                                                                                                                                                                                                                                                                                                                                                                                                                                                                                                                                                                                                                                                                               
DEA4TD8,5299009FJSDXWDU8TP58,"HELVETIA schweizerische Lebensversicherungs-Aktiengesellschaft","10 10, Weißadlergasse 2, 60311, Frankfurt am Main",vida,                                                                                                                                                                                                                                                                                                                                                                                                                                                                                                                                                                                                                                                                                                                                                                                                                                                                                 
DEALIM6,,"Helvetia Schweizerische Versicherungsgesellschaft AG Direktion für Deutschland","10 10, Berliner Straße 56-58, 60311, Frankfurt am Main",no-vida,                                                                                                                                                                                                                                                                                                                                                                                                                                                                                                                                                                                                                                                                                                                                                                                                                                                                             
DEA4LAO,529900C8O9AQJN1UWQ80,"Helvetia Versicherungs-Aktiengesellschaft","20 02, Berliner Straße 56-58, 60311, Frankfurt am Main",no-vida,                                                                                                                                                                                                                                                                                                                                                                                                                                                                                                                                                                                                                                                                                                                                                                                                                                                                                              
DEALI3V,391200RQSJJJCJOKOS23,"Hilfskasse BVG","Holzmarktstraße 15-17, 10179, Berlin",vida,                                                                                                                                                                                                                                                                                                                                                                                                                                                                                                                                                                                                                                                                                                                                                                                                                                                                                                                                              
DEALI4A,529900YLDYHUUNHP5O91,"Hinterbliebenenkasse der Heilberufe HDH Versicherungsverein a.G. in München","Arcisstraße 50, 80799, München",vida,                                                                                                                                                                                                                                                                                                                                                                                                                                                                                                                                                                                                                                                                                                                                                                                                                                                                                       
DEALIL4,,"Hiscox Insurance Company Limited, Niederlassung für die Bundesrepublik Deutschland","Arnulfstraße 31, 80636, München",no-vida,GB0ECBM04560                                                                                                                                                                                                                                                                                                                                                                                                                                                                                                                                                                                                                                                                                                                                                                                                                                                                                    
DEA4NWL,529900RWQFA9OE7R7S35,"Hochrhein Internationale Rückversicherung Aktiengesellschaft","Stemmerstraße 14, 78266, Büsingen am Hochrhein",reaseguros,                                                                                                                                                                                                                                                                                                                                                                                                                                                                                                                                                                                                                                                                                                                                                                                                                                                                                
DEALI3U,391200DNAWFZ3D1MIB56,"Höchster Sterbekasse VVaG","Brüningstraße 50, 65929, Frankfurt am Main",vida,                                                                                                                                                                                                                                                                                                                                                                                                                                                                                                                                                                                                                                                                                                                                                                                                                                                                                                                             
DEAPWS8,391200QVSBBARY4A4564,"Horster Brandgilde VVaG","An der Bundesstraße 21, 25358, Horst",no-vida,                                                                                                                                                                                                                                                                                                                                                                                                                                                                                                                                                                                                                                                                                                                                                                                                                                                                                                                                  
DEAC3J8,391200RD1DA0QVE8SG90,"Hübener Versicherungs-Aktiengesellschaft","Hermannstraße 15, 20095, Hamburg",no-vida,                                                                                                                                                                                                                                                                                                                                                                                                                                                                                                                                                                                                                                                                                                                                                                                                                                                                                                                     
DEA4PZK,5299006UOB04XGVYLC23,"HUK-COBURG Haftpflicht-Unterstützungs-Kasse kraftfahrender Beamter Deutschlands a.G. in Coburg","Postf, HUK-COBURG-Platz 1, 96450, Coburg",no-vida,                                                                                                                                                                                                                                                                                                                                                                                                                                                                                                                                                                                                                                                                                                                                                                                                                                                       
DEA4MTE,529900M4BAPIMSFMLZ87,"HUK-COBURG-Allgemeine Versicherung AG","18 02, Bahnhofsplatz, 96450, Coburg",no-vida,                                                                                                                                                                                                                                                                                                                                                                                                                                                                                                                                                                                                                                                                                                                                                                                                                                                                                                                     
DEA4KQE,529900YF84RJTUT1J066,"HUK-COBURG-Holding AG","Bahnhofsplatz, 96450, Coburg",reaseguros,                                                                                                                                                                                                                                                                                                                                                                                                                                                                                                                                                                                                                                                                                                                                                                                                                                                                                                                                         
DEA4NRM,529900024LQFO29Q3P04,"HUK-COBURG-Krankenversicherung AG","18 02, Bahnhofsplatz, 96450, Coburg",no-vida,                                                                                                                                                                                                                                                                                                                                                                                                                                                                                                                                                                                                                                                                                                                                                                                                                                                                                                                         
DEA4NUU,529900CJIZGMQC75EY75,"HUK-COBURG-Lebensversicherung AG","18 02, Bahnhofsplatz, 96450, Coburg",vida,                                                                                                                                                                                                                                                                                                                                                                                                                                                                                                                                                                                                                                                                                                                                                                                                                                                                                                                             
DEA4JVN,529900E03BV70LZUXG74,"HUK-COBURG-Rechtsschutzversicherung AG","18 02, Willi-Hussong-Straße 2, 96450, Coburg",no-vida,                                                                                                                                                                                                                                                                                                                                                                                                                                                                                                                                                                                                                                                                                                                                                                                                                                                                                                           
DEA4RH0,5299000B8ZS2FG8DAQ18,"HUK24 AG","Willi-Hussong-Straße 2, 96450, Coburg",no-vida,                                                                                                                                                                                                                                                                                                                                                                                                                                                                                                                                                                                                                                                                                                                                                                                                                                                                                                                                                
DEA09XQ,391200U1YRJKHGN16283,"IDEAL Lebensversicherung a.G.","11 01, Kochstraße 26, 10969, Berlin",vida,                                                                                                                                                                                                                                                                                                                                                                                                                                                                                                                                                                                                                                                                                                                                                                                                                                                                                                                                
DEA4RWU,391200P9AKL5S3QC2020,"IDEAL Sterbekasse Lebensversicherung AG","Kochstraße 26, 10969, Berlin",vida,                                                                                                                                                                                                                                                                                                                                                                                                                                                                                                                                                                                                                                                                                                                                                                                                                                                                                                                             
DEA4M9A,391200FTECB193POGJ72,"IDEAL Versicherung AG","11 01, Kochstraße 26, 10969, Berlin",no-vida,                                                                                                                                                                                                                                                                                                                                                                                                                                                                                                                                                                                                                                                                                                                                                                                                                                                                                                                                     
DEALIL8,,"If Schadenversicherung AG Direktion für Deutschland","Siemensstraße 9, 63263, Neu-Isenburg",no-vida,SE5164018102                                                                                                                                                                                                                                                                                                                                                                                                                                                                                                                                                                                                                                                                                                                                                                                                                                                                                                              
DEAMI69,,"IMG Immobilienbesitz Gmbh","Georg-Schumann-Strasse, 04159, Leipzig",,                                                                                                                                                                                                                                                                                                                                                                                                                                                                                                                                                                                                                                                                                                                                                                                                                                                                                                                                                         
DEALIN3,529900P68MPK4CZXZ323,"Incura AG","Binger Straße 173, 55218, Ingelheim am Rhein",reaseguros,                                                                                                                                                                                                                                                                                                                                                                                                                                                                                                                                                                                                                                                                                                                                                                                                                                                                                                                                     
DEA4KFK,5299001ALWM6I1SS5A84,"INTER Allgemeine Versicherung AG","10 16, Erzbergerstraße 9-15, 68165, Mannheim",no-vida,                                                                                                                                                                                                                                                                                                                                                                                                                                                                                                                                                                                                                                                                                                                                                                                                                                                                                                                 
DEA4QDQ,5299000IB8EF0KRX8179,"INTER Krankenversicherung AG","Erzbergerstraße 9-15, 68165, Mannheim",no-vida,                                                                                                                                                                                                                                                                                                                                                                                                                                                                                                                                                                                                                                                                                                                                                                                                                                                                                                                            
DEA4R6V,5299004Q6B6J1RWLZG45,"INTER Lebensversicherung AG","Erzbergerstraße 9-15, 68165, Mannheim",vida,                                                                                                                                                                                                                                                                                                                                                                                                                                                                                                                                                                                                                                                                                                                                                                                                                                                                                                                                
DEALIMT,,"Inter Partner Assistance S.A. Direktion für Deutschland","Colonia-Allee 10-20, 51067, Köln",no-vida,BE0415591055                                                                                                                                                                                                                                                                                                                                                                                                                                                                                                                                                                                                                                                                                                                                                                                                                                                                                                              
DEA4OO8,529900TYTLWBNAE7CV88,"INTER Versicherungsverein aG","Erzbergerstraße 9-15, 68165, Mannheim",no-vida,                                                                                                                                                                                                                                                                                                                                                                                                                                                                                                                                                                                                                                                                                                                                                                                                                                                                                                                            
DEA4NYS,391200GWEMT1F0BUHB43,"Interlloyd Versicherungs-Aktiengesellschaft","ARAG Platz 1, 40472, Düsseldorf",no-vida,                                                                                                                                                                                                                                                                                                                                                                                                                                                                                                                                                                                                                                                                                                                                                                                                                                                                                                                   
DEA4NFA,391200H117VYXEFJBC60,"InterRisk Lebensversicherungs-AG Vienna Insurance Group.","25 72, Carl-Bosch-Straße 5, 65203, Wiesbaden",vida,                                                                                                                                                                                                                                                                                                                                                                                                                                                                                                                                                                                                                                                                                                                                                                                                                                                                                            
DEA4IYZ,391200OHYAVZHRP0BA02,"InterRisk Versicherungs-AG Vienna Insurance Group.","2572, Carl-Bosch-Straße 5, 65203, Wiesbaden",no-vida,                                                                                                                                                                                                                                                                                                                                                                                                                                                                                                                                                                                                                                                                                                                                                                                                                                                                                                
DEALI3P,,"iptiQ Life S.A., Niederlassung Deutschland","Arabellastraße 30, 81925, München",vida,LURCSB0184281                                                                                                                                                                                                                                                                                                                                                                                                                                                                                                                                                                                                                                                                                                                                                                                                                                                                                                                            
DEA4SO0,391200AWRFLLKXEB6X19,"ISSELHORSTER Versicherung V.a.G.","50 63, Haller Straße 90, 33334, Gütersloh",no-vida,                                                                                                                                                                                                                                                                                                                                                                                                                                                                                                                                                                                                                                                                                                                                                                                                                                                                                                                    
DEA4SXB,391200NLGFNIFNXWRK83,"Itzehoer Lebensversicherungs-Aktiengesellschaft","15 51, Itzehoer Platz, 25524, Itzehoe",vida,                                                                                                                                                                                                                                                                                                                                                                                                                                                                                                                                                                                                                                                                                                                                                                                                                                                                                                            
DEAFN5V,391200ITKFU8HQYDTC45,"Itzehoer Versicherung/Brandgilde von 1691 Versicherungsverein auf Gegenseitigkeit","15 51, Itzehoer Platz, 25524, Itzehoe",no-vida,                                                                                                                                                                                                                                                                                                                                                                                                                                                                                                                                                                                                                                                                                                                                                                                                                                                                       
DEA4O7G,52990089RRG6MPGW1F47,"Janitos Versicherung Aktiengesellschaft","Im Breitspiel 2-4, 69126, Heidelberg",no-vida,                                                                                                                                                                                                                                                                                                                                                                                                                                                                                                                                                                                                                                                                                                                                                                                                                                                                                                                  
DEA5K4J,3912007PHQHUBEURBI09,"Kieler Rückversicherungsverein auf Gegenseitigkeit","Von-der-Goltz-Allee 93, 24113, Kiel",reaseguros,                                                                                                                                                                                                                                                                                                                                                                                                                                                                                                                                                                                                                                                                                                                                                                                                                                                                                                     
DEA3VCL,529900QSVPK2SHIBJ436,"KölnVorsorge-Sterbeversicherung VVaG","Unter Käster 1, 50667, Köln",vida,                                                                                                                                                                                                                                                                                                                                                                                                                                                                                                                                                                                                                                                                                                                                                                                                                                                                                                                                 
DEA3LP0,529900AX9OZY28BEBS93,"KRAVAG-ALLGEMEINE Versicherungs-Aktiengesellschaft","10 39, Heidenkampsweg 102, 20097, Hamburg",no-vida,                                                                                                                                                                                                                                                                                                                                                                                                                                                                                                                                                                                                                                                                                                                                                                                                                                                                                                  
DEA3FXX,529900723AYJN3N3YV02,"KRAVAG-LOGISTIC Versicherungs-Aktiengesellschaft","10390, Heidenkampsweg 102, 20097, Hamburg",no-vida,                                                                                                                                                                                                                                                                                                                                                                                                                                                                                                                                                                                                                                                                                                                                                                                                                                                                                                    
DEA3LCX,529900I8D2PVVNNPNC36,"KRAVAG-SACH Versicherung des Deutschen Kraftverkehrs Versicherungsverein auf Gegenseitigkeit","10 39, Heidenkampsweg 102, 20097, Hamburg",no-vida,                                                                                                                                                                                                                                                                                                                                                                                                                                                                                                                                                                                                                                                                                                                                                                                                                                                        
DEA4LL1,391200XXNQJOACAH2768,"KS Versicherungs-Aktiengesellschaft","15 12, Uhlandstraße 7, 80336, München",no-vida,                                                                                                                                                                                                                                                                                                                                                                                                                                                                                                                                                                                                                                                                                                                                                                                                                                                                                                                     
DEALI4M,391200BIUZLZEGHFHZ60,"Landeskrankenhilfe V.V.a.G.","Uelzener Straße 120, 21335, Lüneburg",no-vida,                                                                                                                                                                                                                                                                                                                                                                                                                                                                                                                                                                                                                                                                                                                                                                                                                                                                                                                              
DEA4KJE,5299007OQ84WUVV6FR25,"Landschaftliche Brandkasse Hannover","2 80, Schiffgraben 4, 30159, Hannover",no-vida,                                                                                                                                                                                                                                                                                                                                                                                                                                                                                                                                                                                                                                                                                                                                                                                                                                                                                                                     
DEALIM7,3912001HN08ADT6M6064,"LBN Versicherungsverein a.G. (VVaG)","Döhrbruch 65, 30559, Hannover",no-vida,                                                                                                                                                                                                                                                                                                                                                                                                                                                                                                                                                                                                                                                                                                                                                                                                                                                                                                                             
DEA4SB7,5299001D9KSLLJKK9T94,"Lebensversicherung von 1871 auf Gegenseitigkeit München","Maximiliansplatz 5, 80333, München",vida,                                                                                                                                                                                                                                                                                                                                                                                                                                                                                                                                                                                                                                                                                                                                                                                                                                                                                                       
DEALI50,391200HAZJSNXHBZE918,"Lehrer-Feuerversicherungsverein a.G. für Schleswig-Holstein, Hamburg und Mecklenburg-Vorpommern","Helsinkistraße 68, 24109, Kiel",no-vida,                                                                                                                                                                                                                                                                                                                                                                                                                                                                                                                                                                                                                                                                                                                                                                                                                                                                
DEALI55,,"Liberty Mutual Insurance Europe Limited Direktion für Deutschland","Im Mediapark 8, 50670, Köln",no-vida,GB0ECBM05153                                                                                                                                                                                                                                                                                                                                                                                                                                                                                                                                                                                                                                                                                                                                                                                                                                                                                                         
DEALILT,5299007ZEDNB1BU8YM34,"Lifestyle Protection AG","Proactiv-Platz 1, 40721, Hilden",no-vida,                                                                                                                                                                                                                                                                                                                                                                                                                                                                                                                                                                                                                                                                                                                                                                                                                                                                                                                                       
DEA4JVX,5299005TDZVKIVNYJV73,"Lifestyle Protection Lebensversicherung AG","Proactiv-Platz 1, 40721, Hilden",vida,                                                                                                                                                                                                                                                                                                                                                                                                                                                                                                                                                                                                                                                                                                                                                                                                                                                                                                                       
DEALI4N,391200F7GLFYIA1VVD79,"LIGA Krankenversicherung katholischer Priester Versicherungsverein auf Gegenseitigkeit Regensburg","10 06, Weißenburgstraße 17, 93055, Regensburg",no-vida,                                                                                                                                                                                                                                                                                                                                                                                                                                                                                                                                                                                                                                                                                                                                                                                                                                               
DEA4Q95,529900FQ7DWNLPNRN517,"Lippische Landesbrandversicherung AG","21 64, Simon-August-Straße 2, 32756, Detmold",no-vida,                                                                                                                                                                                                                                                                                                                                                                                                                                                                                                                                                                                                                                                                                                                                                                                                                                                                                                             
DEALIMP,,"Lloyd's Versicherer London Niederlassung für Deutschland","Taunusanlage 11, 60329, Frankfurt am Main",no-vida,GB0ECBM04578                                                                                                                                                                                                                                                                                                                                                                                                                                                                                                                                                                                                                                                                                                                                                                                                                                                                                                    
DEALI4Q,,"Lohnfortzahlungskasse Aurich VVaG i.L.","14 11, Lambertistraße 16, 26603, Aurich",no-vida,                                                                                                                                                                                                                                                                                                                                                                                                                                                                                                                                                                                                                                                                                                                                                                                                                                                                                                                                    
DEALI4R,391200UHQ1IZ2XKQH622,"Lohnfortzahlungskasse Leer VVaG","Grosser Stein 5, i. Hs. Huneke GmbH, 26789, Leer",no-vida,                                                                                                                                                                                                                                                                                                                                                                                                                                                                                                                                                                                                                                                                                                                                                                                                                                                                                                              
DEALIL5,,"London General Insurance Company Limited Niederlassung Deutschland","Darmstädter Landstraße 108, 60598, Frankfurt am Main",no-vida,GB0ECBM04545                                                                                                                                                                                                                                                                                                                                                                                                                                                                                                                                                                                                                                                                                                                                                                                                                                                                               
DEALI3G,,"London General Life Company Limited Niederlassung Deutschland","Darmstädter Landstraße 108, 60598, Frankfurt am Main",vida,                                                                                                                                                                                                                                                                                                                                                                                                                                                                                                                                                                                                                                                                                                                                                                                                                                                                                                   
DEA3EIU,52990085HQ0766XDCO24,"LPV Lebensversicherung AG","10 10, ProActiv-Platz 1, 40721, Hilden",vida,                                                                                                                                                                                                                                                                                                                                                                                                                                                                                                                                                                                                                                                                                                                                                                                                                                                                                                                                 
DEA4NN6,549300BLQK6ZIHWX4Z98,"Lucura Versicherungs AG","4. Gartenweg 12 a + b, 67063, Ludwigshafen",no-vida,                                                                                                                                                                                                                                                                                                                                                                                                                                                                                                                                                                                                                                                                                                                                                                                                                                                                                                                            
DEA3K3H,5299001ZHDOZ1JRZXT54,"LVM Krankenversicherungs-AG","Kolde-Ring 21, 48151, Münster",no-vida,                                                                                                                                                                                                                                                                                                                                                                                                                                                                                                                                                                                                                                                                                                                                                                                                                                                                                                                                     
DEAF362,529900418OBL6FF8GA73,"LVM Landwirtschaftlicher Versicherungsverein Münster a.G.","61 45, Kolde-Ring 21, 48151, Münster",no-vida,                                                                                                                                                                                                                                                                                                                                                                                                                                                                                                                                                                                                                                                                                                                                                                                                                                                                                                
DEA4ODD,529900CMZVD5HN0W6O71,"LVM Lebensversicherungs-AG","Kolde-Ring 21, 48151, Münster",vida,                                                                                                                                                                                                                                                                                                                                                                                                                                                                                                                                                                                                                                                                                                                                                                                                                                                                                                                                         
DEA4K44,391200L9ZBCKXHRISJ90,"Mannheimer Versicherung Aktiengesellschaft","10 21, Augustaanlage 66, 68165, Mannheim",no-vida,                                                                                                                                                                                                                                                                                                                                                                                                                                                                                                                                                                                                                                                                                                                                                                                                                                                                                                           
DEALILE,,"MAPFRE Asistencia, Compania Internacional de Seguros y R. Deutsche Niederlassung","Johann Sebastian Bach Straße 7, 85591, Vaterstetten",no-vida,ESA79194148                                                                                                                                                                                                                                                                                                                                                                                                                                                                                                                                                                                                                                                                                                                                                                                                                                                                   
DEALILX,,"Mapfre Global Risks Compania Internacional de Seguros y Reaseguros S.A., Zweigniederlassung Deutschland","Im Mediapark 6 B, 50670, Köln",no-vida,                                                                                                                                                                                                                                                                                                                                                                                                                                                                                                                                                                                                                                                                                                                                                                                                                                                                             
DEALIMV,,"MAPFRE RE, COMPANÍA DE REASEGUROS, S.A., Munich Branch","Alter Hof 5, 80331, München",reaseguros,ESA78346558                                                                                                                                                                                                                                                                                                                                                                                                                                                                                                                                                                                                                                                                                                                                                                                                                                                                                                                  
DEALI5C,39120047HKGRHDVOZ354,"Markel Insurance SE","Sophienstraße 26, 80333, München",no-vida,                                                                                                                                                                                                                                                                                                                                                                                                                                                                                                                                                                                                                                                                                                                                                                                                                                                                                                                                          
DEALILQ,,"Markel International Insurance Company Limited, Niederlassung für Deutschland","Luisenstraße 14, 80333, München",no-vida,GB0ECBM05179                                                                                                                                                                                                                                                                                                                                                                                                                                                                                                                                                                                                                                                                                                                                                                                                                                                                                         
DEA4TCO,391200QCMFVLQ4RFRI89,"Mecklenburgische Krankenversicherungs-Aktiengesellschaft","61048, Platz der Mecklenburgischen 1, 30625, Hannover",no-vida,                                                                                                                                                                                                                                                                                                                                                                                                                                                                                                                                                                                                                                                                                                                                                                                                                                                                                
DEA4MXI,3912005AGFFOJFIOC385,"Mecklenburgische Lebensversicherungs-Aktiengesellschaft","61 04, Platz der Mecklenburgischen 1, 30625, Hannover",vida,                                                                                                                                                                                                                                                                                                                                                                                                                                                                                                                                                                                                                                                                                                                                                                                                                                                                                    
DEA4LD8,391200RVARYGHGOLYB45,"Mecklenburgische Versicherungs-Gesellschaft auf Gegenseitigkeit","61 04, Platz der Mecklenburgischen 1, 30625, Hannover",no-vida,                                                                                                                                                                                                                                                                                                                                                                                                                                                                                                                                                                                                                                                                                                                                                                                                                                                                         
DEALI3F,,"Mediolanum International Life Designated Activity Company- Niederlassung München","Erhardtstraße 12, 80469, München",vida,IEC33581                                                                                                                                                                                                                                                                                                                                                                                                                                                                                                                                                                                                                                                                                                                                                                                                                                                                                            
DEALILH,,"MELES INSURANCE A/S Niederlassung Deutschland","Memminger Straße 140, 87439, Kempten",no-vida,DK28291957                                                                                                                                                                                                                                                                                                                                                                                                                                                                                                                                                                                                                                                                                                                                                                                                                                                                                                                      
DEA4K64,5299007SGMQD5B61ZS28,"Mercedes-Benz Versicherung AG","Siemensstraße 7, 70469, Stuttgart",no-vida,                                                                                                                                                                                                                                                                                                                                                                                                                                                                                                                                                                                                                                                                                                                                                                                                                                                                                                                               
DEA4QOZ,724500A4Z1CU80WV8855,"METRO Re AG","Metro-Straße 1, 40235, Düsseldorf",reaseguros,                                                                                                                                                                                                                                                                                                                                                                                                                                                                                                                                                                                                                                                                                                                                                                                                                                                                                                                                              
DEA4OUZ,391200YZX1IYNWXV2E74,"Minerva Versicherungs-Aktiengesellschaft","10 61, Herrlichkeit 6, 28199, Bremen",no-vida,                                                                                                                                                                                                                                                                                                                                                                                                                                                                                                                                                                                                                                                                                                                                                                                                                                                                                                                 
DEA00PN,529900MUF4C20K50JS49,"Münchener Rückversicherungs-Gesellschaft Aktiengesellschaft in München","40 13, Königinstraße 107, 80802, München",reaseguros,                                                                                                                                                                                                                                                                                                                                                                                                                                                                                                                                                                                                                                                                                                                                                                                                                                                                            
DEA4M21,529900GSFOARKOVZ1I39,"MÜNCHENER VEREIN Allgemeine Versicherungs-AG","20 06, Pettenkoferstraße 19, 80336, München",no-vida,                                                                                                                                                                                                                                                                                                                                                                                                                                                                                                                                                                                                                                                                                                                                                                                                                                                                                                      
DEA4M4I,529900X6452YE0XM6U33,"MÜNCHENER VEREIN Krankenversicherung a.G.","20 06, Pettenkoferstraße 19, 80336, München",no-vida,                                                                                                                                                                                                                                                                                                                                                                                                                                                                                                                                                                                                                                                                                                                                                                                                                                                                                                         
DEA4Q4X,529900VNA2CV1ELZIR51,"MÜNCHENER VEREIN Lebensversicherung AG","Pettenkoferstraße 19, 80336, München",vida,                                                                                                                                                                                                                                                                                                                                                                                                                                                                                                                                                                                                                                                                                                                                                                                                                                                                                                                      
DEALIM2,391200PL40ORTJPZUW78,"MVK Versicherung VVaG","21 02, Borsigstraße 5, 76185, Karlsruhe",no-vida,                                                                                                                                                                                                                                                                                                                                                                                                                                                                                                                                                                                                                                                                                                                                                                                                                                                                                                                                 
DEA4P75,391200PHJN0RH5EOH058,"myLife Lebensversicherung AG","20 64, Herzberger Landstraße 25, 37085, Göttingen",vida,                                                                                                                                                                                                                                                                                                                                                                                                                                                                                                                                                                                                                                                                                                                                                                                                                                                                                                                   
DEAY01T,529900GQ7QFTOI1IRS20,"Neodigital Autoversicherung AG","Heinz-Kettler-Straße 1, 66386, St. Ingbert",no-vida,                                                                                                                                                                                                                                                                                                                                                                                                                                                                                                                                                                                                                                                                                                                                                                                                                                                                                                                     
DEA54WX,391200JNNE9EJ61YSP54,"Neodigital Versicherung AG","Heinz-Kettler-Straße 1, 66386, St. Ingbert",no-vida,                                                                                                                                                                                                                                                                                                                                                                                                                                                                                                                                                                                                                                                                                                                                                                                                                                                                                                                         
DEA3MRG,529900H89I7DQIS4QQ69,"neue leben Lebensversicherung Aktiengesellschaft","10 47, Hammerbrookstraße 69, 20097, Hamburg",vida,                                                                                                                                                                                                                                                                                                                                                                                                                                                                                                                                                                                                                                                                                                                                                                                                                                                                                                     
DEA3FHU,529900BAXIHZE9R50P74,"neue leben Unfallversicherung Aktiengesellschaft","10 47, Hammerbrookstraße 69, 20097, Hamburg",no-vida,                                                                                                                                                                                                                                                                                                                                                                                                                                                                                                                                                                                                                                                                                                                                                                                                                                                                                                  
DEA4K1U,391200UXID5YSV5HHV06,"Neue Rechtsschutz-Versicherungsgesellschaft Aktiengesellschaft","10 23, Augustaanlage 25, 68165, Mannheim",no-vida,                                                                                                                                                                                                                                                                                                                                                                                                                                                                                                                                                                                                                                                                                                                                                                                                                                                                                       
DEALI4Y,391200JDUI11XVTFBO23,"Neuendorfer Brand-Bau-Gilde","Kirchdorf 40, 25335, Neuendorf",no-vida,                                                                                                                                                                                                                                                                                                                                                                                                                                                                                                                                                                                                                                                                                                                                                                                                                                                                                                                                    
DEAMKQY,3912000FZ8NIKRBXVL04,"Newline Europe Versicherung AG","Schanzenstraße 38, Gebäude 81, 51063, Köln",no-vida,                                                                                                                                                                                                                                                                                                                                                                                                                                                                                                                                                                                                                                                                                                                                                                                                                                                                                                                     
DEALILV,,"Newline Insurance Company Limited Direktion für Deutschland","Schanzenstraße 28a, 51063, Köln",no-vida,GB0ECBM12431                                                                                                                                                                                                                                                                                                                                                                                                                                                                                                                                                                                                                                                                                                                                                                                                                                                                                                           
DEA4X4J,529900V2K6GHJG485616,"nexible Versicherung AG","Karl-Martell-Straße 60, 90431, Nürnberg",no-vida,                                                                                                                                                                                                                                                                                                                                                                                                                                                                                                                                                                                                                                                                                                                                                                                                                                                                                                                               
DEALI52,391200QR1CP42UC66K94,"Nordhemmer Versicherungsverein auf Gegenseitigkeit","Lavelsloher Weg 11, 32479, Hille",no-vida,                                                                                                                                                                                                                                                                                                                                                                                                                                                                                                                                                                                                                                                                                                                                                                                                                                                                                                           
DEAMI67,,"Norge Grundstucksgesellschaft mbh","Gardelegener Strasse 11, Oebisfelde, 15902, Sachsen",,                                                                                                                                                                                                                                                                                                                                                                                                                                                                                                                                                                                                                                                                                                                                                                                                                                                                                                                                    
DEALILP,529900PG1XG9ELQ9E971,"Notarversicherungsverein a.G.","Burgmauer 53, 50667, Köln",no-vida,                                                                                                                                                                                                                                                                                                                                                                                                                                                                                                                                                                                                                                                                                                                                                                                                                                                                                                                                       
DEA4QJ3,391200ZQ52TDGO6GJS45,"NÜRNBERGER Allgemeine Versicherungs-Aktiengesellschaft","Ostendstraße 100, 90482, Nürnberg",no-vida,                                                                                                                                                                                                                                                                                                                                                                                                                                                                                                                                                                                                                                                                                                                                                                                                                                                                                                      
DEA4OSE,39120019U2HDXLVBVL43,"NÜRNBERGER BEAMTEN ALLGEMEINE VERSICHERUNG AKTIENGESELLSCHAFT","Ostendstraße 100, 90482, Nürnberg",no-vida,                                                                                                                                                                                                                                                                                                                                                                                                                                                                                                                                                                                                                                                                                                                                                                                                                                                                                               
DEA3L3D,529900EMPVI6STIF1V15,"NÜRNBERGER Krankenversicherung Aktiengesellschaft","Ostendstraße 100, 90482, Nürnberg",no-vida,                                                                                                                                                                                                                                                                                                                                                                                                                                                                                                                                                                                                                                                                                                                                                                                                                                                                                                           
DEA3E8P,529900Y3FTZAVPEYUI80,"NÜRNBERGER Lebensversicherung Aktiengesellschaft","Ostendstraße 100, 90482, Nürnberg",vida,                                                                                                                                                                                                                                                                                                                                                                                                                                                                                                                                                                                                                                                                                                                                                                                                                                                                                                               
DEABIJ9,391200HTF5DDEADX2385,"NV-Versicherungen VVaG","Ostfriesenstraße 1, 26427, Neuharlingersiel",no-vida,                                                                                                                                                                                                                                                                                                                                                                                                                                                                                                                                                                                                                                                                                                                                                                                                                                                                                                                            
DEAKQYK,,"Oberösterreichische Versicherung AG","Langstraße 92, 63450, Hanau",no-vida,AT0000020071773                                                                                                                                                                                                                                                                                                                                                                                                                                                                                                                                                                                                                                                                                                                                                                                                                                                                                                                                    
DEA4RC6,529900LBRUT8U9PC3S11,"Öffentliche Feuerversicherung Sachsen-Anhalt","Am Alten Theater 7, 39104, Magdeburg",no-vida,                                                                                                                                                                                                                                                                                                                                                                                                                                                                                                                                                                                                                                                                                                                                                                                                                                                                                                             
DEA4LKR,391200VDDVJDT406AN11,"Öffentliche Lebensversicherung Braunschweig","Theodor-Heuss-Straße 10, 38122, Braunschweig",vida,                                                                                                                                                                                                                                                                                                                                                                                                                                                                                                                                                                                                                                                                                                                                                                                                                                                                                                         
DEA4R2W,529900RJZB14MSUR4E53,"Öffentliche Lebensversicherung Sachsen-Anhalt","Am Alten Theater 7, 39104, Magdeburg",vida,                                                                                                                                                                                                                                                                                                                                                                                                                                                                                                                                                                                                                                                                                                                                                                                                                                                                                                               
DEA4OB4,529900QD1QYET496QB91,"Öffentliche Lebensversicherungsanstalt Oldenburg","Staugraben 11, 26122, Oldenburg",vida,                                                                                                                                                                                                                                                                                                                                                                                                                                                                                                                                                                                                                                                                                                                                                                                                                                                                                                                 
DEA3WO9,391200MMN2ONYXUZYW55,"Öffentliche Sachversicherung Braunschweig","Theodor-Heuss-Straße 10, 38122, Braunschweig",no-vida,                                                                                                                                                                                                                                                                                                                                                                                                                                                                                                                                                                                                                                                                                                                                                                                                                                                                                                        
DEAC6CV,391200UAK5UTEDKQ5L61,"OKV - Ostdeutsche Kommunalversicherung auf Gegenseitigkeit","Plauener Straße 163-165, Haus C, 13053, Berlin",no-vida,                                                                                                                                                                                                                                                                                                                                                                                                                                                                                                                                                                                                                                                                                                                                                                                                                                                                                     
DEA4K01,5299006YE0MWIR7GK347,"Oldenburgische Landesbrandkasse","27 49, Staugraben 11, 26122, Oldenburg",no-vida,                                                                                                                                                                                                                                                                                                                                                                                                                                                                                                                                                                                                                                                                                                                                                                                                                                                                                                                        
DEA3KAF,5299005VJLVB61JCBN51,"ÖRAG Rechtsschutzversicherungs-Aktiengesellschaft","11 08, Hansaallee 199, 40549, Düsseldorf",no-vida,                                                                                                                                                                                                                                                                                                                                                                                                                                                                                                                                                                                                                                                                                                                                                                                                                                                                                                    
DEA4U6A,3912005JSP0OEI701869,"Ostangler Brandgilde, Versicherungsverein auf Gegenseitigkeit (VVaG)","Flensburger Straße 5, 24376, Kappeln, Schlei",no-vida,                                                                                                                                                                                                                                                                                                                                                                                                                                                                                                                                                                                                                                                                                                                                                                                                                                                                             
DEALIN4,391200AR39LG94UWQR61,"OSTBEVERNER Versicherungsverein auf Gegenseitigkeit (VVaG)","12 11, Hauptstraße 27, 48346, Ostbevern",no-vida,                                                                                                                                                                                                                                                                                                                                                                                                                                                                                                                                                                                                                                                                                                                                                                                                                                                                                            
DEA4O4J,391200CPYL8QNTOBOC93,"Ostfriesische Landschaftliche Brandkasse","15 64, Osterstraße 14-20, 26603, Aurich",no-vida,                                                                                                                                                                                                                                                                                                                                                                                                                                                                                                                                                                                                                                                                                                                                                                                                                                                                                                              
DEA4TVX,967600QOQM1EYJDEFT44,"ottonova Krankenversicherung AG","Ottostraße 4, 80333, München",no-vida,                                                                                                                                                                                                                                                                                                                                                                                                                                                                                                                                                                                                                                                                                                                                                                                                                                                                                                                                  
DEA4K6G,529900WEVBFCB9DVOO10,"Pallas Versicherung Aktiengesellschaft","Kaiser-Wilhelm-Allee 50, 51373, Leverkusen",no-vida,                                                                                                                                                                                                                                                                                                                                                                                                                                                                                                                                                                                                                                                                                                                                                                                                                                                                                                             
DEA5E8J,5299004KN3CCA660V765,"Pensions-Sicherungs-Verein Versicherungsverein auf Gegenseitigkeit","51 08, Edmund-Rumpler-Straße 4, 51149, Köln",no-vida,                                                                                                                                                                                                                                                                                                                                                                                                                                                                                                                                                                                                                                                                                                                                                                                                                                                                                
DEALI4P,529900S58FMXOGMNG283,"praenatura Versicherungsverein auf Gegenseitigkeit (VVaG)","17 61, Bahnhofsplatz 1, 65428, Rüsselsheim",no-vida,                                                                                                                                                                                                                                                                                                                                                                                                                                                                                                                                                                                                                                                                                                                                                                                                                                                                                          
DEALIN0,,"PRORÜCK Rückversicherungs-Aktiengesellschaft","Caffamacherreihe 16, 20355, Hamburg",reaseguros,                                                                                                                                                                                                                                                                                                                                                                                                                                                                                                                                                                                                                                                                                                                                                                                                                                                                                                                               
DEA4MVZ,529900V5XUWHL6O0O630,"ProTect Versicherung AG","Kölner Landstraße 33, 40591, Düsseldorf",no-vida,                                                                                                                                                                                                                                                                                                                                                                                                                                                                                                                                                                                                                                                                                                                                                                                                                                                                                                                               
DEA4NSW,529900TQOZBVGJ24H737,"Protektor Lebensversicherungs-AG","Wilhelmstraße 43G, 10117, Berlin",vida,                                                                                                                                                                                                                                                                                                                                                                                                                                                                                                                                                                                                                                                                                                                                                                                                                                                                                                                                
DEA4TCE,529900HS8FQCYQS1KN21,"Provinzial Holding Aktiengesellschaft","Provinzial-Allee 1, 48159, Münster",reaseguros,                                                                                                                                                                                                                                                                                                                                                                                                                                                                                                                                                                                                                                                                                                                                                                                                                                                                                                                   
DEA4JOI,529900FK0BNZH5E0CV92,"Provinzial Krankenversicherung Hannover AG","Schiffgraben 4, 30159, Hannover",no-vida,                                                                                                                                                                                                                                                                                                                                                                                                                                                                                                                                                                                                                                                                                                                                                                                                                                                                                                                    
DEA4PJB,529900B6SU254V6F9860,"Provinzial Lebensversicherung Aktiengesellschaft","11 43, Sophienblatt 33, 24114, Kiel",vida,                                                                                                                                                                                                                                                                                                                                                                                                                                                                                                                                                                                                                                                                                                                                                                                                                                                                                                             
DEA3LBV,529900V3S78AYDH8PY06,"Provinzial Lebensversicherung Hannover","2 80, Schiffgraben 4, 30159, Hannover",vida,                                                                                                                                                                                                                                                                                                                                                                                                                                                                                                                                                                                                                                                                                                                                                                                                                                                                                                                     
DEA4SRA,529900G5K99BO2GZCQ19,"Provinzial Nord Brandkasse Aktiengesellschaft","11 43, Sophienblatt 33, 24114, Kiel",no-vida,                                                                                                                                                                                                                                                                                                                                                                                                                                                                                                                                                                                                                                                                                                                                                                                                                                                                                                             
DEA4OS1,5299005PI2GR6R0J2Q58,"Provinzial Versicherung Aktiengesellschaft","Provinzialplatz 1, 40591, Düsseldorf",no-vida,                                                                                                                                                                                                                                                                                                                                                                                                                                                                                                                                                                                                                                                                                                                                                                                                                                                                                                               
DEA3GO5,549300804RXDP3X2FM92,"Proxalto Lebensversicherung Aktiengesellschaft","Dornhofstraße 36, 63263, Neu-Isenburg",vida,                                                                                                                                                                                                                                                                                                                                                                                                                                                                                                                                                                                                                                                                                                                                                                                                                                                                                                             
DEAC5R0,5299004U08FHOFZOUE45,"PVAG Polizeiversicherungs-Aktiengesellschaft","10 50, Joseph-Scherer-Straße 3, 44139, Dortmund",no-vida,                                                                                                                                                                                                                                                                                                                                                                                                                                                                                                                                                                                                                                                                                                                                                                                                                                                                                                  
DEALILB,,"QBE Insurance (Europe) Limited Direktion für Deutschland","Breite Straße 31, 40213, Düsseldorf",no-vida,GB0ECBM04743                                                                                                                                                                                                                                                                                                                                                                                                                                                                                                                                                                                                                                                                                                                                                                                                                                                                                                          
DEA3U7X,529900JNLCQE7UURS374,"R + V Lebensversicherung a.G.","Wilhelmstraße 1, 65343, Eltville",vida,                                                                                                                                                                                                                                                                                                                                                                                                                                                                                                                                                                                                                                                                                                                                                                                                                                                                                                                                   
DEA0ABQ,5299001XVOJIZE0D0D96,"R + V LEBENSVERSICHERUNG AKTIENGESELLSCHAFT","Raiffeisenplatz 1, 65189, Wiesbaden",vida,                                                                                                                                                                                                                                                                                                                                                                                                                                                                                                                                                                                                                                                                                                                                                                                                                                                                                                                  
DEA537Z,5299009UN4CBXZ336M65,"R+V Allgemeine Versicherung Aktiengesellschaft","Raiffeisenplatz 1, 65189, Wiesbaden",no-vida,                                                                                                                                                                                                                                                                                                                                                                                                                                                                                                                                                                                                                                                                                                                                                                                                                                                                                                            
DEA3LLG,529900PHMDAN66WEBH93,"R+V Krankenversicherung Aktiengesellschaft","Raiffeisenplatz 1, 65189, Wiesbaden",no-vida,                                                                                                                                                                                                                                                                                                                                                                                                                                                                                                                                                                                                                                                                                                                                                                                                                                                                                                                
DEA3IYW,529900Z5KBA9KJP6EK09,"R+V VERSICHERUNG AG","Raiffeisenplatz 1, 65189, Wiesbaden",reaseguros,                                                                                                                                                                                                                                                                                                                                                                                                                                                                                                                                                                                                                                                                                                                                                                                                                                                                                                                                    
DEAI2CB,3912002AKZSFE3SEHP95,"Real Garant Versicherung Aktiengesellschaft","Marie-Curie-Straße 3, 73770, Denkendorf",no-vida,                                                                                                                                                                                                                                                                                                                                                                                                                                                                                                                                                                                                                                                                                                                                                                                                                                                                                                           
DEA4LZG,529900LCHHO71AHNMC81,"REVIUM Rückversicherung AG","Carl-Braun-Straße 1, 34212, Melsungen",reaseguros,                                                                                                                                                                                                                                                                                                                                                                                                                                                                                                                                                                                                                                                                                                                                                                                                                                                                                                                           
DEALIMZ,,"RGA International Reinsurance Company Limited, Niederlassung für Deutschland","Kaiser-Wilhelm-Ring 15, 50672, Köln",no-vida,IEC38002                                                                                                                                                                                                                                                                                                                                                                                                                                                                                                                                                                                                                                                                                                                                                                                                                                                                                          
DEA4MVL,529900Z5DS3MK8G49604,"RheinLand Versicherungs Aktiengesellschaft","10 12, Rheinlandplatz, 41460, Neuss",no-vida,                                                                                                                                                                                                                                                                                                                                                                                                                                                                                                                                                                                                                                                                                                                                                                                                                                                                                                                
DEA4IZH,529900X8ZG1TYGSK1I19,"Rhion Versicherung Aktiengesellschaft","RheinLandplatz 1, 41460, Neuss",no-vida,                                                                                                                                                                                                                                                                                                                                                                                                                                                                                                                                                                                                                                                                                                                                                                                                                                                                                                                          
DEALIMY,529900E8I7ODE3CMPS98,"RISICOM Rückversicherung Aktiengesellschaft","Marktplatz 3, 82031, Grünwald",reaseguros,                                                                                                                                                                                                                                                                                                                                                                                                                                                                                                                                                                                                                                                                                                                                                                                                                                                                                                                  
DEA4RFS,529900RQYV6XL9NO4W20,"ROLAND Rechtsschutz-Versicherungs-AG","21 09, Deutz-Kalker Straße 46, 50679, Köln",no-vida,                                                                                                                                                                                                                                                                                                                                                                                                                                                                                                                                                                                                                                                                                                                                                                                                                                                                                                               
DEA4NDM,529900NXG8A6UV1MPF54,"ROLAND Schutzbrief-Versicherung AG","21 09, Werkstättenstraße 39d, 51379, Leverkusen",no-vida,                                                                                                                                                                                                                                                                                                                                                                                                                                                                                                                                                                                                                                                                                                                                                                                                                                                                                                            
DEALILL,,"Royal & Sun Alliance Insurance plc Direktion für die Bundesrepublik Deutschland ('Zweigniederlassung')","Hansaring 20, 50670, Köln",no-vida,GB0ECBM05187                                                                                                                                                                                                                                                                                                                                                                                                                                                                                                                                                                                                                                                                                                                                                                                                                                                                      
DEALIM9,529900CBXHQRLUTWQB73,"S DirektVersicherung Aktiengesellschaft","13 08, Kölner Landstraße 33, 40591, Düsseldorf",no-vida,                                                                                                                                                                                                                                                                                                                                                                                                                                                                                                                                                                                                                                                                                                                                                                                                                                                                                                        
DEA4QC8,529900XORLLXI7R57W57,"SAARLAND Feuerversicherung Aktiengesellschaft","10 26, Mainzer Straße 32-34, 66111, Saarbrücken",no-vida,                                                                                                                                                                                                                                                                                                                                                                                                                                                                                                                                                                                                                                                                                                                                                                                                                                                                                                 
DEAKX6D,391200K5GFNSU5CA1C96,"Schleswiger Versicherungsverein auf Gegenseitigkeit","Gildehaus, 25924, Emmelsbüll-Horsbüll",no-vida,                                                                                                                                                                                                                                                                                                                                                                                                                                                                                                                                                                                                                                                                                                                                                                                                                                                                                                     
DEALIMG,391200V4DXYUJFACJW79,"SCHNEVERDINGER Versicherungsverein a.G.","Rotenburger Straße 1-3, 29640, Schneverdingen",no-vida,                                                                                                                                                                                                                                                                                                                                                                                                                                                                                                                                                                                                                                                                                                                                                                                                                                                                                                         
DEALI53,391200VA0EM7QVOJDG64,"Schutzverein Deutscher Rheder V.a.G.","Am Kaiserkai 6, 20457, Hamburg",no-vida,                                                                                                                                                                                                                                                                                                                                                                                                                                                                                                                                                                                                                                                                                                                                                                                                                                                                                                                           
DEALI5H,,"SCOR Global P&C Deutschland-Niederlassung der SCOR Global P&C SE","Goebenstraße 1, 50672, Köln",reaseguros,                                                                                                                                                                                                                                                                                                                                                                                                                                                                                                                                                                                                                                                                                                                                                                                                                                                                                                                   
DEALIQL,,"SCOR Rückversicherung Deutschland, Niederlassung der SCOR SE","Goebenstraße 1, 50672, Köln",reaseguros,FR562033357                                                                                                                                                                                                                                                                                                                                                                                                                                                                                                                                                                                                                                                                                                                                                                                                                                                                                                            
DEALI4V,391200XAYROWJZ6NKW30,"SHB Allgemeine Versicherung VVaG","21 20, Johannes-Albers-Allee 2, 53639, Königswinter",no-vida,                                                                                                                                                                                                                                                                                                                                                                                                                                                                                                                                                                                                                                                                                                                                                                                                                                                                                                          
DEALYAI,,"SHEDLIN Capital AG","Breslauer Straße 396, 90471, Nürnberg",compuestos,                                                                                                                                                                                                                                                                                                                                                                                                                                                                                                                                                                                                                                                                                                                                                                                                                                                                                                                                                       
DEA4R9R,5299006IN3993JME7V19,"SIGNAL IDUNA Allgemeine Versicherung Aktiengesellschaft","Joseph-Scherer-Straße 3, 44139, Dortmund",no-vida,                                                                                                                                                                                                                                                                                                                                                                                                                                                                                                                                                                                                                                                                                                                                                                                                                                                                                              
DEAH82Z,5299004P5V0KC0LCPR21,"SIGNAL IDUNA Krankenversicherung a.G.","10 50, Joseph-Scherer-Straße 3, 44139, Dortmund",no-vida,                                                                                                                                                                                                                                                                                                                                                                                                                                                                                                                                                                                                                                                                                                                                                                                                                                                                                                         
DEA3IEJ,529900Z75ML9ET439V59,"SIGNAL IDUNA Lebensversicherung a. G.","30 27, Neue Rabenstraße 15-19, 20354, Hamburg",vida,                                                                                                                                                                                                                                                                                                                                                                                                                                                                                                                                                                                                                                                                                                                                                                                                                                                                                                              
DEAU1YV,529900VLIFEHZVMWVG24,"SIGNAL IDUNA Lebensversicherung AG","Joseph-Scherer-Straße 3, 44139, Dortmund",vida,                                                                                                                                                                                                                                                                                                                                                                                                                                                                                                                                                                                                                                                                                                                                                                                                                                                                                                                      
DEALEPO,5299009Q29E8MD7EXZ16,"SIGNAL IDUNA Sterbekasse VVaG","Joseph-Scherer-Straße 3, 44139, Dortmund",vida,                                                                                                                                                                                                                                                                                                                                                                                                                                                                                                                                                                                                                                                                                                                                                                                                                                                                                                                           
DEA4R5I,529900RP5N6Q0Q28ZQ66,"SIGNAL IDUNA Unfallversicherung a. G.","10 50, Joseph-Scherer-Straße 3, 44139, Dortmund",no-vida,                                                                                                                                                                                                                                                                                                                                                                                                                                                                                                                                                                                                                                                                                                                                                                                                                                                                                                         
DEAO87J,391200NXNZLA83BGUS68,"SIRIUS Rückversicherungs Service GmbH","Neuer Wall 52, 20354, Hamburg",reaseguros,                                                                                                                                                                                                                                                                                                                                                                                                                                                                                                                                                                                                                                                                                                                                                                                                                                                                                                                        
DEA030I,529900KMWFZZDDJ1HT92,"Skandia Lebensversicherung Aktiengesellschaft","Dornhofstraße 36, 63263, Neu-Isenburg",vida,                                                                                                                                                                                                                                                                                                                                                                                                                                                                                                                                                                                                                                                                                                                                                                                                                                                                                                              
DEAK3TV,,"SOGECAP S.A. Deutsche Niederlassung","Bramfelder Chaussee 101, 22177, Hamburg",no-vida,FR086380730                                                                                                                                                                                                                                                                                                                                                                                                                                                                                                                                                                                                                                                                                                                                                                                                                                                                                                                            
DEAK3TS,,"SOGESSUR SA","Bramfelder Chaussee 101, 22177, Hamburg",no-vida,FR379846637                                                                                                                                                                                                                                                                                                                                                                                                                                                                                                                                                                                                                                                                                                                                                                                                                                                                                                                                                    
DEALI44,391200Q7TQH5PBZNHZ76,"SOLIDAR Versicherungsgemeinschaft Sterbegeldversicherung VVaG","10 24, Alleestraße 119, 44793, Bochum",vida,                                                                                                                                                                                                                                                                                                                                                                                                                                                                                                                                                                                                                                                                                                                                                                                                                                                                                              
DEALI58,,"Sompo Japan Nipponkoa Insurance Company of Europe Limited Niederlassung Deutschland","Niederkasseler Lohweg 18, 40547, Düsseldorf",no-vida,                                                                                                                                                                                                                                                                                                                                                                                                                                                                                                                                                                                                                                                                                                                                                                                                                                                                                   
DEALI4O,967600ZD3A8H6F1DQF44,"SONO Krankenversicherung a.G.","Westring 73, 46242, Bottrop",no-vida,                                                                                                                                                                                                                                                                                                                                                                                                                                                                                                                                                                                                                                                                                                                                                                                                                                                                                                                                     
DEA5CYV,529900ZJCQMYAKRTZJ32,"SONO Sterbegeld VVaG","Westring 73, 46242, Bottrop",vida,                                                                                                                                                                                                                                                                                                                                                                                                                                                                                                                                                                                                                                                                                                                                                                                                                                                                                                                                                 
DEA4DPG,529900M8HRDZ04YC6C76,"Sparkassen-Versicherung Sachsen Allgemeine Versicherung Aktiengesellschaft","11010, An der Flutrinne 12, 01139, Dresden",no-vida,                                                                                                                                                                                                                                                                                                                                                                                                                                                                                                                                                                                                                                                                                                                                                                                                                                                                         
DEA4I5Y,529900M16E1X52IO9204,"Sparkassen-Versicherung Sachsen Lebensversicherung Aktiengesellschaft","30 01, An der Flutrinne 12, 01139, Dresden",vida,                                                                                                                                                                                                                                                                                                                                                                                                                                                                                                                                                                                                                                                                                                                                                                                                                                                                                 
DEALI4S,391200L3PRTUXR3NPM65,"St. Martinus Priesterverein der Diözese Rottenburg-Stuttgart- Kranken- und Sterbekasse (KSK) - Versi","Hohenzollernstraße 23, 70178, Stuttgart",no-vida,                                                                                                                                                                                                                                                                                                                                                                                                                                                                                                                                                                                                                                                                                                                                                                                                                                                  
DEAGUNN,,"Standard Life Versicherung, Zweigniederlassung Deutschland der Standard Life Assurance Limited","Lyoner Straße 15, 60528, Frankfurt am Main",vida,GB0ECBM04982                                                                                                                                                                                                                                                                                                                                                                                                                                                                                                                                                                                                                                                                                                                                                                                                                                                                
DEALILG,,"StarStone Insurance Europe AG-Niederlassung für Deutschland","Spichernstraße 8, 50672, Köln",no-vida,LI0ECBM00473                                                                                                                                                                                                                                                                                                                                                                                                                                                                                                                                                                                                                                                                                                                                                                                                                                                                                                             
DEALI45,,"Sterbe-Unterstützungs-Vereinigung der Beschäftigten der Stadt München","Pestalozzistraße 3a, 80469, München",vida,                                                                                                                                                                                                                                                                                                                                                                                                                                                                                                                                                                                                                                                                                                                                                                                                                                                                                                            
DEAWWWI,529900AA0DZDN3Y6O874,"Sterbebeihilfskasse des DRK Ortsvereins Quierschied","Arndtstraße 5a, 66287, Quierschied",,                                                                                                                                                                                                                                                                                                                                                                                                                                                                                                                                                                                                                                                                                                                                                                                                                                                                                                               
DEALI49,,"Sterbekasse der Bediensteten der Stadtverwaltung Dortmund","Weischedestraße 25, 44265, Dortmund",vida,                                                                                                                                                                                                                                                                                                                                                                                                                                                                                                                                                                                                                                                                                                                                                                                                                                                                                                                        
DEALI4F,391200W8OYZOUUSXEC59,"Sterbekasse der Belegschaft der Saarstahl AG Völklingen, Werk Völklingen und Werk Burbach","10 19, Haldenweg 9, 66333, Völklingen",vida,                                                                                                                                                                                                                                                                                                                                                                                                                                                                                                                                                                                                                                                                                                                                                                                                                                                                  
DEALI4K,391200DGYLUYGTFRRQ29,"Sterbekasse der Feuerwehren, Versicherungsverein auf Gegenseitigkeit","Röntgenstraße 60, 31675, Bückeburg",vida,                                                                                                                                                                                                                                                                                                                                                                                                                                                                                                                                                                                                                                                                                                                                                                                                                                                                                          
DEAYNGK,98450011FC0CA47AFB90,"Sterbekasse der Freiwilligen Feuerwehr der Hansestadt Stade Ortsfeuerwehr Stade","Hansestraße 22, 21682, Stade",vida,                                                                                                                                                                                                                                                                                                                                                                                                                                                                                                                                                                                                                                                                                                                                                                                                                                                                                     
DEALI4C,529900GRXXRP58R20889,"Sterbekasse der Saarbergleute VVaG","Provinzialstraße 1, 66806, Ensdorf",vida,                                                                                                                                                                                                                                                                                                                                                                                                                                                                                                                                                                                                                                                                                                                                                                                                                                                                                                                            
DEALI3W,391200ADAKPTKNJDUU41,"Sterbekasse Evangelischer Freikirchen VVaG","Am Kleinen Wannsee 5 A, 14109, Berlin",vida,                                                                                                                                                                                                                                                                                                                                                                                                                                                                                                                                                                                                                                                                                                                                                                                                                                                                                                                 
DEALI3T,3912001WLWCIB2R8VI60,"Sterbekasse für die Angestellten der Deutsche Bank Gruppe","Adolph-Prior-Straße 11, 65936, Frankfurt am Main",vida,                                                                                                                                                                                                                                                                                                                                                                                                                                                                                                                                                                                                                                                                                                                                                                                                                                                                                       
DEALI4I,529900937PAURUMSNZ02,"Sterbekasse Sozialversicherung- gegr. in der LVA Rheinprovinz - Düsseldorf","Königsallee 71, 40194, Düsseldorf",vida,                                                                                                                                                                                                                                                                                                                                                                                                                                                                                                                                                                                                                                                                                                                                                                                                                                                                                     
DEALZIC,529900REKY68K75PGG58,"Sterbekasse St. Joseph/Nikolaus","Joseph-Schüller-Platz 3, 45327, Essen",vida,                                                                                                                                                                                                                                                                                                                                                                                                                                                                                                                                                                                                                                                                                                                                                                                                                                                                                                                            
DEA3MHA,5299006CKI1DAKS2QL36,"Stuttgarter Lebensversicherung a.G.","10 60, Rotebühlstraße 120, 70197, Stuttgart",vida,                                                                                                                                                                                                                                                                                                                                                                                                                                                                                                                                                                                                                                                                                                                                                                                                                                                                                                                  
DEA3J3N,529900RKJZOG4WLY2202,"Stuttgarter Versicherung Aktiengesellschaft","10 60, Rotebühlstraße 120, 70197, Stuttgart",no-vida,                                                                                                                                                                                                                                                                                                                                                                                                                                                                                                                                                                                                                                                                                                                                                                                                                                                                                                       
DEAIC4I,52990017KHP4VGVV7I09,"Süddeutsche Krankenversicherung a.G.","19 23, Raiffeisenplatz 11, 70736, Fellbach",no-vida,                                                                                                                                                                                                                                                                                                                                                                                                                                                                                                                                                                                                                                                                                                                                                                                                                                                                                                               
DEA3JQV,529900HX3F6HR5IDZ991,"SV SparkassenVersicherung Gebäudeversicherung Aktiengesellschaft","50 10, Löwentorstraße 65, 70376, Stuttgart",no-vida,                                                                                                                                                                                                                                                                                                                                                                                                                                                                                                                                                                                                                                                                                                                                                                                                                                                                                   
DEA05H4,529900W8KWVTPPYH0T77,"SV SparkassenVersicherung Holding Aktiengesellschaft","50 05, Löwentorstraße 65, 70376, Stuttgart",reaseguros,                                                                                                                                                                                                                                                                                                                                                                                                                                                                                                                                                                                                                                                                                                                                                                                                                                                                                            
DEA4L8E,5299003F1L4NX86LAQ52,"SV SparkassenVersicherung Lebensversicherung Aktiengesellschaft","Löwentorstraße 65, 70376, Stuttgart",vida,                                                                                                                                                                                                                                                                                                                                                                                                                                                                                                                                                                                                                                                                                                                                                                                                                                                                                              
DEB0MUG,529900K0MY8IHVZJ9387,"Swiss Life Lebensversicherung SE","Zeppelinstraße 1, 85748, Garching b. München",vida,                                                                                                                                                                                                                                                                                                                                                                                                                                                                                                                                                                                                                                                                                                                                                                                                                                                                                                                    
DEALI3I,,"Swiss Life Products (Luxembourg) S.A., Niederlassung für Deutschland","Zeppelinstraße 1, 85748, Garching",vida,LURCSB0131594                                                                                                                                                                                                                                                                                                                                                                                                                                                                                                                                                                                                                                                                                                                                                                                                                                                                                                  
DEALIMX,,"Swiss Re Europe S.A., Niederlassung Deutschland","Arabellastraße 30, 81925, München",reaseguros,LURCSB0025242                                                                                                                                                                                                                                                                                                                                                                                                                                                                                                                                                                                                                                                                                                                                                                                                                                                                                                                 
DEAF3I7,,"Swiss Re International SE Niederlassung Deutschland","Arabellastraße 30, 81925, München",no-vida,LURCSB0134553                                                                                                                                                                                                                                                                                                                                                                                                                                                                                                                                                                                                                                                                                                                                                                                                                                                                                                                
DEA2TEE,5299006ZIILJ6VJVSJ32,"Talanx Aktiengesellschaft","HDI-Platz 1, 30659, Hannover",reaseguros,                                                                                                                                                                                                                                                                                                                                                                                                                                                                                                                                                                                                                                                                                                                                                                                                                                                                                                                                     
DEAHBPV,,"Telefonica Insurance S.A. Direktion für Deutschland","Georg-Brauchle-Ring 23-25, 80992, München",no-vida,                                                                                                                                                                                                                                                                                                                                                                                                                                                                                                                                                                                                                                                                                                                                                                                                                                                                                                                     
DEAT0J6,,"TESLA INSURANCE LIMITED","Tesla Straße 1, 15537, Grünheide",no-vida,MTA212965                                                                                                                                                                                                                                                                                                                                                                                                                                                                                                                                                                                                                                                                                                                                                                                                                                                                                                                                                 
DEALIMQ,3912002PZYFMUBDVUC92,"Thüga Schadenausgleichskasse München VVaG i.L.","44 01, Hansjakobstraße 129, 81825, München",no-vida,                                                                                                                                                                                                                                                                                                                                                                                                                                                                                                                                                                                                                                                                                                                                                                                                                                                                                                     
DEALIMO,,"Tokio Marine Kiln Insurance Limited","Benrather Straße 18-20, 40213, Düsseldorf",no-vida,GB0ECBM11888                                                                                                                                                                                                                                                                                                                                                                                                                                                                                                                                                                                                                                                                                                                                                                                                                                                                                                                         
DEALILF,,"Travelers Insurance Company Ltd. Niederlassung Stuttgart","Schwabstraße 20, 70197, Stuttgart",no-vida,GBECBM355743                                                                                                                                                                                                                                                                                                                                                                                                                                                                                                                                                                                                                                                                                                                                                                                                                                                                                                            
DEA4SDM,529900LGEG49SIUQUQ79,"TRIAS Versicherung Aktiengesellschaft","Maximiliansplatz 5, 80333, München",no-vida,                                                                                                                                                                                                                                                                                                                                                                                                                                                                                                                                                                                                                                                                                                                                                                                                                                                                                                                      
DEA4PTA,391200VQRZP2MFGY6Y03,"Uelzener Allgemeine Versicherungs-Gesellschaft a.G.","21 63, Veerßer Straße 67, 29525, Uelzen",no-vida,                                                                                                                                                                                                                                                                                                                                                                                                                                                                                                                                                                                                                                                                                                                                                                                                                                                                                                   
DEA3JNO,529900HMM5TJJ64NJX86,"UNION KRANKENVERSICHERUNG AKTIENGESELLSCHAFT","10 31, Peter-Zimmer-Straße 2, 66123, Saarbrücken",no-vida,                                                                                                                                                                                                                                                                                                                                                                                                                                                                                                                                                                                                                                                                                                                                                                                                                                                                                                 
DEA4S0V,5299004WPE4QUS4C4G57,"Union Reiseversicherung Aktiengesellschaft","Maximilianstraße 53, 80538, München",no-vida,                                                                                                                                                                                                                                                                                                                                                                                                                                                                                                                                                                                                                                                                                                                                                                                                                                                                                                                
DEALILR,,"UNIQA Österreich Versicherungen AG, Wien","Richmodstraße 6, 50667, Köln",no-vida,AT0000002403895                                                                                                                                                                                                                                                                                                                                                                                                                                                                                                                                                                                                                                                                                                                                                                                                                                                                                                                              
DEA4NF0,529900X2UF6LS7J0W965,"uniVersa Allgemeine Versicherung AG","21 02, Sulzbacher Straße 1-7, 90489, Nürnberg",no-vida,                                                                                                                                                                                                                                                                                                                                                                                                                                                                                                                                                                                                                                                                                                                                                                                                                                                                                                             
DEA4T6X,52990080G27I73JFCG10,"uniVersa Krankenversicherung a.G.","21 02, Sulzbacher Straße 1-7, 90489, Nürnberg",no-vida,                                                                                                                                                                                                                                                                                                                                                                                                                                                                                                                                                                                                                                                                                                                                                                                                                                                                                                               
DEA4M8Y,529900QWX7GUOCGPEA04,"uniVersa Lebensversicherung a.G.","21 02, Sulzbacher Straße 1-7, 90489, Nürnberg",vida,                                                                                                                                                                                                                                                                                                                                                                                                                                                                                                                                                                                                                                                                                                                                                                                                                                                                                                                   
DEAB0YI,,"USAA Limited Frankfurt Claims Branch","Königsberger Straße 1, 60487, Frankfurt am Main",no-vida,                                                                                                                                                                                                                                                                                                                                                                                                                                                                                                                                                                                                                                                                                                                                                                                                                                                                                                                              
DEALI5B,,"Vakuutusosakeyhtiö Bothnia Zweigniederlassung Deutschland","Elisabethstraße 91, 80797, München",no-vida,FI09471183                                                                                                                                                                                                                                                                                                                                                                                                                                                                                                                                                                                                                                                                                                                                                                                                                                                                                                            
DEAIOTE,529900PP06SSNPCK7Y54,"Vereinigte Hagelversicherung VVaG","10 07, Wilhelmstraße 25, 35392, Gießen",no-vida,                                                                                                                                                                                                                                                                                                                                                                                                                                                                                                                                                                                                                                                                                                                                                                                                                                                                                                                      
DEA4OQ2,391200SGRDV4PAOE8G06,"VEREINIGTE POSTVERSICHERUNG VVaG","31 17, Mittlerer Pfad 19, 70499, Stuttgart",vida,                                                                                                                                                                                                                                                                                                                                                                                                                                                                                                                                                                                                                                                                                                                                                                                                                                                                                                                      
DEAFF66,391200010ECRA1HTYU89,"Vereinigte Schiffs-Versicherung V. a. G.","62 20, Seelhorststraße 7, 30175, Hannover",no-vida,                                                                                                                                                                                                                                                                                                                                                                                                                                                                                                                                                                                                                                                                                                                                                                                                                                                                                                            
DEA3K2W,529900EEQ5HG8OOBYN95,"Vereinigte Tierversicherung, Gesellschaft auf Gegenseitigkeit","Raiffeisenplatz 1, 65189, Wiesbaden",no-vida,                                                                                                                                                                                                                                                                                                                                                                                                                                                                                                                                                                                                                                                                                                                                                                                                                                                                                             
DEA4K6P,529900OJ7E3UKTWJJE82,"Versicherer im Raum der Kirchen Krankenversicherung AG","Doktorweg 2-4, 32756, Detmold",no-vida,                                                                                                                                                                                                                                                                                                                                                                                                                                                                                                                                                                                                                                                                                                                                                                                                                                                                                                          
DEA4NJB,529900NUA7MJXR9RTV10,"Versicherer im Raum der Kirchen Lebensversicherung AG","Doktorweg 2-4, 32756, Detmold",vida,                                                                                                                                                                                                                                                                                                                                                                                                                                                                                                                                                                                                                                                                                                                                                                                                                                                                                                              
DEA4IKF,529900BPL9TMP67Q4K04,"Versicherer im Raum der Kirchen Sachversicherung AG","Kölnische Straße 108-112, 34119, Kassel",no-vida,                                                                                                                                                                                                                                                                                                                                                                                                                                                                                                                                                                                                                                                                                                                                                                                                                                                                                                   
DEAKL1D,529900J2BGBBOPDM7J71,"VERSICHERUNGSGEMEINSCHAFT FÜR DAS WIRTSCHAFTLICHE PRÜFUNGS- UND TREUHANDWESEN","Dotzheimer Straße 23, 65185, Wiesbaden",,                                                                                                                                                                                                                                                                                                                                                                                                                                                                                                                                                                                                                                                                                                                                                                                                                                                                                 
DEA4QMI,529900PPRPVLLQ71V251,"Versicherungskammer Bayern Konzern-Rückversicherung Aktiengesellschaft","Maximilianstraße 53, 80538, München",reaseguros,                                                                                                                                                                                                                                                                                                                                                                                                                                                                                                                                                                                                                                                                                                                                                                                                                                                                                 
DEA3G9M,5299007ITCIZY0OKFJ12,"Versicherungskammer Bayern Versicherungsanstalt des öffentlichen Rechts","Maximilianstraße 53, 80538, München",no-vida,                                                                                                                                                                                                                                                                                                                                                                                                                                                                                                                                                                                                                                                                                                                                                                                                                                                                                   
DEALIMA,391200O0H2NKIMXENQ36,"Versicherungsverband Deutscher Eisenbahnen-Versicherungsverein auf Gegenseitigkeit","Butzweilerhofallee 4, 50829, Köln",no-vida,                                                                                                                                                                                                                                                                                                                                                                                                                                                                                                                                                                                                                                                                                                                                                                                                                                                                          
DEALI42,52990083A7X5D812BE64,"Versicherungsverein Rasselstein","Koblenzer Straße 141, 56626, Andernach",vida,                                                                                                                                                                                                                                                                                                                                                                                                                                                                                                                                                                                                                                                                                                                                                                                                                                                                                                                           
DEAHD85,529900Z0Q8OXW9DI3W59,"Verti Versicherung AG","Rheinstraße 7 a, 14513, Teltow",no-vida,                                                                                                                                                                                                                                                                                                                                                                                                                                                                                                                                                                                                                                                                                                                                                                                                                                                                                                                                          
DEA0BF7,529900HMYO3JY00E0Z57,"VHV Allgemeine Versicherung AG","VHV Platz 1, 30177, Hannover",no-vida,                                                                                                                                                                                                                                                                                                                                                                                                                                                                                                                                                                                                                                                                                                                                                                                                                                                                                                                                   
DEAIMTY,529900AO2PMY77JLLI41,"VHV Vereinigte Hannoversche Versicherung a.G.","VHV Platz 1, 30177, Hannover",no-vida,                                                                                                                                                                                                                                                                                                                                                                                                                                                                                                                                                                                                                                                                                                                                                                                                                                                                                                                    
DEA4KV3,391200UIKSSZ6FKDC088,"vigo Krankenversicherung VVaG","10 33, Werdener Straße 4, 40227, Düsseldorf",no-vida,                                                                                                                                                                                                                                                                                                                                                                                                                                                                                                                                                                                                                                                                                                                                                                                                                                                                                                                     
DEAMKR6,529900V19C3JRMQG2152,"Viridium Rückversicherung AG","Dornhofstraße 36, 63263, Neu-Isenburg",reaseguros,                                                                                                                                                                                                                                                                                                                                                                                                                                                                                                                                                                                                                                                                                                                                                                                                                                                                                                                         
DEA4ISV,529900MXPCB0TV1TVJ64,"Volkswagen Autoversicherung AG","Gifhorner Straße 57, 38112, Braunschweig",no-vida,                                                                                                                                                                                                                                                                                                                                                                                                                                                                                                                                                                                                                                                                                                                                                                                                                                                                                                                       
DEA3ECP,529900IOM6A5EQ1UGQ67,"Volkswagen Versicherung Aktiengesellschaft","Gifhorner Straße 57, 38112, Braunschweig",no-vida,                                                                                                                                                                                                                                                                                                                                                                                                                                                                                                                                                                                                                                                                                                                                                                                                                                                                                                           
DEA4QA1,529900BYWFNQR13KGO86,"Volkswohl-Bund Lebensversicherung a.G.","10 50, Südwall 37-41, 44137, Dortmund",vida,                                                                                                                                                                                                                                                                                                                                                                                                                                                                                                                                                                                                                                                                                                                                                                                                                                                                                                                     
DEA4JZQ,52990069RUZ9NHJAA102,"VOLKSWOHL-BUND SACHVERSICHERUNG AKTIENGESELLSCHAFT","10 50, Südwall 37-41, 44137, Dortmund",no-vida,                                                                                                                                                                                                                                                                                                                                                                                                                                                                                                                                                                                                                                                                                                                                                                                                                                                                                                      
DEALI3X,529900ZN7YFQG5Y9BN45,"Vorsorgekasse der Commerzbank Versicherungsverein a.G.","Koppenstraße 93, 10243, Berlin",vida,                                                                                                                                                                                                                                                                                                                                                                                                                                                                                                                                                                                                                                                                                                                                                                                                                                                                                                            
DEALI4D,3912000QMJ4HQKUZJO16,"Vorsorgekasse Hoesch Dortmund Sterbegeldversicherung VVaG","10 16, Oesterholzstraße 124, 44145, Dortmund",vida,                                                                                                                                                                                                                                                                                                                                                                                                                                                                                                                                                                                                                                                                                                                                                                                                                                                                                           
DEA08X2,5299006B9TNCZD5WL056,"VöV Rückversicherung KöR","29 03, Heerdter Lohweg 53, 40549, Düsseldorf",reaseguros,                                                                                                                                                                                                                                                                                                                                                                                                                                                                                                                                                                                                                                                                                                                                                                                                                                                                                                                      
DEA4P0H,391200BSB9JZP9BZ4827,"VPV Allgemeine Versicherungs-AG","31 17, Mittlerer Pfad 19, 70499, Stuttgart",no-vida,                                                                                                                                                                                                                                                                                                                                                                                                                                                                                                                                                                                                                                                                                                                                                                                                                                                                                                                    
DEA4OPE,391200BMX1XETVJXRX19,"VPV Lebensversicherungs-Aktiengesellschaft","31 17, Mittlerer Pfad 19, 70499, Stuttgart",vida,                                                                                                                                                                                                                                                                                                                                                                                                                                                                                                                                                                                                                                                                                                                                                                                                                                                                                                            
DEAKVSO,529900HT243UF3WYOD94,"VRK Versicherungsverein auf Gegenseitigkeit im Raum der Kirchen","Kölnische Straße 108, 34119, Kassel",no-vida,                                                                                                                                                                                                                                                                                                                                                                                                                                                                                                                                                                                                                                                                                                                                                                                                                                                                                           
DEAFQXM,,"W. R. Berkley Europe AG Niederlassung für Deutschland","Kaiser-Wilhelm-Ring 27-29, 50672, Köln",no-vida,LI0ECBM00366                                                                                                                                                                                                                                                                                                                                                                                                                                                                                                                                                                                                                                                                                                                                                                                                                                                                                                          
DEALILM,,"W.R. Berkley Insurance (Europe) Limited Zweigniederlassung für Deutschland","Kaiser-Wilhelm-Ring 27-29, 50672, Köln",no-vida,GB0ECBM05203                                                                                                                                                                                                                                                                                                                                                                                                                                                                                                                                                                                                                                                                                                                                                                                                                                                                                     
DEA4KB6,529900RSMCCPHEMMZD54,"Waldenburger Versicherung Aktiengesellschaft","Max-Eyth-Straße 1, 74638, Waldenburg",no-vida,                                                                                                                                                                                                                                                                                                                                                                                                                                                                                                                                                                                                                                                                                                                                                                                                                                                                                                             
DEA4K6R,391200GMHZ1XISD0PL65,"WERTGARANTIE SE","Breite Straße 6, 30159, Hannover",no-vida,                                                                                                                                                                                                                                                                                                                                                                                                                                                                                                                                                                                                                                                                                                                                                                                                                                                                                                                                              
DEA4PBU,529900YGCHO0CCXQ2C35,"WGV-Lebensversicherung AG","10 60, Tübinger Straße 55, 70178, Stuttgart",vida,                                                                                                                                                                                                                                                                                                                                                                                                                                                                                                                                                                                                                                                                                                                                                                                                                                                                                                                            
DEA4JV8,529900CZQ0ENTJZL2F45,"WGV-Versicherung AG","10 60, Tübinger Straße 55, 70178, Stuttgart",no-vida,                                                                                                                                                                                                                                                                                                                                                                                                                                                                                                                                                                                                                                                                                                                                                                                                                                                                                                                               
DEA4K7K,529900OAOQG181JWFR60,"Württembergische Gemeinde-Versicherung auf Gegenseitigkeit","Tübinger Straße 55, 70178, Stuttgart",no-vida,                                                                                                                                                                                                                                                                                                                                                                                                                                                                                                                                                                                                                                                                                                                                                                                                                                                                                               
DEA3L0F,529900GJ0H3VGEOLVK85,"Württembergische Krankenversicherung Aktiengesellschaft","W&W-Platz 1, 70176, Kornwestheim",no-vida,                                                                                                                                                                                                                                                                                                                                                                                                                                                                                                                                                                                                                                                                                                                                                                                                                                                                                                      
DEA3BDC,529900VKI1GGXANN7C08,"Württembergische Lebensversicherung Aktiengesellschaft","10 60, W+W-Platz 1, 70806, Kornwestheim",vida,                                                                                                                                                                                                                                                                                                                                                                                                                                                                                                                                                                                                                                                                                                                                                                                                                                                                                                   
DEA3G8I,5299003HYFC0PYBYQH77,"Württembergische Versicherung Aktiengesellschaft","10 60, W&W-Platz 1, 70806, Kornwestheim",no-vida,                                                                                                                                                                                                                                                                                                                                                                                                                                                                                                                                                                                                                                                                                                                                                                                                                                                                                                      
DEA4KDY,3912006EE1DOOIGLNG84,"Würzburger Versicherungs-AG","68 29, Bahnhofstraße 11, 97070, Würzburg",no-vida,                                                                                                                                                                                                                                                                                                                                                                                                                                                                                                                                                                                                                                                                                                                                                                                                                                                                                                                          
DEA3DNI,5299003H07ZT0Z5ZNN35,"Wüstenrot & Württembergische AG","10 60, W+W-Platz 1, 70806, Kornwestheim",reaseguros,                                                                                                                                                                                                                                                                                                                                                                                                                                                                                                                                                                                                                                                                                                                                                                                                                                                                                                                    
DEA4QBD,5299004QQZJ8PSLHBL11,"WWK Allgemeine Versicherung Aktiengesellschaft","Marsstraße 37, 80335, München",no-vida,                                                                                                                                                                                                                                                                                                                                                                                                                                                                                                                                                                                                                                                                                                                                                                                                                                                                                                                  
DEADAKT,529900A1ZTQJ44D23A10,"WWK Lebensversicherung auf Gegenseitigkeit","Marsstraße 37, 80335, München",vida,                                                                                                                                                                                                                                                                                                                                                                                                                                                                                                                                                                                                                                                                                                                                                                                                                                                                                                                         
DEAPC65,,"XL CATLIN SERVICES SE DIREKTION FUR DEUTSCHLAND","IM ZOLLHAFEN 18, 50678, Köln",,IECBI00184968                                                                                                                                                                                                                                                                                                                                                                                                                                                                                                                                                                                                                                                                                                                                                                                                                                                                                                                                
DEALI59,,"XL Insurance Company SE Direktion für Deutschland","Hopfenstraße 6, 80335, München",no-vida,                                                                                                                                                                                                                                                                                                                                                                                                                                                                                                                                                                                                                                                                                                                                                                                                                                                                                                                                  
DEBHAAT,,"XL INSURANCE COMPANY SE DIREKTION FUR DEUTSCHLAND","COLONIA-ALLEE 10-20, 51067, COLOGNE",,                                                                                                                                                                                                                                                                                                                                                                                                                                                                                                                                                                                                                                                                                                                                                                                                                                                                                                                                    
DEAMJYW,529900DAIE345LMOUX90,"ZEDORA 164 GmbH & Co. KG","Tegernseer Landstraße 138, 81539, München",vida,                                                                                                                                                                                                                                                                                                                                                                                                                                                                                                                                                                                                                                                                                                                                                                                                                                                                                                                               
DEA4SCX,3912005014LWPKWDXH94,"Zurich Deutscher Herold Lebensversicherung Aktiengesellschaft","14 48, Deutzer Allee 1, 50679, Köln",vida,                                                                                                                                                                                                                                                                                                                                                                                                                                                                                                                                                                                                                                                                                                                                                                                                                                                                                                
DEALKPI,,"Zurich GI Management Aktiengesellschaft (Deutschland)","Solmsstr. 27-37, 60486, Frankfurt am Main",,                                                                                                                                                                                                                                                                                                                                                                                                                                                                                                                                                                                                                                                                                                                                                                                                                                                                                                                          
DEB0L68,3912005U32NK3DLDYA34,"Zurich Insurance Europe AG","Platz der Einheit 2, 60327, Frankfurt am Main",no-vida,                                                                                                                                                                                                                                                                                                                                                                                                                                                                                                                                                                                                                                                                                                                                                                                                                                                                                                                      
DEAYBDQ,391200E1PU65BT5IY716,"Zurich Life Legacy Versicherung AG (Deutschland)","Deutzer Allee 1, 50679, Köln",vida,                                                                                                                                                                                                                                                                                                                                                                                                                                                                                                                                                                                                                                                                                                                                                                                                                                                                                                                    
DEAZ39Z,,"","",,                                                                                                                                                                                                                                                                                                                                                                                                                                                                                                                                                                                                                                                                                                                                                                                                                                                                                                                                                                                                                        
