CÓDIGO EUROPEO,LEI,NOMBRE,DIRECCIÓN,TIPO DE SEGURO,ENTIDAD MATRIZ                                                                                                                                                                                                                                                                                                                                                                                                                                                                                                                                                                                                                                                                                                                                                                                                                                                                                                                                                                      
LURCSB0275789,5493000BGYP62GRG7A24,"ACCIONA ENERGIA RE.","145, rue du Kiem, L-803, Strassen",reaseguros,                                                                                                                                                                                                                                                                                                                                                                                                                                                                                                                                                                                                                                                                                                                                                                                                                                                                                                                                
LURCSB0051757,2221001YPCO4M15OW979,"AERO RE SA","22, Boulevard des Scillas, L-252, Howald",reaseguros,                                                                                                                                                                                                                                                                                                                                                                                                                                                                                                                                                                                                                                                                                                                                                                                                                                                                                                                                  
LURCSB0175991,222100YT3TT9HR81IS56,"AFI.ESCA Luxembourg S.A.","4, rue du Fort Wallis, L-271, Luxembourg",vida,                                                                                                                                                                                                                                                                                                                                                                                                                                                                                                                                                                                                                                                                                                                                                                                                                                                                                                                          
LURCSB0078214,2221006LGHTNRSDX4H31,"AGAT RE SA","BP.59, 534, rue de Neudorf, L-222, Luxembourg",reaseguros,                                                                                                                                                                                                                                                                                                                                                                                                                                                                                                                                                                                                                                                                                                                                                                                                                                                                                                                             
LURCSB0262458,222100RRCB93UFL6LF85,"AGFA RE S.A.","16a, avenue de la Liberté, L-193, Luxembourg",reaseguros,                                                                                                                                                                                                                                                                                                                                                                                                                                                                                                                                                                                                                                                                                                                                                                                                                                                                                                                            
LURCSB0083235,222100E1N77EFRB3SR98,"AGRASSUR RE SA","B.P. , 534, rue de Neudorf, L-222, Luxembourg",reaseguros,                                                                                                                                                                                                                                                                                                                                                                                                                                                                                                                                                                                                                                                                                                                                                                                                                                                                                                                         
LURCSB0201817,222100YY16NJB27XOV87,"AGRO REINSURANCE S.A.","534, rue de Neudorf, L-222, Luxembourg",reaseguros,                                                                                                                                                                                                                                                                                                                                                                                                                                                                                                                                                                                                                                                                                                                                                                                                                                                                                                                         
LURCSB0218806,213800SCCLMKOWSSX732,"AIG Europe S.A.","35 D, Avenue John F. Kennedy, L-185, Luxembourg",no-vida,                                                                                                                                                                                                                                                                                                                                                                                                                                                                                                                                                                                                                                                                                                                                                                                                                                                                                                                         
LURCSB0232302,5493001W3NTGB2HAN989,"AIOI NISSAY DOWA INSURANCE COMPANY OF EUROPE S.E.","76, 4, rue Lou Hemmer, L-174, Senningerberg",no-vida,                                                                                                                                                                                                                                                                                                                                                                                                                                                                                                                                                                                                                                                                                                                                                                                                                                                                                           
LURCSB0037619,5299008KOP6QNQ1WNH72,"ALLIANZ LIFE LUXEMBOURG","19-23, rue Jean Fischbach, Bâtiment, L-337, Leudelange",vida,                                                                                                                                                                                                                                                                                                                                                                                                                                                                                                                                                                                                                                                                                                                                                                                                                                                                                                             
LURCSB0221197,222100JBZ5XDH121KN66,"AMPLIFON RE","534, rue de Neudorf, L-222, LUXEMBOURG",reaseguros,                                                                                                                                                                                                                                                                                                                                                                                                                                                                                                                                                                                                                                                                                                                                                                                                                                                                                                                                   
LURCSB0192304,222100IKZ4T7N3FP0H37,"ANDARE","BP 59, 534, rue de Neudorf, L-222, Luxembourg",reaseguros,                                                                                                                                                                                                                                                                                                                                                                                                                                                                                                                                                                                                                                                                                                                                                                                                                                                                                                                                 
LURCSB0066783,222100KBNHEBPLQJ0322,"ArcelorMittal Life & Health Re","BP 59, 534, rue de Neudorf, L-222, Luxembourg",reaseguros,                                                                                                                                                                                                                                                                                                                                                                                                                                                                                                                                                                                                                                                                                                                                                                                                                                                                                                         
LURCSB0135578,22210048ZMFHB3PM8T23,"ArcelorMittal Property and Casualty Reinsurance S.A.","534, rue de Neudorf, L-222, Luxembourg",reaseguros,                                                                                                                                                                                                                                                                                                                                                                                                                                                                                                                                                                                                                                                                                                                                                                                                                                                                                          
LURCSB0225032,222100X5HBISQBOFG702,"Assicurazioni Generali S.p.A. - Luxembourg Branch","52, boulevard Marcel Cahen, L-131, Luxembourg",reaseguros,IT0000691431219                                                                                                                                                                                                                                                                                                                                                                                                                                                                                                                                                                                                                                                                                                                                                                                                                                                                       
LURCSB0026955,222100Y2P3IL6PXS5D64,"ASSOCO RE SA","B,P 2, 74, rue de Merl, L-214, Luxembourg",reaseguros,                                                                                                                                                                                                                                                                                                                                                                                                                                                                                                                                                                                                                                                                                                                                                                                                                                                                                                                               
LURCSB0107386,222100IKPJDY4IK0Q711,"ASSUREKA S.A.","145, rue du Kiem, L-803, Strassen",reaseguros,                                                                                                                                                                                                                                                                                                                                                                                                                                                                                                                                                                                                                                                                                                                                                                                                                                                                                                                                      
LURCSB0117418,5299006GKZENI45H9W29,"ATLANTIC RE","B.P. , 74, rue de Merl, L-214, Luxembourg",reaseguros,                                                                                                                                                                                                                                                                                                                                                                                                                                                                                                                                                                                                                                                                                                                                                                                                                                                                                                                                
LURCSB0208755,,"ATRADIUS CREDITO Y CAUCION S.A. DE SEGUROS Y REASEGUROS","2-4, rue du Château d'Eau, Immeuble Edelheck, L-336, LEUDELANGE",no-vida,ESA28008795                                                                                                                                                                                                                                                                                                                                                                                                                                                                                                                                                                                                                                                                                                                                                                                                                                                                          
LURCSB0084514,222100W6SMT3RLPML260,"AXA ASSURANCES LUXEMBOURG","1, place de l'Etoile, L-147, Luxembourg",no-vida,                                                                                                                                                                                                                                                                                                                                                                                                                                                                                                                                                                                                                                                                                                                                                                                                                                                                                                                       
LURCSB0053467,2221007TDHL8NJ2B3448,"AXA ASSURANCES VIE LUXEMBOURG, SOCIETE ANONYME","1, place de l'Etoile, L-147, Luxembourg",vida,                                                                                                                                                                                                                                                                                                                                                                                                                                                                                                                                                                                                                                                                                                                                                                                                                                                                                                     
LURCSB0206515,222100WCM48LSUO2KP31,"AXA WEALTH EUROPE","1, Place de l'Etoile, L-147, Luxembourg",vida,                                                                                                                                                                                                                                                                                                                                                                                                                                                                                                                                                                                                                                                                                                                                                                                                                                                                                                                                  
LURCSB0068065,549300J4JNKWP52PIP34,"BALOISE ASSURANCES LUXEMBOURG S.A.","8, rue du Château d'Eau, L-336, Leudelange",no-vida,                                                                                                                                                                                                                                                                                                                                                                                                                                                                                                                                                                                                                                                                                                                                                                                                                                                                                                           
LURCSB0054686,549300NF39GNDIKK4T88,"BALOISE VIE LUXEMBOURG S.A.","8, rue du Château d'Eau, L-336, Leudelange",vida,                                                                                                                                                                                                                                                                                                                                                                                                                                                                                                                                                                                                                                                                                                                                                                                                                                                                                                                     
LURCSB0034186,22210076BXST0GCNUF28,"BALSPEED RE SA","534, rue de Neudorf, L-222, Luxembourg",reaseguros,                                                                                                                                                                                                                                                                                                                                                                                                                                                                                                                                                                                                                                                                                                                                                                                                                                                                                                                                
LURCSB0285248,391200SRGWFDF0A3K487,"BanSabadell Reassurance S.A.","74, rue de Merl, L-214, Luxembourg",reaseguros,                                                                                                                                                                                                                                                                                                                                                                                                                                                                                                                                                                                                                                                                                                                                                                                                                                                                                                                      
LURCSB0194011,222100INTDKXA2LO8T28,"BARENTS REINSURANCE S.A","14, Allée Marconi, L-212, Luxembourg",reaseguros,                                                                                                                                                                                                                                                                                                                                                                                                                                                                                                                                                                                                                                                                                                                                                                                                                                                                                                                         
LURCSB0077870,222100HXNETLOEEUSL05,"BESIX GLOBAL RE S.A.","74, rue de Merl, L-214, Luxembourg",reaseguros,                                                                                                                                                                                                                                                                                                                                                                                                                                                                                                                                                                                                                                                                                                                                                                                                                                                                                                                              
LURCSB0187330,222100WDSSZHLEX8CP93,"BIL REINSURANCE S.A.","69, route d'Esch, L-295, LUXEMBOURG",reaseguros,                                                                                                                                                                                                                                                                                                                                                                                                                                                                                                                                                                                                                                                                                                                                                                                                                                                                                                                             
LURCSB0162239,222100X0Y03DFGD43S50,"BlueRe M.A.","4, Däichwee, L-685, Manternach",reaseguros,                                                                                                                                                                                                                                                                                                                                                                                                                                                                                                                                                                                                                                                                                                                                                                                                                                                                                                                                           
LURCSB0298153,98450071E8094D7AY582,"Blum Re","22, Boulevard des Scillas, L-252, Howald",reaseguros,                                                                                                                                                                                                                                                                                                                                                                                                                                                                                                                                                                                                                                                                                                                                                                                                                                                                                                                                     
LURCSB0145794,549300VWT25UPOVS1K17,"BNP PARIBAS S.B. RE.","B.P 2, 2, rue Edward Steichen, L-254, Luxembourg",reaseguros,                                                                                                                                                                                                                                                                                                                                                                                                                                                                                                                                                                                                                                                                                                                                                                                                                                                                                                                
LURCSB0183351,222100WEXIU8S1BGYY21,"Bolton International Re S.C.A.","B.P. , 74, rue de Merl, L-214, Luxembourg",reaseguros,                                                                                                                                                                                                                                                                                                                                                                                                                                                                                                                                                                                                                                                                                                                                                                                                                                                                                                             
LURCSB0174797,222100OYQRZOWEQ1XC50,"Bolton International S.C.A.","B.P. , 74, rue de Merl, L-214, Luxembourg",no-vida,                                                                                                                                                                                                                                                                                                                                                                                                                                                                                                                                                                                                                                                                                                                                                                                                                                                                                                                   
LURCSB0202918,222100O5YRBIZ00CT869,"BOURBON CAP RE","22, Boulevard des Scillas, L-252, Howald",reaseguros,                                                                                                                                                                                                                                                                                                                                                                                                                                                                                                                                                                                                                                                                                                                                                                                                                                                                                                                              
LURCSB0060633,213800ZIGVOZ992FNQ85,"BPCE LIFE","51, avenue John F. Kennedy, L-185, LUXEMBOURG",vida,                                                                                                                                                                                                                                                                                                                                                                                                                                                                                                                                                                                                                                                                                                                                                                                                                                                                                                                                    
LURCSB0056288,549300QGNWWQMWOYST45,"Brew Re S.A.","B.P.2, 15, Breedewues, L-125, Senningerberg",reaseguros,                                                                                                                                                                                                                                                                                                                                                                                                                                                                                                                                                                                                                                                                                                                                                                                                                                                                                                                             
LURCSB0050317,222100ULZ9CKPZGMCA14,"CAFINA SA","22, Boulevard des Scillas, L-252, Howald",reaseguros,                                                                                                                                                                                                                                                                                                                                                                                                                                                                                                                                                                                                                                                                                                                                                                                                                                                                                                                                   
LURCSB0039009,222100Y80OB3X1M65M08,"CAISRELUX SA","534, rue de Neudorf, L-222, Luxembourg",reaseguros,                                                                                                                                                                                                                                                                                                                                                                                                                                                                                                                                                                                                                                                                                                                                                                                                                                                                                                                                  
LURCSM0000009,549300VELH4ZH3P2RX93,"Caisse Médico-Complémentaire Mutualiste du Grand-Duché de Luxembourg","32, rue de Hollerich, L-174, Luxembourg",,                                                                                                                                                                                                                                                                                                                                                                                                                                                                                                                                                                                                                                                                                                                                                                                                                                                                                   
LURCSB0148233,2221004GOD3W4USMSA93,"CALATRAVA RE","B.P.2, 74, rue de Merl, L-214, Luxembourg",reaseguros,                                                                                                                                                                                                                                                                                                                                                                                                                                                                                                                                                                                                                                                                                                                                                                                                                                                                                                                               
LURCSB0075007,222100RHVHGHNBQ4VV91,"CALI Europe","9, Allée Scheffer, L-252, Luxembourg",vida,                                                                                                                                                                                                                                                                                                                                                                                                                                                                                                                                                                                                                                                                                                                                                                                                                                                                                                                                           
LURCSB0058149,222100I7Z4ZOEKHLBI64,"CAMCA ASSURANCE S.A.","BP 23, 9, Allée Scheffer, L-252, Luxembourg",no-vida,                                                                                                                                                                                                                                                                                                                                                                                                                                                                                                                                                                                                                                                                                                                                                                                                                                                                                                                        
LURCSB0041766,222100OK3R0C26F84J86,"CAMCA REASSURANCE S.A.","BP 23, 9, Allée Scheffer, L-252, Luxembourg",reaseguros,                                                                                                                                                                                                                                                                                                                                                                                                                                                                                                                                                                                                                                                                                                                                                                                                                                                                                                                   
LURCSB0139138,222100DBTN3QGHDYEZ90,"Canal Re S.A.","B.P. , 534, rue de Neudorf, L-222, Luxembourg",reaseguros,                                                                                                                                                                                                                                                                                                                                                                                                                                                                                                                                                                                                                                                                                                                                                                                                                                                                                                                          
LURCSB0247375,222100OKBSB9CIGLA634,"CAP VERALLIA","22, Boulevard des Scillas, L-252, Howald",reaseguros,                                                                                                                                                                                                                                                                                                                                                                                                                                                                                                                                                                                                                                                                                                                                                                                                                                                                                                                                
LURCSB0163854,222100WMNKCPOCW34Z76,"Capgemini Reinsurance International","BP 59, 534, rue de Neudorf, L-222, Luxembourg",reaseguros,                                                                                                                                                                                                                                                                                                                                                                                                                                                                                                                                                                                                                                                                                                                                                                                                                                                                                                    
LURCSB0301854,89450078NXRZZ3MOON41,"CAPTIVE LDC S.A.","16a, avenue de la Liberté, L-193, Luxembourg",reaseguros,                                                                                                                                                                                                                                                                                                                                                                                                                                                                                                                                                                                                                                                                                                                                                                                                                                                                                                                        
LURCSB0047240,213800I92TAU7I3FP232,"CARDIF LUX VIE","B.P. , 20, Boulevard des Scillas, L-252, Howald",vida,                                                                                                                                                                                                                                                                                                                                                                                                                                                                                                                                                                                                                                                                                                                                                                                                                                                                                                                             
LURCSB0099231,222100U53WHQLCGTU855,"CARGOLUX RE SA","22, Boulevard des Scillas, L-252, Howald",reaseguros,                                                                                                                                                                                                                                                                                                                                                                                                                                                                                                                                                                                                                                                                                                                                                                                                                                                                                                                              
LURCSB0143770,222100UANAMNBB7UBN32,"Carman","BP 59, 9, Avenue Guillaume, L-165, Luxembourg",reaseguros,                                                                                                                                                                                                                                                                                                                                                                                                                                                                                                                                                                                                                                                                                                                                                                                                                                                                                                                                 
LURCSB0277553,984500AA50EA1EBBDE74,"Cash Re","22, Boulevard des Scillas, L-252, Howald",reaseguros,                                                                                                                                                                                                                                                                                                                                                                                                                                                                                                                                                                                                                                                                                                                                                                                                                                                                                                                                     
LURCSB0120856,2221000K2K2UC3CCKS81,"CASINO RE S.A.","22, Boulevard des Scillas, L-252, Howald",reaseguros,                                                                                                                                                                                                                                                                                                                                                                                                                                                                                                                                                                                                                                                                                                                                                                                                                                                                                                                              
LURCSB0044639,222100E2UQK4QRARLL13,"CDA RE SA","22, Boulevard des Scillas, L-252, Howald",reaseguros,                                                                                                                                                                                                                                                                                                                                                                                                                                                                                                                                                                                                                                                                                                                                                                                                                                                                                                                                   
LURCSB0170142,22210096NFCZ4KKFZD27,"CGPA EUROPE","41, boulevard Royal, L-244, Luxembourg",no-vida,                                                                                                                                                                                                                                                                                                                                                                                                                                                                                                                                                                                                                                                                                                                                                                                                                                                                                                                                      
LURCSB0029820,2221004682VZ8LFGJX30,"CHALLENGER REASSURANCE","22, Boulevard des Scillas, L-252, Howald",reaseguros,                                                                                                                                                                                                                                                                                                                                                                                                                                                                                                                                                                                                                                                                                                                                                                                                                                                                                                                      
LURCSB0024740,2221003HHAJFDWJ0PD98,"CHC Reinsurance S.A.","BP 59, 17A, rue des Bains, L-121, Luxembourg",reaseguros,                                                                                                                                                                                                                                                                                                                                                                                                                                                                                                                                                                                                                                                                                                                                                                                                                                                                                                                    
LURCSB0264763,894500C5FNCCNE05F925,"CHINA TAIPING INSURANCE (LU) S.A.","20, Boulevard Royal, L-244, Luxembourg",no-vida,                                                                                                                                                                                                                                                                                                                                                                                                                                                                                                                                                                                                                                                                                                                                                                                                                                                                                                                
LURCSB0282872,391200O91RTMLSF04978,"CIBELES RE S.A.","74, rue de Merl, L-214, Luxembourg",reaseguros,                                                                                                                                                                                                                                                                                                                                                                                                                                                                                                                                                                                                                                                                                                                                                                                                                                                                                                                                   
LURCSB0053386,22210032HW3DO8ZTJ407,"CLIMRE SA","49, Boulevard Prince Henri, L-172, Luxembourg",reaseguros,                                                                                                                                                                                                                                                                                                                                                                                                                                                                                                                                                                                                                                                                                                                                                                                                                                                                                                                              
LURCSB0222697,2138008UNXIHH38KIJ49,"CNA Insurance Company (Europe) S.A.","35F, avenue J.F. Kennedy, L-185, Luxembourg",no-vida,                                                                                                                                                                                                                                                                                                                                                                                                                                                                                                                                                                                                                                                                                                                                                                                                                                                                                                         
LURCSB0198735,222100YKBGQFZEHE4Y78,"CNP LUXEMBOURG","8, rue Henri Schnadt, L-253, Luxembourg",vida,                                                                                                                                                                                                                                                                                                                                                                                                                                                                                                                                                                                                                                                                                                                                                                                                                                                                                                                                     
LURCSB0261695,222100HLAZIALVJF5B19,"COLD RE","74, rue de Merl, L-214, Luxembourg",reaseguros,                                                                                                                                                                                                                                                                                                                                                                                                                                                                                                                                                                                                                                                                                                                                                                                                                                                                                                                                           
LURCSB0059058,222100JD5KM7B52UZQ86,"COLOMBE ASSURANCES SA","BP 25, 2A, place de Paris, L-231, Luxembourg",no-vida,                                                                                                                                                                                                                                                                                                                                                                                                                                                                                                                                                                                                                                                                                                                                                                                                                                                                                                                      
LURCSB0061605,222100IUSAKCDAYTMX08,"Colonnade Insurance S.A.","1, rue Jean Piret, L-235, Luxembourg",no-vida,                                                                                                                                                                                                                                                                                                                                                                                                                                                                                                                                                                                                                                                                                                                                                                                                                                                                                                                           
LURCSB0149092,22210094QBONQWXI1594,"COMPASS RE S.A.","BP 59, 4, boulevard Joseph II, L-184, Luxembourg",reaseguros,                                                                                                                                                                                                                                                                                                                                                                                                                                                                                                                                                                                                                                                                                                                                                                                                                                                                                                                     
LURCSB0044193,222100EDY8SOT3EUFL67,"COMURA SA","BP 59, 534, rue de Neudorf, L-222, Luxembourg",reaseguros,                                                                                                                                                                                                                                                                                                                                                                                                                                                                                                                                                                                                                                                                                                                                                                                                                                                                                                                              
LURCSB0253295,894500S0IQYVDCWFAR23,"CONVEX EUROPE S.A.","37, boulevard Joseph II, L-184, Luxembourg",no-vida,                                                                                                                                                                                                                                                                                                                                                                                                                                                                                                                                                                                                                                                                                                                                                                                                                                                                                                                           
LURCSB0073320,222100WUVV7CAQPS7895,"COREA S.A.","24-26, Boulevard d'Avranches, L-116, Luxembourg",reaseguros,                                                                                                                                                                                                                                                                                                                                                                                                                                                                                                                                                                                                                                                                                                                                                                                                                                                                                                                           
LURCSB0032573,2221002RIKOKHOS5IA04,"COREVAL","16a, avenue de la Liberté, L-193, Luxembourg",reaseguros,                                                                                                                                                                                                                                                                                                                                                                                                                                                                                                                                                                                                                                                                                                                                                                                                                                                                                                                                 
LURCSB0262222,2221002C7YPO8FHHBW28,"COREVI","124, Boulevard de la Pétrusse, L-233, Luxembourg",reaseguros,                                                                                                                                                                                                                                                                                                                                                                                                                                                                                                                                                                                                                                                                                                                                                                                                                                                                                                                              
LURCSB0028590,222100K3SEFNJ8K68185,"COVEA LUX","BP 59, 534, rue de Neudorf, L-222, Luxembourg",reaseguros,                                                                                                                                                                                                                                                                                                                                                                                                                                                                                                                                                                                                                                                                                                                                                                                                                                                                                                                              
LURCSB0078673,529900VDZPURLKP4T426,"Cowen Reinsurance S.A.","251, rue de Beggen, L-122, Luxembourg",reaseguros,                                                                                                                                                                                                                                                                                                                                                                                                                                                                                                                                                                                                                                                                                                                                                                                                                                                                                                                         
LURCSB0033685,529900AHEQOLZSWPQ330,"CREARE SA","2-4, avenue Marie Thérèse, L-213, Luxembourg",reaseguros,                                                                                                                                                                                                                                                                                                                                                                                                                                                                                                                                                                                                                                                                                                                                                                                                                                                                                                                               
LURCSB0302912,3912000MQN4HBLJL0M98,"Crédit Agricole Risk Management Reinsurance","74, rue de Merl, L-214, Luxembourg",reaseguros,                                                                                                                                                                                                                                                                                                                                                                                                                                                                                                                                                                                                                                                                                                                                                                                                                                                                                                       
LURCSB0149829,2221005OV2OAEP2O5T07,"CUBE RE S.A.","B.P. , 6D, route de Trèves, L-263, Senningerberg",reaseguros,                                                                                                                                                                                                                                                                                                                                                                                                                                                                                                                                                                                                                                                                                                                                                                                                                                                                                                                        
LURCSB0188526,222100K4R3PRLRGBXD37,"D.R.C. S.A.","16, Duerfstrooss, L-999, Weiswampach",reaseguros,                                                                                                                                                                                                                                                                                                                                                                                                                                                                                                                                                                                                                                                                                                                                                                                                                                                                                                                                     
LURCSB0030185,2221006U54IBJST8U288,"DANONE RE SA","BP 22, 534, rue de Neudorf, L-222, Luxembourg",reaseguros,                                                                                                                                                                                                                                                                                                                                                                                                                                                                                                                                                                                                                                                                                                                                                                                                                                                                                                                           
LURCSB0278698,,"DARAG DEUTSCHLAND AG, SUCCURSALE LUXEMBOURGEOISE","23, avenue Monterey, L-216, Luxembourg",no-vida,DEA3JNB                                                                                                                                                                                                                                                                                                                                                                                                                                                                                                                                                                                                                                                                                                                                                                                                                                                                                                              
LURCSB0053295,22210069T0KKMSAWJL10,"DB RE SA","2, Boulevard Konrad Adenauer, L-111, Luxembourg",reaseguros,                                                                                                                                                                                                                                                                                                                                                                                                                                                                                                                                                                                                                                                                                                                                                                                                                                                                                                                             
LURCSB0035917,529900TYAVA2GRNJ1P86,"DB VITA, AKTIENGESELLSCHAFT","2, Boulevard Konrad Adenauer, L-111, Luxembourg",vida,                                                                                                                                                                                                                                                                                                                                                                                                                                                                                                                                                                                                                                                                                                                                                                                                                                                                                                                
LURCSB0026050,222100YI46VFBVXL8L40,"DELASSUR, LOUIS DELHAIZE SOCIETE DE REASSURANCES SA","BP 59, 534, rue de Neudorf, L-222, Luxembourg",reaseguros,                                                                                                                                                                                                                                                                                                                                                                                                                                                                                                                                                                                                                                                                                                                                                                                                                                                                                    
LURCSB0162691,222100Q0Z3QV02EH7144,"DEME REINSURANCE S.A.","136, route d'Arlon, L-115, Luxembourg",reaseguros,                                                                                                                                                                                                                                                                                                                                                                                                                                                                                                                                                                                                                                                                                                                                                                                                                                                                                                                          
LURCSB0258307,2221004FP2U15YV5HH96,"DERICHEBOURG RE","22, Boulevard des Scillas, L-252, Howald",reaseguros,                                                                                                                                                                                                                                                                                                                                                                                                                                                                                                                                                                                                                                                                                                                                                                                                                                                                                                                             
LURCSB0028411,222100F6SM2W5FRIN209,"DEUTSCHE POST REINSURANCE SA","B.P. , 74, rue de Merl, L-214, Luxembourg",reaseguros,                                                                                                                                                                                                                                                                                                                                                                                                                                                                                                                                                                                                                                                                                                                                                                                                                                                                                                               
LURCSB0084140,2221003XF6RDO55XUM50,"DGF Reinsurance S.A.","B.P. , 534, rue de Neudorf, L-222, Luxembourg",reaseguros,                                                                                                                                                                                                                                                                                                                                                                                                                                                                                                                                                                                                                                                                                                                                                                                                                                                                                                                   
LURCSB0045762,529900AO3Z5MARFY0W76,"DKV LUXEMBOURG S.A.","11-13, rue Jean Fischbach, L-337, LEUDELANGE",no-vida,                                                                                                                                                                                                                                                                                                                                                                                                                                                                                                                                                                                                                                                                                                                                                                                                                                                                                                                        
LURCSB0186203,22210011E2A86TKCU620,"DS SMITH RE","B.P. , 8-10, Avenue de la Gare, L-161, Luxembourg",reaseguros,                                                                                                                                                                                                                                                                                                                                                                                                                                                                                                                                                                                                                                                                                                                                                                                                                                                                                                                        
LURCSB0238912,222100G73YSB82O6GD59,"ECONOCOM RE","2, rue d’Arlon, L-839, Windhof",reaseguros,                                                                                                                                                                                                                                                                                                                                                                                                                                                                                                                                                                                                                                                                                                                                                                                                                                                                                                                                           
LURCSB0251302,222100I5193679YQBP73,"EIFFEL RE","22, Boulevard des Scillas, L-252, Howald",reaseguros,                                                                                                                                                                                                                                                                                                                                                                                                                                                                                                                                                                                                                                                                                                                                                                                                                                                                                                                                   
LURCSB0250219,22210071M32A8E8O7698,"EIRENE RE S.A.","74, RUE DE MERL, L-214, Luxembourg",reaseguros,                                                                                                                                                                                                                                                                                                                                                                                                                                                                                                                                                                                                                                                                                                                                                                                                                                                                                                                                    
LURCSB0304816,391200N8S78AIPK47E16,"ELECNOR RE S.A.","74, rue de Merl, L-214, Luxembourg",reaseguros,                                                                                                                                                                                                                                                                                                                                                                                                                                                                                                                                                                                                                                                                                                                                                                                                                                                                                                                                   
LURCSB0086097,22210057QWROFBV7TF98,"ELIA RE SA","B.P. , 74, rue de Merl, L-214, Luxembourg",reaseguros,                                                                                                                                                                                                                                                                                                                                                                                                                                                                                                                                                                                                                                                                                                                                                                                                                                                                                                                                 
LURCSB0133476,222100JXICY8WZ5EYI75,"ENCEVO RE S.A.","74, rue de Merl, L-214, Luxembourg",reaseguros,                                                                                                                                                                                                                                                                                                                                                                                                                                                                                                                                                                                                                                                                                                                                                                                                                                                                                                                                    
LURCSB0049809,22210069VZHJ3MQB4807,"ENERGIA RE SA","22, Boulevard des Scillas, L-252, Howald",reaseguros,                                                                                                                                                                                                                                                                                                                                                                                                                                                                                                                                                                                                                                                                                                                                                                                                                                                                                                                               
LURCSB0037136,2221000H9MISGFJUDR41,"ENGIE RE S.A.","B.P. , 65, avenue de la Gare, L-161, Luxembourg",reaseguros,                                                                                                                                                                                                                                                                                                                                                                                                                                                                                                                                                                                                                                                                                                                                                                                                                                                                                                                        
LURCSB0108884,222100ODX048C7V2DE42,"EPCAP RE S.A.","22, Boulevard des Scillas, L-252, Howald",reaseguros,                                                                                                                                                                                                                                                                                                                                                                                                                                                                                                                                                                                                                                                                                                                                                                                                                                                                                                                               
LURCSB0035721,2221009WFQFKSJRR2U87,"ERAS S.A.","16a, avenue de la Liberté, L-193, Luxembourg",reaseguros,                                                                                                                                                                                                                                                                                                                                                                                                                                                                                                                                                                                                                                                                                                                                                                                                                                                                                                                               
LURCSB0058508,,"ERGO INSURANCE', AGISSANT AUSSI SOUS LA DENOMINATION DE 'ERGO' ET DE 'ERGO LIFE'","55, Allée de la Poudrerie, L-189, Kockelscheuer",compuestos,BE0414875829                                                                                                                                                                                                                                                                                                                                                                                                                                                                                                                                                                                                                                                                                                                                                                                                                                                             
LURCSB0056908,529900FMF2P7MBTLRS77,"ERGO Life S.A.","15, rue de Flaxweiler, L-677, Grevenmacher",vida,                                                                                                                                                                                                                                                                                                                                                                                                                                                                                                                                                                                                                                                                                                                                                                                                                                                                                                                                  
LURCSB0097240,222100EQ1H3D2BFYGO41,"ERSTE REINSURANCE SA","22, Boulevard des Scillas, L-252, Howald",reaseguros,                                                                                                                                                                                                                                                                                                                                                                                                                                                                                                                                                                                                                                                                                                                                                                                                                                                                                                                        
LURCSB0273985,549300NL4XBNT0DX2J71,"EssilorLuxottica Re","7, rue de la Chapelle, L-132, Luxembourg",reaseguros,                                                                                                                                                                                                                                                                                                                                                                                                                                                                                                                                                                                                                                                                                                                                                                                                                                                                                                                         
LURCSB0293126,984500D5991A72B02F53,"ETHIAS REASSURANCES S.A.","89E, Parc d’Activités Capellen, L-830, Capellen",reaseguros,                                                                                                                                                                                                                                                                                                                                                                                                                                                                                                                                                                                                                                                                                                                                                                                                                                                                                                             
LURCSB0104425,222100VLD8Q682RT1J51,"EUROCLEAR RE","2, rue Fort Bourbon, L-124, Luxembourg",reaseguros,                                                                                                                                                                                                                                                                                                                                                                                                                                                                                                                                                                                                                                                                                                                                                                                                                                                                                                                                  
LURCSB0220043,391200RN7YYDLY67O079,"EUROFINS RE S.A.","23, Val Fleuri, L-152, Luxembourg",reaseguros,                                                                                                                                                                                                                                                                                                                                                                                                                                                                                                                                                                                                                                                                                                                                                                                                                                                                                                                                   
LURCSB0133070,,"EUROP ASSISTANCE LUXEMBOURG","52, Boulevard Marcel Cahen, L-131, Luxembourg",no-vida,FR451366405                                                                                                                                                                                                                                                                                                                                                                                                                                                                                                                                                                                                                                                                                                                                                                                                                                                                                                                        
LURCSB0018707,222100OW9ZXSOJW2AH03,"Evonik Re S.A.","22, Boulevard des Scillas, L-252, Howald",reaseguros,                                                                                                                                                                                                                                                                                                                                                                                                                                                                                                                                                                                                                                                                                                                                                                                                                                                                                                                              
LURCSB0050572,89450043C9MY4SRJ3P48,"FIDELIDADE - COMPANHIA DE SEGUROS, S.A.","1, rue Pletzer, L-808, Bertrange",compuestos,PT500918880                                                                                                                                                                                                                                                                                                                                                                                                                                                                                                                                                                                                                                                                                                                                                                                                                                                                                                  
LURCSB0005543,529900XFPJT9CTEAWF18,"FININCO","5 RUE BOMMEL, L-494, HAUTCHARAGE",reaseguros,                                                                                                                                                                                                                                                                                                                                                                                                                                                                                                                                                                                                                                                                                                                                                                                                                                                                                                                                             
LURCSB0133013,22210086KDYX2LP8TM12,"FLUX RE S.A.","B.P. , 74, rue de Merl, L-214, Luxembourg",reaseguros,                                                                                                                                                                                                                                                                                                                                                                                                                                                                                                                                                                                                                                                                                                                                                                                                                                                                                                                               
LURCSB0211309,222100GPK3TXH3YGOB37,"FM Insurance Europe S.A.","1, route d'Esch, L-147, Luxembourg",no-vida,                                                                                                                                                                                                                                                                                                                                                                                                                                                                                                                                                                                                                                                                                                                                                                                                                                                                                                                             
LURCSB0192875,222100CGD5N2K4HH3R10,"FM REASSUARANCE S.A.","22, Boulevard des Scillas, L-252, Howald",reaseguros,                                                                                                                                                                                                                                                                                                                                                                                                                                                                                                                                                                                                                                                                                                                                                                                                                                                                                                                        
LURCSB0036702,2221001ZIMMZDL0D6M67,"FORVIA RE","22, Boulevard des Scillas, L-252, Howald",reaseguros,                                                                                                                                                                                                                                                                                                                                                                                                                                                                                                                                                                                                                                                                                                                                                                                                                                                                                                                                   
LURCSB0034237,5493000DB4L2GMHE8F84,"FOYER ASSURANCES, FOYER ASSURANCES S.A.","12, rue Léon Laval, L-337, Leudelange",no-vida,                                                                                                                                                                                                                                                                                                                                                                                                                                                                                                                                                                                                                                                                                                                                                                                                                                                                                                           
LURCSB0134471,222100M5YXWXWJ8ING43,"FOYER GLOBAL HEALTH","12, rue Léon Laval, L-337, Leudelange",no-vida,                                                                                                                                                                                                                                                                                                                                                                                                                                                                                                                                                                                                                                                                                                                                                                                                                                                                                                                               
LURCSB0262333,549300U4JCWX7PZ23G12,"FOYER LUXEMBOURG RE S.A.","12, rue Léon Laval, L-337, Leudelange",reaseguros,                                                                                                                                                                                                                                                                                                                                                                                                                                                                                                                                                                                                                                                                                                                                                                                                                                                                                                                       
LURCSB0034233,549300387YFQKY1VF456,"FOYER VIE, FOYER VIE S.A.","12, rue Léon Laval, L-337, Leudelange",vida,                                                                                                                                                                                                                                                                                                                                                                                                                                                                                                                                                                                                                                                                                                                                                                                                                                                                                                                            
LURCSB0220195,549300O6NL7NBE3CHK37,"FRIDAY INSURANCE S.A.","23, rue du Puits Romain, L-807, BERTRANGE",no-vida,                                                                                                                                                                                                                                                                                                                                                                                                                                                                                                                                                                                                                                                                                                                                                                                                                                                                                                                         
LURCSB0100821,222100YRN4XNCOTWA587,"G&D Reinsurance S.A.","534, rue de Neudorf, L-222, Luxembourg",reaseguros,                                                                                                                                                                                                                                                                                                                                                                                                                                                                                                                                                                                                                                                                                                                                                                                                                                                                                                                          
LURCSB0104412,222100MGWX4FKY7BSF92,"G-RE S.A.","B.P. , 74, rue de Merl, L-214, Luxembourg",reaseguros,                                                                                                                                                                                                                                                                                                                                                                                                                                                                                                                                                                                                                                                                                                                                                                                                                                                                                                                                  
LURCSB0035610,222100S3RDPN51N1T424,"GAVIOTA RE S.A.","B.P. , 11, rue Aldringen, L-111, Luxembourg",reaseguros,                                                                                                                                                                                                                                                                                                                                                                                                                                                                                                                                                                                                                                                                                                                                                                                                                                                                                                                          
LURCSB0165407,2221004RVIS03ZBFVY21,"GENERALI Luxembourg","1, rue Peternelchen, L-237, Hesperange",vida,                                                                                                                                                                                                                                                                                                                                                                                                                                                                                                                                                                                                                                                                                                                                                                                                                                                                                                                                 
LURCSB0027046,549300HL7GZWTWSIZF18,"GENERAS S.A.","15 AVENUE EMILE REUTER, L-242, LUXEMBOURG",,                                                                                                                                                                                                                                                                                                                                                                                                                                                                                                                                                                                                                                                                                                                                                                                                                                                                                                                                         
LURCSB0267716,984500FAE67HTCD8F171,"GEODIS Reinsurance","22, Boulevard des Scillas, L-252, Howald",reaseguros,                                                                                                                                                                                                                                                                                                                                                                                                                                                                                                                                                                                                                                                                                                                                                                                                                                                                                                                          
LURCSB0048016,222100W67YLV3INLJI87,"GESARE S.A.","B.P. , 5, rue Alphonse Wicker, L-272, Luxembourg",reaseguros,                                                                                                                                                                                                                                                                                                                                                                                                                                                                                                                                                                                                                                                                                                                                                                                                                                                                                                                         
LURCSB0205067,2221009IOHHWS8WLSL53,"GIF RE, S.A.","22, Boulevard des Scillas, L-252, Howald",reaseguros,                                                                                                                                                                                                                                                                                                                                                                                                                                                                                                                                                                                                                                                                                                                                                                                                                                                                                                                                
LURCSB0191476,222100POT4F8KMBUZ253,"GLOBAL RE S.A.","15, boulevard Joseph II, L-184, Luxembourg",reaseguros,                                                                                                                                                                                                                                                                                                                                                                                                                                                                                                                                                                                                                                                                                                                                                                                                                                                                                                                            
LURCSB0149922,549300WHNT1TE4ZWSS53,"GREENSTARS BNP PARIBAS","60, avenue John F. Kennedy, L-185, Luxembourg",no-vida,                                                                                                                                                                                                                                                                                                                                                                                                                                                                                                                                                                                                                                                                                                                                                                                                                                                                                                                    
LURCSB0299589,6488UU6G7T4W0X9A8279,"Greiner Re","22, Boulevard des Scillas, L-252, Howald",reaseguros,                                                                                                                                                                                                                                                                                                                                                                                                                                                                                                                                                                                                                                                                                                                                                                                                                                                                                                                                  
LURCSB0262033,8945004QWV5YK2QWST13,"GROUPAMA GAN VIE","117, route d'Arlon, L-800, Strassen",vida,FR340427616                                                                                                                                                                                                                                                                                                                                                                                                                                                                                                                                                                                                                                                                                                                                                                                                                                                                                                                            
LURCSB0285564,98450084474ZD06C5U30,"GRUNENTHAL RE","22, Boulevard des Scillas, L-252, Howald",reaseguros,                                                                                                                                                                                                                                                                                                                                                                                                                                                                                                                                                                                                                                                                                                                                                                                                                                                                                                                               
LURCSB0040258,222100MP30JZTBCB7R93,"HEIDELBERG MATERIALS REINSURANCE LUXEMBOURG S.A.","BP 59, 5, rue des Primeurs, L-236, Strassen",reaseguros,                                                                                                                                                                                                                                                                                                                                                                                                                                                                                                                                                                                                                                                                                                                                                                                                                                                                                         
LURCSB0050690,2221000VNMOTPUL17D26,"HENKEL RE","534, rue de Neudorf, L-222, Luxembourg",reaseguros,                                                                                                                                                                                                                                                                                                                                                                                                                                                                                                                                                                                                                                                                                                                                                                                                                                                                                                                                     
LURCSB0025868,222100VXNLPMP3AD7K98,"HERALUX SA","BP 59, 2-4, rue Eugène Ruppert, L-245, Luxembourg",reaseguros,                                                                                                                                                                                                                                                                                                                                                                                                                                                                                                                                                                                                                                                                                                                                                                                                                                                                                                                         
LURCSB0217018,222100JCZBVVDGJZ8318,"Hiscox SA","35, avenue Monterey, L-216, Luxembourg",no-vida,                                                                                                                                                                                                                                                                                                                                                                                                                                                                                                                                                                                                                                                                                                                                                                                                                                                                                                                                        
LURCSB0144065,222100X6O2T4JN97KV06,"HORTENSIA RE","36, PARC D'ACTIVITE DE CAPELLEN, L-830, CAPELLEN",reaseguros,                                                                                                                                                                                                                                                                                                                                                                                                                                                                                                                                                                                                                                                                                                                                                                                                                                                                                                                        
LURCSB0117417,222100J2N6TV22LXWX58,"Hugo Insurance S.A.","B.P. , 74, Rue de Merl, L-214, Luxembourg",no-vida,                                                                                                                                                                                                                                                                                                                                                                                                                                                                                                                                                                                                                                                                                                                                                                                                                                                                                                                           
LURCSB0128485,222100WVSKF4XNK5HS07,"I.R.R.","22, Boulevard des Scillas, L-252, Howald",reaseguros,                                                                                                                                                                                                                                                                                                                                                                                                                                                                                                                                                                                                                                                                                                                                                                                                                                                                                                                                      
LURCSB0106931,549300LXVL4H3YPO0N06,"IBERDROLA RE S.A.","22, Boulevard des Scillas, L-252, Howald",reaseguros,                                                                                                                                                                                                                                                                                                                                                                                                                                                                                                                                                                                                                                                                                                                                                                                                                                                                                                                           
LURCSB0032615,222100P9AR8KBS5PLO94,"IMERYS RE","22, Boulevard des Scillas, L-252, Howald",reaseguros,                                                                                                                                                                                                                                                                                                                                                                                                                                                                                                                                                                                                                                                                                                                                                                                                                                                                                                                                   
LURCSB0219887,22210076387W1Y9JCK04,"IMMO RE S.A.","22, Boulevard des Scillas, L-252, Howald",reaseguros,                                                                                                                                                                                                                                                                                                                                                                                                                                                                                                                                                                                                                                                                                                                                                                                                                                                                                                                                
LURCSB0098801,2221006BZGNPGI55NY10,"INCODEN S.A.","22, Boulevard des Scillas, L-252, Howald",reaseguros,                                                                                                                                                                                                                                                                                                                                                                                                                                                                                                                                                                                                                                                                                                                                                                                                                                                                                                                                
LURCSB0028689,222100LLCPDRSBM2FO46,"INDUSTRIELLE DE REASSURANCE SA","74, rue de Merl, L-214, LUXEMBOURG",reaseguros,                                                                                                                                                                                                                                                                                                                                                                                                                                                                                                                                                                                                                                                                                                                                                                                                                                                                                                                    
LURCSB0097038,222100YGPWUP7BQJGH05,"INOX RE, SA","22, Boulevard des Scillas, L-252, Howald",reaseguros,                                                                                                                                                                                                                                                                                                                                                                                                                                                                                                                                                                                                                                                                                                                                                                                                                                                                                                                                 
LURCSB0270963,391200L33ER2G6V0JD57,"INTERCEMENT LUXEMBOURG REINSURANCE COMPANY S.A","74, rue de Merl, L-214, Luxembourg",reaseguros,                                                                                                                                                                                                                                                                                                                                                                                                                                                                                                                                                                                                                                                                                                                                                                                                                                                                                                    
LURCSB0053451,222100NG1Q4NNDENOS14,"INTERNATIONAL CREDIT MUTUEL LIFE","33, Boulevard Prince Henri, L-172, LUXEMBOURG",vida,                                                                                                                                                                                                                                                                                                                                                                                                                                                                                                                                                                                                                                                                                                                                                                                                                                                                                                             
LURCSB0008848,J66LB8B3GB34QW4VRZ57,"INTERNATIONAL SHIPOWNERS REINSURANCE COMPANY SA","31, Grand-Rue, L-166, Luxembourg",reaseguros,                                                                                                                                                                                                                                                                                                                                                                                                                                                                                                                                                                                                                                                                                                                                                                                                                                                                                                     
LURCSB0113939,2221008QHC4NO0YG8276,"IPSEN RE","534, rue de Neudorf, L-222, Luxembourg",reaseguros,                                                                                                                                                                                                                                                                                                                                                                                                                                                                                                                                                                                                                                                                                                                                                                                                                                                                                                                                      
LURCSB0184281,2221004JZS1OVTAB1650,"iptiQ Life S.A.","2, rue Edward Steichen, L-254, Luxembourg",vida,                                                                                                                                                                                                                                                                                                                                                                                                                                                                                                                                                                                                                                                                                                                                                                                                                                                                                                                                  
LURCSB0030328,549300ZNROUIUC85WD19,"KBC Group Re S.A.","4, rue du Fort Wallis, L-271, Luxembourg",reaseguros,                                                                                                                                                                                                                                                                                                                                                                                                                                                                                                                                                                                                                                                                                                                                                                                                                                                                                                                           
LURCSB0274261,391200FL4G0WBTFYER21,"KEOLIS RE","534, rue de Neudorf, L-222, Luxembourg",reaseguros,                                                                                                                                                                                                                                                                                                                                                                                                                                                                                                                                                                                                                                                                                                                                                                                                                                                                                                                                     
LURCSB0059828,2221008PVHUAP0M9QN10,"KERING RE","BP 59, 534, rue de Neudorf, L-222, Luxembourg",reaseguros,                                                                                                                                                                                                                                                                                                                                                                                                                                                                                                                                                                                                                                                                                                                                                                                                                                                                                                                              
LURCSB0252581,222100LMVNXKPVISUX06,"KNAUF RE","16a, avenue de la Liberté, L-193, Luxembourg",reaseguros,                                                                                                                                                                                                                                                                                                                                                                                                                                                                                                                                                                                                                                                                                                                                                                                                                                                                                                                                
LURCSB0202568,2221004N80248545B144,"KRYPTON RE S.A.","22, Boulevard des Scillas, L-252, Howald",reaseguros,                                                                                                                                                                                                                                                                                                                                                                                                                                                                                                                                                                                                                                                                                                                                                                                                                                                                                                                             
LURCSB0031035,222100XO2GETYOXLHP89,"LA LUXEMBOURGEOISE SOCIETE ANONYME D'ASSURANCES SA","9, rue Jean Fischbach, L-337, LEUDELANGE",no-vida,                                                                                                                                                                                                                                                                                                                                                                                                                                                                                                                                                                                                                                                                                                                                                                                                                                                                                             
LURCSB0031036,2221008M42B0WFF4KY04,"LA LUXEMBOURGEOISE-VIE SOCIETE ANONYME D'ASSURANCES SA","9, rue Jean Fischbach, L-337, LEUDELANGE",vida,                                                                                                                                                                                                                                                                                                                                                                                                                                                                                                                                                                                                                                                                                                                                                                                                                                                                                            
LURCSB0026334,5493006JYRVV78QV6K46,"La Mondiale Europartner S.A.","BP 21, 23, Z.A. Bourmicht, L-807, Bertrange",vida,                                                                                                                                                                                                                                                                                                                                                                                                                                                                                                                                                                                                                                                                                                                                                                                                                                                                                                                   
LURCSB0262817,222100PN6DBGOPPZ3286,"LAFAYETTE REI","22, Boulevard des Scillas, L-252, Howald",reaseguros,                                                                                                                                                                                                                                                                                                                                                                                                                                                                                                                                                                                                                                                                                                                                                                                                                                                                                                                               
LURCSB0231902,2221004ZATIG6QG59B50,"LALUX GROUP RE","9, rue Jean Fischbach, L-337, LEUDELANGE",reaseguros,                                                                                                                                                                                                                                                                                                                                                                                                                                                                                                                                                                                                                                                                                                                                                                                                                                                                                                                              
LURCSB0027859,222100TRP5JGOBDKUK41,"LAU RE SA","BP 25, 2A, place de Paris, L-231, Luxembourg",reaseguros,                                                                                                                                                                                                                                                                                                                                                                                                                                                                                                                                                                                                                                                                                                                                                                                                                                                                                                                               
LURCSB0172279,222100TDRTD4P4U1JB76,"Le Rock Re","BP 59, 534, rue de Neudorf, L-222, Luxembourg",reaseguros,                                                                                                                                                                                                                                                                                                                                                                                                                                                                                                                                                                                                                                                                                                                                                                                                                                                                                                                             
LURCSB0108103,5493007O03S0YK3IPU74,"Le Sphinx Assurances Luxembourg S.A.","B.P. , 2, Rue Edward Steichen, L-254, Luxembourg",no-vida,                                                                                                                                                                                                                                                                                                                                                                                                                                                                                                                                                                                                                                                                                                                                                                                                                                                                                                   
LURCSB0049760,222100YZ0JFWD13N1S21,"LETZRE SA","BP 59, 534, rue de Neudorf, L-222, Luxembourg",reaseguros,                                                                                                                                                                                                                                                                                                                                                                                                                                                                                                                                                                                                                                                                                                                                                                                                                                                                                                                              
LURCSB0232280,213800W5OOIOPYK9QY33,"Liberty Mutual Insurance Europe SE","5-7, Rue Léon Laval, L-337, Leudelange",no-vida,                                                                                                                                                                                                                                                                                                                                                                                                                                                                                                                                                                                                                                                                                                                                                                                                                                                                                                               
LURCSB0245309,222100G5JERG9621I941,"LIBERTYTOWN RE S.A.","22, Boulevard des Scillas, L-252, Howald",reaseguros,                                                                                                                                                                                                                                                                                                                                                                                                                                                                                                                                                                                                                                                                                                                                                                                                                                                                                                                         
LURCSB0059147,222100CU3PI35OHC0I39,"LOCRE SA","BP 59, 534, rue de neudorf, L-222, Luxembourg",reaseguros,                                                                                                                                                                                                                                                                                                                                                                                                                                                                                                                                                                                                                                                                                                                                                                                                                                                                                                                               
LURCSB0283367,636700Y7SPRCEYK8X409,"LogisticsRe","74, rue de Merl, L-214, Luxembourg",reaseguros,                                                                                                                                                                                                                                                                                                                                                                                                                                                                                                                                                                                                                                                                                                                                                                                                                                                                                                                                       
LURCSB0163885,222100UP2GWV7S4BPD34,"LOISIRS RE, LOISIRS RE S.A.","22, Boulevard des Scillas, L-252, Howald",reaseguros,                                                                                                                                                                                                                                                                                                                                                                                                                                                                                                                                                                                                                                                                                                                                                                                                                                                                                                                 
LURCSB0053262,222100ZYFKIEGTY0MB87,"LOTUS BAKERIES REASSURANCES SA","B.P. , 74, rue de Merl, L-214, Luxembourg",reaseguros,                                                                                                                                                                                                                                                                                                                                                                                                                                                                                                                                                                                                                                                                                                                                                                                                                                                                                                             
LURCSB0112996,222100NEF45VLM8WHG76,"LUXAIR RE S.A.","16a, avenue de la Liberté, L-193, Luxembourg",reaseguros,                                                                                                                                                                                                                                                                                                                                                                                                                                                                                                                                                                                                                                                                                                                                                                                                                                                                                                                          
LURCSB0302969,391200ZU08NR2DLS8K34,"M Réassurance","593, 534, rue de Neudorf, L-222, Luxembourg",reaseguros,                                                                                                                                                                                                                                                                                                                                                                                                                                                                                                                                                                                                                                                                                                                                                                                                                                                                                                                            
LURCSB0134799,222100HE8UJN4LDO7I93,"MACSF RE S.A.","124, Boulevard de la Pétrusse, L-233, Luxembourg",reaseguros,                                                                                                                                                                                                                                                                                                                                                                                                                                                                                                                                                                                                                                                                                                                                                                                                                                                                                                                       
LURCSB0046753,222100JD38Z0CXB7NH67,"Martine 2 Ré","BP 59, 41, Boulevard Royal, L-244, Luxembourg",reaseguros,                                                                                                                                                                                                                                                                                                                                                                                                                                                                                                                                                                                                                                                                                                                                                                                                                                                                                                                           
LURCSB0293245,391200RH37I9FPFKJM73,"Martine Ré S.A.","74, rue de Merl, L-214, Luxembourg",reaseguros,                                                                                                                                                                                                                                                                                                                                                                                                                                                                                                                                                                                                                                                                                                                                                                                                                                                                                                                                   
LURCSB0292990,9845008CFD777970FA79,"MAUFFREY REINSURANCE","22, Boulevard des Scillas, L-252, Howald",reaseguros,                                                                                                                                                                                                                                                                                                                                                                                                                                                                                                                                                                                                                                                                                                                                                                                                                                                                                                                        
LURCSB0293139,3912003YJCMWBM4NO173,"MELES Re S.A.","10, Op der Ahlkerrech, L-677, Grevenmacher",reaseguros,                                                                                                                                                                                                                                                                                                                                                                                                                                                                                                                                                                                                                                                                                                                                                                                                                                                                                                                             
LURCSB0048654,222100OTCOTYF8MB7L34,"Mercedes-Benz Reinsurance S.A. Luxembourg","B.P 2, 74, rue de Merl, L-214, Luxembourg",reaseguros,                                                                                                                                                                                                                                                                                                                                                                                                                                                                                                                                                                                                                                                                                                                                                                                                                                                                                                  
LURCSB0104430,222100UNJ66VV01ZN355,"Merck Re S.A.","BP 59, 46, Place Guillaume, L-164, Luxembourg",reaseguros,                                                                                                                                                                                                                                                                                                                                                                                                                                                                                                                                                                                                                                                                                                                                                                                                                                                                                                                          
LURCSB0040550,222100ZMAQ121KXFI391,"MeteoRe S.A.","BP 59, 2A, Place de Paris, L-231, Luxembourg",reaseguros,                                                                                                                                                                                                                                                                                                                                                                                                                                                                                                                                                                                                                                                                                                                                                                                                                                                                                                                            
LURCSB0211359,222100W1YHNFG3CS4I92,"Millicom Re S.A.","148-150, boulevard de la Pétrusse, L-233, Luxembourg",reaseguros,                                                                                                                                                                                                                                                                                                                                                                                                                                                                                                                                                                                                                                                                                                                                                                                                                                                                                                                
LURCSB0169151,222100OZVRS85BENVB97,"MONCEAU EURO RISK, SOCIETE ANONYME DE REASSURANCE","52, Boulevard Marcel Cahen, L-131, Luxembourg",reaseguros,                                                                                                                                                                                                                                                                                                                                                                                                                                                                                                                                                                                                                                                                                                                                                                                                                                                                                      
LURCSB0073935,222100C4VOJPC7CJGW54,"Monument Assurance Luxembourg S.A.","29, rue du Puits Romain, L-807, Bertrange",vida,                                                                                                                                                                                                                                                                                                                                                                                                                                                                                                                                                                                                                                                                                                                                                                                                                                                                                                               
LURCSB0103659,2221006JTMJJWWY3P560,"MOTOR REINSURANCE COMPANY","B.P. , 74, rue de Merl, L-214, Luxembourg",reaseguros,                                                                                                                                                                                                                                                                                                                                                                                                                                                                                                                                                                                                                                                                                                                                                                                                                                                                                                                  
LURCSB0109503,2221008XL87OWBF7VU43,"Natural Re S.A.","B.P. , 74, rue de Merl, L-214, Luxembourg",reaseguros,                                                                                                                                                                                                                                                                                                                                                                                                                                                                                                                                                                                                                                                                                                                                                                                                                                                                                                                            
LURCSB0275013,98450051B5A7D7676868,"New Technologies Re","22, Boulevard des Scillas, L-252, Howald",reaseguros,                                                                                                                                                                                                                                                                                                                                                                                                                                                                                                                                                                                                                                                                                                                                                                                                                                                                                                                         
LURCSB0257449,222100WUVPY2SPOU1W14,"NEWREST RE","16a, avenue de la Liberté, L-193, Luxembourg",reaseguros,                                                                                                                                                                                                                                                                                                                                                                                                                                                                                                                                                                                                                                                                                                                                                                                                                                                                                                                              
LURCSB0133741,5299008N3A90RP1YK977,"NEXANS Re","BP 59, 22, Boulevard des Scillas, L-252, Howald",reaseguros,                                                                                                                                                                                                                                                                                                                                                                                                                                                                                                                                                                                                                                                                                                                                                                                                                                                                                                                            
LURCSB0158616,549300EPTB0ISX73XL14,"NOVA CASIOPEA RE S.A.","22, Boulevard des Scillas, L-252, Howald",reaseguros,                                                                                                                                                                                                                                                                                                                                                                                                                                                                                                                                                                                                                                                                                                                                                                                                                                                                                                                       
LURCSB0144322,549300LLLZRPKJXYIT53,"NUCLEAR INDUSTRY REINSURANCE ASSOCIATION","4, Däichwee, L-685, MANTERNACH",reaseguros,                                                                                                                                                                                                                                                                                                                                                                                                                                                                                                                                                                                                                                                                                                                                                                                                                                                                                                              
LURCSB0096891,222100BYSLLV0XMDD032,"OCEANE RE SA","B.P. , 25B, Boulevard Royal, L-244, Luxembourg",reaseguros,                                                                                                                                                                                                                                                                                                                                                                                                                                                                                                                                                                                                                                                                                                                                                                                                                                                                                                                          
LURCSB0303418,391200SCS78O7500DI37,"OCP RE","593, 534, rue de Neudorf, L-222, Luxembourg",reaseguros,                                                                                                                                                                                                                                                                                                                                                                                                                                                                                                                                                                                                                                                                                                                                                                                                                                                                                                                                   
LUBCL1000035,222100AMXOYNXQQYKH33,"Office du Ducroire","14, rue Erasme, L-146, Luxembourg",no-vida,                                                                                                                                                                                                                                                                                                                                                                                                                                                                                                                                                                                                                                                                                                                                                                                                                                                                                                                                     
LURCSB0291980,9845007F7587E6CE4D58,"Orion Re","22, Boulevard des Scillas, L-252, Howald",reaseguros,                                                                                                                                                                                                                                                                                                                                                                                                                                                                                                                                                                                                                                                                                                                                                                                                                                                                                                                                    
LURCSB0090130,222100UO2R0LRVIL2476,"ORSAY-RE SA","B.P 2, Zone Industrielle du P.E.D., L-480, Rodange",reaseguros,                                                                                                                                                                                                                                                                                                                                                                                                                                                                                                                                                                                                                                                                                                                                                                                                                                                                                                                       
LURCSB0113793,222100041JZ6G8NTFO67,"P&T RE S.A.","B.P. , 74, rue de Merl, L-214, Luxembourg",reaseguros,                                                                                                                                                                                                                                                                                                                                                                                                                                                                                                                                                                                                                                                                                                                                                                                                                                                                                                                                
LURCSB0158856,222100SRM3U8U0QJ4856,"PANDIAS RE AG","16a, avenue de la Liberté, L-193, Luxembourg",reaseguros,                                                                                                                                                                                                                                                                                                                                                                                                                                                                                                                                                                                                                                                                                                                                                                                                                                                                                                                           
LURCSB0112790,22210074P0AVGQZI8184,"PELICAN S.A.","22, Boulevard des Scillas, L-252, Howald",reaseguros,                                                                                                                                                                                                                                                                                                                                                                                                                                                                                                                                                                                                                                                                                                                                                                                                                                                                                                                                
LURCSB0307250,,"PETIT FORESTIER REASSURANCE","74, rue de Merl, L-214, Luxembourg",reaseguros,                                                                                                                                                                                                                                                                                                                                                                                                                                                                                                                                                                                                                                                                                                                                                                                                                                                                                                                                           
LURCSB0219173,222100I2YQP6ITBP3280,"Petrogas Re","534, rue de Neudorf, L-222, LUXEMBOURG",reaseguros,                                                                                                                                                                                                                                                                                                                                                                                                                                                                                                                                                                                                                                                                                                                                                                                                                                                                                                                                   
LURCSB0053630,222100KUNMHRUCNQOC70,"POLY RE SA","163, rue du Kiem, L-803, Luxembourg",reaseguros,                                                                                                                                                                                                                                                                                                                                                                                                                                                                                                                                                                                                                                                                                                                                                                                                                                                                                                                                       
LURCSB0028434,2221003XATRBY535PY06,"PRAYON REASSURANCE","B.P. , 74, rue de Merl, L-214, Luxembourg",reaseguros,                                                                                                                                                                                                                                                                                                                                                                                                                                                                                                                                                                                                                                                                                                                                                                                                                                                                                                                         
LURCSB0297383,391200XJVZT47C7FQC59,"PROMAZ RE","74, rue de Merl, L-214, Luxembourg",,                                                                                                                                                                                                                                                                                                                                                                                                                                                                                                                                                                                                                                                                                                                                                                                                                                                                                                                                                   
LURCSB0163134,22210013UUH4O43HUR74,"PXS RE","B.P. , 74, rue de Merl, L-214, Luxembourg",reaseguros,                                                                                                                                                                                                                                                                                                                                                                                                                                                                                                                                                                                                                                                                                                                                                                                                                                                                                                                                     
LURCSB0256822,,"R+V Lebensversicherung Aktiengesellschaft","4, rue Thomas Edison, L-144, Strassen",vida,DEA0ABQ                                                                                                                                                                                                                                                                                                                                                                                                                                                                                                                                                                                                                                                                                                                                                                                                                                                                                                                         
LURCSB0263695,222100ZMEMISJMCIAR62,"RAIFFEISEN REASSURANCE S.A.","4, rue Léon Laval, L-337, Leudelange",reaseguros,                                                                                                                                                                                                                                                                                                                                                                                                                                                                                                                                                                                                                                                                                                                                                                                                                                                                                                                     
LURCSB0090283,549300QOM0DY7TROFK76,"RAIFFEISEN VIE, RAIFFEISEN VIE S.A.","12, rue Léon Laval, L-337, LEUDELANGE",vida,                                                                                                                                                                                                                                                                                                                                                                                                                                                                                                                                                                                                                                                                                                                                                                                                                                                                                                                  
LURCSB0053665,222100S44MQGNY1UDZ16,"RAIL REASSURANCES","16, Boulevard d'Avranches, L-116, Luxembourg",reaseguros,                                                                                                                                                                                                                                                                                                                                                                                                                                                                                                                                                                                                                                                                                                                                                                                                                                                                                                                       
LURCSB0164657,222100S4K2WEIUG5G579,"RAVAGO REINSURANCE S.A.","BP 59, 534, rue de neudorf, L-222, Luxembourg",reaseguros,                                                                                                                                                                                                                                                                                                                                                                                                                                                                                                                                                                                                                                                                                                                                                                                                                                                                                                                
LURCSB0092669,2221004M44CSUIBJ7B54,"RECTICEL RE SA","22, Boulevard des Scillas, L-252, Howald",reaseguros,                                                                                                                                                                                                                                                                                                                                                                                                                                                                                                                                                                                                                                                                                                                                                                                                                                                                                                                              
LURCSB0153252,2221001UHI1TKDLVYT24,"Redeia Reaseguros S.A.","22, Boulevard des Scillas, L-252, Howald",reaseguros,                                                                                                                                                                                                                                                                                                                                                                                                                                                                                                                                                                                                                                                                                                                                                                                                                                                                                                                      
LURCSB0271014,3912006SIGYTZO63G146,"RENESTIA","36, Parc d’Activités Capellen, L-830, Capellen",reaseguros,                                                                                                                                                                                                                                                                                                                                                                                                                                                                                                                                                                                                                                                                                                                                                                                                                                                                                                                              
LURCSB0160081,2221006MROZJB0QZF209,"REXEL RE S.A. (EN ABREGE REXEL RE)","74, Rue de Merl, L-214, Luxembourg",reaseguros,                                                                                                                                                                                                                                                                                                                                                                                                                                                                                                                                                                                                                                                                                                                                                                                                                                                                                                                
LURCSB0293850,391200CW3NHH55DHF742,"Rhenas Re","74, rue de Merl, L-214, Luxembourg",reaseguros,                                                                                                                                                                                                                                                                                                                                                                                                                                                                                                                                                                                                                                                                                                                                                                                                                                                                                                                                         
LURCSB0148995,222100YLJ13AJ4QUO568,"Rina Re S.A.","534, rue de Neudorf, L-222, LUXEMBOURG",reaseguros,                                                                                                                                                                                                                                                                                                                                                                                                                                                                                                                                                                                                                                                                                                                                                                                                                                                                                                                                  
LURCSB0090657,222100G0VC055SD8KM98,"ROQUETTE RE SA","22, Boulevard des Scillas, L-252, Howald",reaseguros,                                                                                                                                                                                                                                                                                                                                                                                                                                                                                                                                                                                                                                                                                                                                                                                                                                                                                                                              
LURCSB0029378,549300ZC2C4M74D42V27,"SARAL, SOCIETE ANONYME DE REASSURANCE LUXEMBOURGEOISE SA","22, Boulevard des Scillas, L-252, Howald",reaseguros,                                                                                                                                                                                                                                                                                                                                                                                                                                                                                                                                                                                                                                                                                                                                                                                                                                                                                    
LURCSB0293036,391200HDIWKO62629930,"Schaeffler Re S.A.","74, rue de Merl, L-214, Luxembourg",reaseguros,                                                                                                                                                                                                                                                                                                                                                                                                                                                                                                                                                                                                                                                                                                                                                                                                                                                                                                                                
LURCSB0228618,213800KWRFPFZHUEMW58,"Scottish Widows Europe","2, rue Albert Borschette, L-124, LUXEMBOURG",vida,                                                                                                                                                                                                                                                                                                                                                                                                                                                                                                                                                                                                                                                                                                                                                                                                                                                                                                                         
LURCSB0306964,64884D3H62A6EX2BB791,"SENTINEL REINSURANCE","22, boulevard des Scillas, L-252, Howald",reaseguros,                                                                                                                                                                                                                                                                                                                                                                                                                                                                                                                                                                                                                                                                                                                                                                                                                                                                                                                        
LURCSB0043830,22210027FVKQSRB5WL51,"SERECO RE SA","BP 59, 16, Route de Trèves, L-263, Senningerberg",reaseguros,                                                                                                                                                                                                                                                                                                                                                                                                                                                                                                                                                                                                                                                                                                                                                                                                                                                                                                                        
LURCSB0168889,222100AWFVY8QW182Q50,"SES Insurance International (Luxembourg) S.A.","Château de Betzdorf, L-681, Betzdorf",no-vida,                                                                                                                                                                                                                                                                                                                                                                                                                                                                                                                                                                                                                                                                                                                                                                                                                                                                                                      
LURCSB0168897,222100NWGLM6VCJ3PI72,"SES INSURANCE INTERNATIONAL RE (LUXEMBOURG) S.A.","Château de Betzdorf, L-681, Betzdorf",reaseguros,                                                                                                                                                                                                                                                                                                                                                                                                                                                                                                                                                                                                                                                                                                                                                                                                                                                                                                
LURCSB0255784,549300QFRTSAV3WM4K56,"SGL RE","11, avenue Emile Reuter, L-242, Luxembourg",reaseguros,                                                                                                                                                                                                                                                                                                                                                                                                                                                                                                                                                                                                                                                                                                                                                                                                                                                                                                                                    
LURCSB0221096,549300OOBOGTBRMWN512,"SI INSURANCE (EUROPE), SA","40, avenue Monterey, L-216, LUXEMBOURG",no-vida,                                                                                                                                                                                                                                                                                                                                                                                                                                                                                                                                                                                                                                                                                                                                                                                                                                                                                                                        
LURCSB0139913,222100BROW5VI77WSE51,"SIBELUX S.A.","534, rue de Neudorf, L-222, Luxembourg",reaseguros,                                                                                                                                                                                                                                                                                                                                                                                                                                                                                                                                                                                                                                                                                                                                                                                                                                                                                                                                  
LURCSB0174740,222100ZQK70812DFN486,"SIDOBRE RE S.A.","16a, avenue de la Liberté, L-193, Luxembourg",reaseguros,                                                                                                                                                                                                                                                                                                                                                                                                                                                                                                                                                                                                                                                                                                                                                                                                                                                                                                                         
LURCSB0269272,254900DQ94PS14TA1108,"SKP Re S.A.","534, rue de Neudorf, L-222, Luxembourg",reaseguros,                                                                                                                                                                                                                                                                                                                                                                                                                                                                                                                                                                                                                                                                                                                                                                                                                                                                                                                                   
LURCSB0172161,2221003LK826YT94TY47,"SNCF RE","534, rue de Neudorf, L-222, Luxembourg",reaseguros,                                                                                                                                                                                                                                                                                                                                                                                                                                                                                                                                                                                                                                                                                                                                                                                                                                                                                                                                       
LURCSB0255812,549300KQX3FZFGO05T22,"SOCIETE GENERALE LUXEMBOURG CREDIT INSURANCE","15, avenue Emile Reuter, L-242, Luxembourg",no-vida,                                                                                                                                                                                                                                                                                                                                                                                                                                                                                                                                                                                                                                                                                                                                                                                                                                                                                                 
LURCSB0055612,549300G1P6577D6TH121,"SOGELIFE SA","11, avenue Emile Reuter, L-242, Luxembourg",vida,                                                                                                                                                                                                                                                                                                                                                                                                                                                                                                                                                                                                                                                                                                                                                                                                                                                                                                                                     
LURCSB0027313,2221002MBN9C5M8KTF37,"SOMALRE, SOCIETE DE REASSURANCE TARKETT","11, An der Feckel, L-977, Lentzweiler",reaseguros,                                                                                                                                                                                                                                                                                                                                                                                                                                                                                                                                                                                                                                                                                                                                                                                                                                                                                                        
LURCSB0073263,222100WMZI3J6DUO3W24,"SONAE RE SA","23, Avenue Monterey, L-216, Luxembourg",reaseguros,                                                                                                                                                                                                                                                                                                                                                                                                                                                                                                                                                                                                                                                                                                                                                                                                                                                                                                                                   
LURCSB0133796,222100EG1QRYPH6C8D53,"SONATRACH RE","16a, avenue de la Liberté, L-193, Luxembourg",reaseguros,                                                                                                                                                                                                                                                                                                                                                                                                                                                                                                                                                                                                                                                                                                                                                                                                                                                                                                                            
LURCSB0262748,222100RKILHA5SGR9L65,"SOPRA STERIA REASSURANCE","2-4, rue du Château d’Eau, L-336, Leudelange",reaseguros,                                                                                                                                                                                                                                                                                                                                                                                                                                                                                                                                                                                                                                                                                                                                                                                                                                                                                                                
LURCSB0035868,549300G4LZODGU8C8K57,"SOPREFIRA, SOCIETE POUR LA PREVENTION ET LE FINANCEMENT DES RISQUES PAR LA REASSURANCE SA","22, Boulevard des Scillas, L-252, Howald",reaseguros,                                                                                                                                                                                                                                                                                                                                                                                                                                                                                                                                                                                                                                                                                                                                                                                                                                                   
LURCSB0109764,2221001WYD23N8Y6TN82,"SOREBOL S.A.","43, Boulevard Prince Henri, L-172, Luxembourg",reaseguros,                                                                                                                                                                                                                                                                                                                                                                                                                                                                                                                                                                                                                                                                                                                                                                                                                                                                                                                           
LURCSB0015601,529900OKG1Q90KLJ3745,"SPANDILUX SA","1, Place d'Armes, L-113, Luxembourg",reaseguros,                                                                                                                                                                                                                                                                                                                                                                                                                                                                                                                                                                                                                                                                                                                                                                                                                                                                                                                                     
LURCSB0164465,222100A1QEMDHN9DHM50,"SPUERKEESS RE S.A.","1, place de Metz, L-295, Luxembourg",reaseguros,                                                                                                                                                                                                                                                                                                                                                                                                                                                                                                                                                                                                                                                                                                                                                                                                                                                                                                                               
LURCSB0091966,2221000BX38HGR8BSJ40,"ST LOUIS RE","B.P. , 12, rue du Château d'Eau, L-336, Leudelange",reaseguros,                                                                                                                                                                                                                                                                                                                                                                                                                                                                                                                                                                                                                                                                                                                                                                                                                                                                                                                       
LURCSB0210619,222100P1HDNR7RW9E819,"Stadhold Insurances (Luxembourg) S.A.","5, rue des Primeurs, L-236, Strassen",no-vida,                                                                                                                                                                                                                                                                                                                                                                                                                                                                                                                                                                                                                                                                                                                                                                                                                                                                                                              
LURCSB0241163,222100NPOZDSPHODP235,"Stadhold Reinsurances (Luxembourg) S.A.","5, rue des Primeurs, L-236, Strassen",reaseguros,                                                                                                                                                                                                                                                                                                                                                                                                                                                                                                                                                                                                                                                                                                                                                                                                                                                                                                         
LURCSB0197220,222100JOU441YTJI1791,"STEPHEX RE S.A.","8b, rue Collart, L-841, Steinfort",reaseguros,                                                                                                                                                                                                                                                                                                                                                                                                                                                                                                                                                                                                                                                                                                                                                                                                                                                                                                                                    
LURCSB0175694,529900TBK6ZKHE80GB69,"Stonefort Insurance S.A.","8D, rue Collart, L-841, Steinfort",no-vida,                                                                                                                                                                                                                                                                                                                                                                                                                                                                                                                                                                                                                                                                                                                                                                                                                                                                                                                              
LURCSB0191606,222100Q6OS7UBQBGM426,"Stonefort Reinsurance S.A.","4, rue de Neuerburg, L-221, Luxembourg",reaseguros,                                                                                                                                                                                                                                                                                                                                                                                                                                                                                                                                                                                                                                                                                                                                                                                                                                                                                                                    
LURCSB0305728,391200DU590A8LSDPZ55,"SÜDZUCKER RE","74, rue de Merl, L-214, Luxembourg",reaseguros,                                                                                                                                                                                                                                                                                                                                                                                                                                                                                                                                                                                                                                                                                                                                                                                                                                                                                                                                      
LURCSB0170301,222100ULSVUFE6PUO875,"SUEZ RE S.A.","B.P. , 74, rue de Merl, L-214, Luxembourg",reaseguros,                                                                                                                                                                                                                                                                                                                                                                                                                                                                                                                                                                                                                                                                                                                                                                                                                                                                                                                               
LURCSB0052440,222100MQ6R7EGI6YF622,"SURASSUR SA","BP 59, 534, rue de Neudorf, L-222, Luxembourg",reaseguros,                                                                                                                                                                                                                                                                                                                                                                                                                                                                                                                                                                                                                                                                                                                                                                                                                                                                                                                            
LURCSB0172591,222100NR0DPHWIFQOS83,"SV RUCKVERSICHERUNG S.A.","6d, route de Trèves, L-263, Senningerberg",reaseguros,                                                                                                                                                                                                                                                                                                                                                                                                                                                                                                                                                                                                                                                                                                                                                                                                                                                                                                                   
LURCSB0032053,222100CYJTAKGUOZOC53,"SVENSKA RE SA","15, rue Bender, L-122, Luxembourg",reaseguros,                                                                                                                                                                                                                                                                                                                                                                                                                                                                                                                                                                                                                                                                                                                                                                                                                                                                                                                                      
LURCSB0068814,2221003BU8JL6QZD2991,"SWEET RE","22, Boulevard des Scillas, L-252, Howald",reaseguros,                                                                                                                                                                                                                                                                                                                                                                                                                                                                                                                                                                                                                                                                                                                                                                                                                                                                                                                                    
LURCSB0022663,549300KSAOIBSRXY2E64,"SWISS LIFE (LUXEMBOURG) SA","2-6, rue Eugène Ruppert, L-245, Luxembourg",vida,                                                                                                                                                                                                                                                                                                                                                                                                                                                                                                                                                                                                                                                                                                                                                                                                                                                                                                                      
LURCSB0131594,54930048FDANNGN4UV52,"Swiss Life Products (Luxembourg) S.A.","B.P. , 6, rue Eugène Ruppert, L-245, Luxembourg",vida,                                                                                                                                                                                                                                                                                                                                                                                                                                                                                                                                                                                                                                                                                                                                                                                                                                                                                                      
LURCSB0025242,549300CJ7LW6QSGIL444,"Swiss Re Europe S.A.","2, rue Edward Steichen, L-254, Luxembourg",reaseguros,                                                                                                                                                                                                                                                                                                                                                                                                                                                                                                                                                                                                                                                                                                                                                                                                                                                                                                                       
LURCSB0134553,222100BV3WGRWD8XI851,"Swiss Re International SE","2, rue Edward Steichen, L-254, Luxembourg",no-vida,                                                                                                                                                                                                                                                                                                                                                                                                                                                                                                                                                                                                                                                                                                                                                                                                                                                                                                                     
LURCSB0046326,222100DZV5LEZ1PPBU11,"TAGUS RE SA","BP 59, 534, rue de Neudorf, L-222, Luxembourg",reaseguros,                                                                                                                                                                                                                                                                                                                                                                                                                                                                                                                                                                                                                                                                                                                                                                                                                                                                                                                            
LURCSB0074221,222100HG38R2JYSNUM84,"TANK Reinsurance S.A.","B.P. , 534, rue de Neudorf, L-222, Luxembourg",reaseguros,                                                                                                                                                                                                                                                                                                                                                                                                                                                                                                                                                                                                                                                                                                                                                                                                                                                                                                                  
LURCSB0291794,894500HSOG5RATKT4M77,"TDK Global Reinsurance S.A.","20, rue de l’Industrie, L-839, Windhof",reaseguros,                                                                                                                                                                                                                                                                                                                                                                                                                                                                                                                                                                                                                                                                                                                                                                                                                                                                                                                   
LURCSB0086800,549300WO8BWUQ1L5DY41,"TEIDE RE SA, SOCIETE ANONYME DE REASSURANCE","B.P. , 74, rue de Merl, L-214, Luxembourg",reaseguros,                                                                                                                                                                                                                                                                                                                                                                                                                                                                                                                                                                                                                                                                                                                                                                                                                                                                                                
LURCSB0044337,222100LHKV8NPFTCJ319,"TERECO, TECHNICAL REINSURANCE COMPANY SA","BP 22, 22, Boulevard des Scillas, L-252, Howald",reaseguros,                                                                                                                                                                                                                                                                                                                                                                                                                                                                                                                                                                                                                                                                                                                                                                                                                                                                                             
LURCSB0029162,22210063LYB9IS5N6W12,"TERELUX SA","23, Avenue Monterey, L-216, Luxembourg",reaseguros,                                                                                                                                                                                                                                                                                                                                                                                                                                                                                                                                                                                                                                                                                                                                                                                                                                                                                                                                    
LURCSB0134415,222100VZDBRDCE9IXK79,"TEREOS Luxembourg","22, Boulevard des Scillas, L-252, Howald",reaseguros,                                                                                                                                                                                                                                                                                                                                                                                                                                                                                                                                                                                                                                                                                                                                                                                                                                                                                                                           
LURCSB0123237,222100OJGRXQ18MMCM94,"THAIC S.A.","22, Boulevard des Scillas, L-252, Howald",no-vida,                                                                                                                                                                                                                                                                                                                                                                                                                                                                                                                                                                                                                                                                                                                                                                                                                                                                                                                                     
LURCSB0099069,22210020QWT89FJ6UY51,"THARC S.A.","22, Boulevard des Scillas, L-252, Howald",reaseguros,                                                                                                                                                                                                                                                                                                                                                                                                                                                                                                                                                                                                                                                                                                                                                                                                                                                                                                                                  
LURCSB0230379,222100SG9GALSL8L5R29,"The Britannia Steam Ship Insurance Association Europe","53A, rue Glesener, L-163, Luxembourg",no-vida,                                                                                                                                                                                                                                                                                                                                                                                                                                                                                                                                                                                                                                                                                                                                                                                                                                                                                              
LURCSB0034402,213800S5I8AHISIGZE12,"The OneLife Company S.A.","B.P. , 38, Parc d'Activités de Capellen, L-830, CAPELLEN",vida,                                                                                                                                                                                                                                                                                                                                                                                                                                                                                                                                                                                                                                                                                                                                                                                                                                                                                                          
LURCSB0014228,529900T071SPNQ00DF14,"THE SHIPOWNERS MUTUAL PROTECTION AND INDEMNITY ASSOCIATION","1, Place d'Armes, L-113, Luxembourg",no-vida,                                                                                                                                                                                                                                                                                                                                                                                                                                                                                                                                                                                                                                                                                                                                                                                                                                                                                          
LURCSB0108652,529900XLNYCIOMM7WV20,"The Swatch Group Re (Luxembourg) S.A.","534, rue de Neudorf, L-222, Luxembourg",reaseguros,                                                                                                                                                                                                                                                                                                                                                                                                                                                                                                                                                                                                                                                                                                                                                                                                                                                                                                         
LURCSB0008963,DEOK59KJJZVF5N12D351,"THE WEST OF ENGLAND SHIPOWNERS MUTUAL INSURANCE ASSOCIATION LUXEMBOURG","31, Grand-Rue, L-166, LUXEMBOURG",no-vida,                                                                                                                                                                                                                                                                                                                                                                                                                                                                                                                                                                                                                                                                                                                                                                                                                                                                                 
LURCSB0221975,213800OFIWVHWHUYHI98,"TOKIO MARINE EUROPE S.A.","26, avenue de la Liberté, 1930, Luxembourg",no-vida,                                                                                                                                                                                                                                                                                                                                                                                                                                                                                                                                                                                                                                                                                                                                                                                                                                                                                                                     
LURCSB0179454,2221002T8QONQBA4SM28,"TRANSDEV RE","534, rue de Neudorf, L-222, Luxembourg",reaseguros,                                                                                                                                                                                                                                                                                                                                                                                                                                                                                                                                                                                                                                                                                                                                                                                                                                                                                                                                   
LURCSB0235795,213800QMSSWIO7459N54,"TransRe Europe S.A.","55, Allée Scheffer, 1251, Luxembourg",reaseguros,                                                                                                                                                                                                                                                                                                                                                                                                                                                                                                                                                                                                                                                                                                                                                                                                                                                                                                                             
LURCSB0307152,,"USAA EU DAC","1, avenue du Bois, L-125, Luxembourg",no-vida,IECBI00555915                                                                                                                                                                                                                                                                                                                                                                                                                                                                                                                                                                                                                                                                                                                                                                                                                                                                                                                                               
LURCSB0037604,549300TG736IJQBL4N81,"UTMOST LUXEMBOURG S.A.","4, rue Lou Hemmer, L-174, Senningerberg",vida,                                                                                                                                                                                                                                                                                                                                                                                                                                                                                                                                                                                                                                                                                                                                                                                                                                                                                                                             
LURCSB0032663,222100FU6GLTLKUGWD26,"VELASQUEZ SA","B.P. , 2, rue Jean Fischbach, L-337, Leudelange",reaseguros,                                                                                                                                                                                                                                                                                                                                                                                                                                                                                                                                                                                                                                                                                                                                                                                                                                                                                                                         
LURCSB0029553,,"VEREINIGTE HAGELVERSICHERUNG VVAG","23, route de Trèves, L-679, Grevenmacher",no-vida,DEAIOTE                                                                                                                                                                                                                                                                                                                                                                                                                                                                                                                                                                                                                                                                                                                                                                                                                                                                                                                           
LURCSB0262630,222100D68KM97KR75144,"VINCI Re","71, rue de Merl, L-214, Luxembourg",reaseguros,                                                                                                                                                                                                                                                                                                                                                                                                                                                                                                                                                                                                                                                                                                                                                                                                                                                                                                                                          
LURCSB0049922,5493006C4TIBBW408972,"Vitis Life S.A.","B.P.8, 52, boulevard Marcel Cahen, L-131, Luxembourg",vida,                                                                                                                                                                                                                                                                                                                                                                                                                                                                                                                                                                                                                                                                                                                                                                                                                                                                                                                       
LURCSB0053682,529900DRTSUMACSSIX70,"WEALINS","12, rue Léon Laval, L-337, Leudelange",vida,                                                                                                                                                                                                                                                                                                                                                                                                                                                                                                                                                                                                                                                                                                                                                                                                                                                                                                                                              
LURCSB0296045,64883H3D597LI17RRQ04,"WESTFIELD SPECIALTY INTERNATIONAL (EUROPE) S.A.","13-17, boulevard Prince Henri, L-172, Luxembourg",no-vida,                                                                                                                                                                                                                                                                                                                                                                                                                                                                                                                                                                                                                                                                                                                                                                                                                                                                                        
LURCSB0046463,222100HV2Y9NOT74WG75,"WURTH REINSURANCE COMPANY SA","B.P 2, 74, rue de Merl, L-214, Luxembourg",reaseguros,                                                                                                                                                                                                                                                                                                                                                                                                                                                                                                                                                                                                                                                                                                                                                                                                                                                                                                               
LURCSB0239513,2221002T84WQ7ECHVI94,"YELLOW RE S.A.","22, Boulevard des Scillas, L-252, Howald",reaseguros,                                                                                                                                                                                                                                                                                                                                                                                                                                                                                                                                                                                                                                                                                                                                                                                                                                                                                                                              
LURCSB0046682,222100D85C4W50C1FK28,"YOLE, SOCIETE LUXEMBOURGEOISE DE REASSURANCES SA","BP 59, 534, rue de Neudorf, L-222, Luxembourg",reaseguros,                                                                                                                                                                                                                                                                                                                                                                                                                                                                                                                                                                                                                                                                                                                                                                                                                                                                                       
LURCSB0051753,549300JY6DK7MPK8MF28,"ZURICH EUROLIFE SA","Building Elise, 21, rue Léon Laval, L-337, Leudelange",vida,                                                                                                                                                                                                                                                                                                                                                                                                                                                                                                                                                                                                                                                                                                                                                                                                                                                                                                                   
