CÓDIGO EUROPEO,LEI,NOMBRE,NOMBRE DE LA GESTORA,DIRECCIÓN,TIPO DE FONDO DE PENSION,PROMOTOR                                                                                                                                                                                                                                                                                                                                                                                                                                                                                                                                                                                                                                                                                                                                                                                                                                                                                                                                             
DEA3I87,529900DU31RELHZ50P77,"Allgemeine Rentenanstalt Pensionskasse AG",,"Gutenbergstraße 30, 70176, Stuttgart",Defined benefits,,                                                                                                                                                                                                                                                                                                                                                                                                                                                                                                                                                                                                                                                                                                                                                                                                                                                                                                     
DEA3U42,529900QIECQ5ML8O8P18,"Allianz Pensionsfonds Aktiengesellschaft",,"Heßbrühlstraße 2, 70565, Stuttgart",Defined benefits,,                                                                                                                                                                                                                                                                                                                                                                                                                                                                                                                                                                                                                                                                                                                                                                                                                                                                                                        
DEA06Q4,529900J2RGEB3V10PJ36,"Allianz Pensionskasse Aktiengesellschaft",,"Heßbrühlstraße 2, 70565, Stuttgart",Defined benefits,,                                                                                                                                                                                                                                                                                                                                                                                                                                                                                                                                                                                                                                                                                                                                                                                                                                                                                                        
DEALCLB,5299003X43DQSUMWRT50,"Allianz Versorgungskasse Versicherungsverein a.G.",,"Königinstraße 28, 80802, München",Defined benefits,,                                                                                                                                                                                                                                                                                                                                                                                                                                                                                                                                                                                                                                                                                                                                                                                                                                                                                                 
DEA3FNV,529900J55BKNJIF5G376,"ALTE LEIPZIGER Pensionsfonds AG",,"Alte Leipziger-Platz 1, 61440, Oberursel",Defined benefits,,                                                                                                                                                                                                                                                                                                                                                                                                                                                                                                                                                                                                                                                                                                                                                                                                                                                                                                           
DEA3EWT,529900IK4DII5SFA6N90,"ALTE LEIPZIGER Pensionskasse AG",,"Alte Leipziger-Platz 1, 61440, Oberursel",Defined benefits,,                                                                                                                                                                                                                                                                                                                                                                                                                                                                                                                                                                                                                                                                                                                                                                                                                                                                                                           
DEA4L1X,529900ZQDMWGB1CTL921,"Alters- und Hinterbliebenen- Versicherung der Technischen Überwachungs-Vereine-VVaG-",,"Kurfürstenstraße 56, 45138, Essen",Defined benefits,,                                                                                                                                                                                                                                                                                                                                                                                                                                                                                                                                                                                                                                                                                                                                                                                                                                                             
DEAMKQC,,"Altersversorgungskasse der Fa. Eberspächer",,"Eberspächerstraße 24, 73730, Esslingen",Defined benefits,Yes,                                                                                                                                                                                                                                                                                                                                                                                                                                                                                                                                                                                                                                                                                                                                                                                                                                                                                                                   
DEAMKPJ,529900G6EXL2BJA98F89,"Altersversorgungswerk der Zahnärztekammer Niedersachsen",,"Zeißstraße 11a, 30519, Hannover",Defined benefits,,                                                                                                                                                                                                                                                                                                                                                                                                                                                                                                                                                                                                                                                                                                                                                                                                                                                                                            
DEAMKPT,529900P93W4FRDQDIO39,"Altersversorgungswerk der Zahnärztekammer Sachsen-Anhalt",,"Zeißstraße 11a, 30519, Hannover",Defined benefits,,                                                                                                                                                                                                                                                                                                                                                                                                                                                                                                                                                                                                                                                                                                                                                                                                                                                                                           
DEALCLS,,"Angest.-Pensionskasse der dt. Geschäftsbetriebe der Georg Fischer Aktiengesellschaft Schaffhausen (Schweiz)",,"3 40, Julius-Bührer-Straße 16, 78224, Singen",Defined benefits,,                                                                                                                                                                                                                                                                                                                                                                                                                                                                                                                                                                                                                                                                                                                                                                                                                                               
DEA40V4,391200YG4IF1BTH1AT22,"Apothekerversorgung Berlin",,"Potsdamer Straße 47, 14163, Berlin",Defined contributions,,                                                                                                                                                                                                                                                                                                                                                                                                                                                                                                                                                                                                                                                                                                                                                                                                                                                                                                                 
DEAMKPM,529900C6CTZUQNZ2C849,"Apothekerversorgung Mecklenburg-Vorpommern",,"Wismarsche Straße 304, 19055, Schwerin",Defined contributions,,                                                                                                                                                                                                                                                                                                                                                                                                                                                                                                                                                                                                                                                                                                                                                                                                                                                                                             
DEAMKR1,391200OUYLSJE080CW06,"Apothekerversorgung Niedersachsen",,"Potsdamer Straße 47, 14163, Berlin",Defined contributions,,                                                                                                                                                                                                                                                                                                                                                                                                                                                                                                                                                                                                                                                                                                                                                                                                                                                                                                          
DEAJI2Z,391200J1DGRQLM3PC514,"Ärzteversorgung Land Brandenburg",,"Ostrower Wohnpark 2, 03046, Cottbus",Defined benefits,,                                                                                                                                                                                                                                                                                                                                                                                                                                                                                                                                                                                                                                                                                                                                                                                                                                                                                                               
DEA3NOM,529900XAUTB3ZVQHVX34,"Ärzteversorgung Mecklenburg-Vorpommern",,"Gutenberghof 7, 30159, Hannover",Defined contributions,,                                                                                                                                                                                                                                                                                                                                                                                                                                                                                                                                                                                                                                                                                                                                                                                                                                                                                                        
DEA44NK,529900P2XQBAIZ5BJG69,"Ärzteversorgung Niedersachsen",,"Gutenberghof 7, 30159, Hannover",Defined contributions,,                                                                                                                                                                                                                                                                                                                                                                                                                                                                                                                                                                                                                                                                                                                                                                                                                                                                                                                 
DEA3GBN,529900IJTF6B8L3W1524,"Ärzteversorgung Sachsen-Anhalt",,"Gutenberghof 7, 30159, Hannover",Defined contributions,,                                                                                                                                                                                                                                                                                                                                                                                                                                                                                                                                                                                                                                                                                                                                                                                                                                                                                                                
DEA3O79,529900T3X2XFR4D00754,"Ärzteversorgung Thüringen",,"Im Semmicht 33, 07751, Jena-Maua",Mixed,,                                                                                                                                                                                                                                                                                                                                                                                                                                                                                                                                                                                                                                                                                                                                                                                                                                                                                                                                    
DEAJI32,529900UZIZLW0OVXPU33,"Ärzteversorgung Westfalen-Lippe, Einrichtung der Ärztekammer Westfalen Lippe KdöR",,"Scharnhorststraße 44, 48151, Münster",Defined benefits,,                                                                                                                                                                                                                                                                                                                                                                                                                                                                                                                                                                                                                                                                                                                                                                                                                                                             
DEA492M,391200TLD115TCSBUR64,"Athora Pensionskasse Aktiengesellschaft",,"Söhnleinstraße 8, 65201, Wiesbaden",Defined benefits,,                                                                                                                                                                                                                                                                                                                                                                                                                                                                                                                                                                                                                                                                                                                                                                                                                                                                                                         
DEALCMB,391200Y53X0R6HGEQ073,"Audi Pensionskasse-Altersversorgung der AUTO UNION GmbH, Versicherungsverein auf Gegenseitigk. (VVaG",,"100 2, Auto-Union-Straße, 85045, Ingolstadt",Defined benefits,,                                                                                                                                                                                                                                                                                                                                                                                                                                                                                                                                                                                                                                                                                                                                                                                                                                   
DEA3JVN,529900WYWP65MADFKP75,"Babcock Pensionskasse VVaG",,"10 02, Elsa-Brändström-Straße 1, 46045, Oberhausen, Rheinl",Defined benefits,,                                                                                                                                                                                                                                                                                                                                                                                                                                                                                                                                                                                                                                                                                                                                                                                                                                                                                              
DEAJI2U,52990049QCFKEJB3G408,"Baden-Badener Pensionskasse VVaG",,"Hans-Bredow-Straße 2, 76530, Baden-Baden",Defined benefits,,                                                                                                                                                                                                                                                                                                                                                                                                                                                                                                                                                                                                                                                                                                                                                                                                                                                                                                          
DEAC5QU,529900KCMKYA3DAH5562,"Baden-Württembergische Versorgungsanstalt für Ärzte, Zahnärzte und Tierärzte",,"Gartenstraße 63, 72074, Tübingen",Defined benefits,,                                                                                                                                                                                                                                                                                                                                                                                                                                                                                                                                                                                                                                                                                                                                                                                                                                                                      
DEA3JYN,529900L83BWCMJ2TCI54,"BASF Pensionskasse VVaG",,"Carl-Bosch-Straße 38, 67056, Ludwigshafen",Defined benefits,,                                                                                                                                                                                                                                                                                                                                                                                                                                                                                                                                                                                                                                                                                                                                                                                                                                                                                                                  
DEALCL3,549300CELUKPR8P5J820,"Bayer-Pensionskasse",,"Kaiser-Wilhelm-Allee 10, 51373, Leverkusen",Defined benefits,,                                                                                                                                                                                                                                                                                                                                                                                                                                                                                                                                                                                                                                                                                                                                                                                                                                                                                                                     
DEA0G2Y,529900V3QHYNST2Y0022,"Bayerische Apothekerversorgung",,"Arabellastraße 31, 81925, München",Defined benefits,,                                                                                                                                                                                                                                                                                                                                                                                                                                                                                                                                                                                                                                                                                                                                                                                                                                                                                                                   
DEAC5OL,529900S0KP75QTZ61N31,"Bayerische Architektenversorgung",,"Arabellastraße 31, 81925, München",Defined benefits,,                                                                                                                                                                                                                                                                                                                                                                                                                                                                                                                                                                                                                                                                                                                                                                                                                                                                                                                 
DEAC6ZM,5299002HW6NNE36HVB91,"Bayerische Ärzteversorgung",,"Arabellastraße 31, 81925, München",Defined benefits,,                                                                                                                                                                                                                                                                                                                                                                                                                                                                                                                                                                                                                                                                                                                                                                                                                                                                                                                       
DEAC5JL,529900KJ7C8X31TVSP77,"Bayerische Ingenieurversorgungs-Bau mit Psychotherapeutenversorgung",,"Arabellastraße 31, 81925, München",Defined benefits,,                                                                                                                                                                                                                                                                                                                                                                                                                                                                                                                                                                                                                                                                                                                                                                                                                                                                              
DEAC60T,529900362156SYDFVQ89,"Bayerische Rechtsanwalts- und Steuerberaterversorgung",,"Arabellastraße 31, 81925, München",Defined benefits,,                                                                                                                                                                                                                                                                                                                                                                                                                                                                                                                                                                                                                                                                                                                                                                                                                                                                                            
DEAK0TS,391200WCR4Q1B1TJDL71,"Berliner Ärzteversorgung",,"Potsdamer Straße 47, 14163, Berlin",Defined contributions,,                                                                                                                                                                                                                                                                                                                                                                                                                                                                                                                                                                                                                                                                                                                                                                                                                                                                                                                   
DEAMKQQ,529900BWAKPGZI2LGK48,"Betriebs-Pensionskasse der Firma Gustav Göckel Maschinenfabrik GmbH Darmstadt (VVaG)",,"Mornewegstraße 37-39, 64293, Darmstadt",Defined benefits,Yes,                                                                                                                                                                                                                                                                                                                                                                                                                                                                                                                                                                                                                                                                                                                                                                                                                                                     
DEALCMA,967600MMPORPGLYWXZ28,"Betriebspensionskasse der Carl Schenck AG VVaG Darmstadt",,"Landwehrstraße 55, 64293, Darmstadt",Defined benefits,,                                                                                                                                                                                                                                                                                                                                                                                                                                                                                                                                                                                                                                                                                                                                                                                                                                                                                       
DEAMKQE,,"Betriebsruhegeldkasse der Heidelberger Straßen- und Bergbahn GmbH",,"Kurfürsten-Anlage 42-50, 69115, Heidelberg",Defined benefits,Yes,                                                                                                                                                                                                                                                                                                                                                                                                                                                                                                                                                                                                                                                                                                                                                                                                                                                                                        
DEA4L25,3912007HQDF8LCFMNB79,"Bosch Pensionsfonds Aktiengesellschaft",,"Heidehofstraße 31, 70184, Stuttgart",Defined benefits,,                                                                                                                                                                                                                                                                                                                                                                                                                                                                                                                                                                                                                                                                                                                                                                                                                                                                                                         
DEA3LAC,5299002D6IZH94EBGE45,"BVV Pensionsfonds des Bankgewerbes AG",,"Straße der Pariser Kommune 8, 10243, Berlin",Defined benefits,,                                                                                                                                                                                                                                                                                                                                                                                                                                                                                                                                                                                                                                                                                                                                                                                                                                                                                                  
DEA3PHY,529900SQ2PR5643VDQ98,"BVV Versicherungsverein des Bankgewerbes a.G.",,"Straße der Pariser Kommune 8, 10243, Berlin",Defined benefits,,                                                                                                                                                                                                                                                                                                                                                                                                                                                                                                                                                                                                                                                                                                                                                                                                                                                                                          
DEA3TY8,529900IOL7VKLLJFKS98,"CHEMIE Pensionsfonds AG",,"Raiffeisenplatz 1, 65189, Wiesbaden",Mixed,,                                                                                                                                                                                                                                                                                                                                                                                                                                                                                                                                                                                                                                                                                                                                                                                                                                                                                                                                   
DEA3LNL,529900FM31ZQLG2XWX66,"Debeka Pensionskasse AG",,"Debeka-Platz 1, 56073, Koblenz am Rhein",Defined benefits,,                                                                                                                                                                                                                                                                                                                                                                                                                                                                                                                                                                                                                                                                                                                                                                                                                                                                                                                    
DEAC5U9,529900CKK5RTJ05KI290,"Debeka Zusatzversorgungskasse VaG",,"Debeka-Platz 1, 56073, Koblenz am Rhein",Defined benefits,,                                                                                                                                                                                                                                                                                                                                                                                                                                                                                                                                                                                                                                                                                                                                                                                                                                                                                                          
DEALCNA,391200ZBTD7XS2TUTQ68,"Deutsche Post Pensionsfonds AG",,"Charles-de-Gaulle-Straße 20, 53113, Bonn",Defined benefits,,                                                                                                                                                                                                                                                                                                                                                                                                                                                                                                                                                                                                                                                                                                                                                                                                                                                                                                            
DEA4K02,391200GUT1SFOPL3VU66,"Deutsche Steuerberater-Versicherung - Pensionskasse des steuerberatenden Berufs VVaG",,"24 69, Breite Straße 42, 50667, Köln",Defined benefits,,                                                                                                                                                                                                                                                                                                                                                                                                                                                                                                                                                                                                                                                                                                                                                                                                                                                          
DEA4R73,391200S5BZNBQD2YCW77,"Deutscher Pensionsfonds Aktiengesellschaft",,"Deutzer Allee 1, 50679, Köln",Defined benefits,,                                                                                                                                                                                                                                                                                                                                                                                                                                                                                                                                                                                                                                                                                                                                                                                                                                                                                                            
DEA3FIY,52990083UGIQYXIAVW27,"DEVK Pensionsfonds Aktiengesellschaft",,"Riehler Straße 190, 50735, Köln",Defined benefits,,                                                                                                                                                                                                                                                                                                                                                                                                                                                                                                                                                                                                                                                                                                                                                                                                                                                                                                              
DEAC6CZ,391200UKKSQLUFMIJJ36,"DPK Deutsche Pensionskasse AG",,"Itzehoer Platz, 25524, Itzehoe",Defined benefits,,                                                                                                                                                                                                                                                                                                                                                                                                                                                                                                                                                                                                                                                                                                                                                                                                                                                                                                                       
DEAK8M9,391200WSLMZN0ABAOW21,"Dresdener Pensionskasse VVaG",,"12 49, Ludwig-Crößmann-Straße 2, 95326, Kulmbach",Defined benefits,,                                                                                                                                                                                                                                                                                                                                                                                                                                                                                                                                                                                                                                                                                                                                                                                                                                                                                                      
DEAMKQP,529900ZR3HDVUXNZKZ52,"Emder Zusatzversorgungskasse für Sparkassen",,"Große Straße 58, 26721, Emden",Defined benefits,Yes,                                                                                                                                                                                                                                                                                                                                                                                                                                                                                                                                                                                                                                                                                                                                                                                                                                                                                                       
DEA3NUJ,529900JZZGJ11RUVB627,"ERGO Pensionsfonds Aktiengesellschaft",,"ERGO-Platz 1, 40477, Düsseldorf",Defined benefits,,                                                                                                                                                                                                                                                                                                                                                                                                                                                                                                                                                                                                                                                                                                                                                                                                                                                                                                              
DEA3JBG,529900LG1TCV0M0OWU23,"ERGO Pensionskasse Aktiengesellschaft",,"ERGO-Platz 1, 40477, Düsseldorf",Defined benefits,,                                                                                                                                                                                                                                                                                                                                                                                                                                                                                                                                                                                                                                                                                                                                                                                                                                                                                                              
DEALEHP,2549001M33HMS0SAK215,"Evangelische Zusatzversorgungskasse (EZVK)",,"Holzhofallee 17a, 64295, Darmstadt",Defined benefits,Yes,                                                                                                                                                                                                                                                                                                                                                                                                                                                                                                                                                                                                                                                                                                                                                                                                                                                                                                   
DEA4Y7B,549300B2JNY72KZI5850,"Frankfurter Pensionskasse AG",,"Am Weidenring 56, 61352, Bad Homburg",Defined benefits,,                                                                                                                                                                                                                                                                                                                                                                                                                                                                                                                                                                                                                                                                                                                                                                                                                                                                                                                  
DEA04O6,5493008TM5IHW8ROU628,"Generali Pensionsfonds AG",,"Franklinstraße 46 - 48, 60486, Frankfurt am Main",Defined benefits,,                                                                                                                                                                                                                                                                                                                                                                                                                                                                                                                                                                                                                                                                                                                                                                                                                                                                                                         
DEA3JWA,529900UQI9DVD9B64S18,"Geno Pensionskasse VVaG, Karlsruhe",,"Lauterbergstraße 1, 76137, Karlsruhe",Defined benefits,,                                                                                                                                                                                                                                                                                                                                                                                                                                                                                                                                                                                                                                                                                                                                                                                                                                                                                                            
DEA58P4,5299004RAPPZ1LJ4A552,"Gerling Versorgungskasse",,"Charles-de-Gaulle-Platz 1, 50679, Köln",Defined benefits,,                                                                                                                                                                                                                                                                                                                                                                                                                                                                                                                                                                                                                                                                                                                                                                                                                                                                                                                    
DEA4F1P,5299002P4JGDEPSO9Q12,"Glatfelter Gernsbach Pensionskasse VVaG",,"11 55, Hördener Straße 5, 76593, Gernsbach",Defined benefits,,                                                                                                                                                                                                                                                                                                                                                                                                                                                                                                                                                                                                                                                                                                                                                                                                                                                                                                 
DEA4QUY,52990043T2RGPDDCVU37,"Gothaer Pensionskasse AG",,"Arnoldiplatz 1, 50969, Köln",Defined benefits,,                                                                                                                                                                                                                                                                                                                                                                                                                                                                                                                                                                                                                                                                                                                                                                                                                                                                                                                               
DEALCLV,5299004O8KVYD8SW7A96,"Grün + Bilfinger Wohlfahrts-und Pensionskasse a.G., c/o LDIS GmbH",,"10 05, Speditionsstraße 1, 40221, Düsseldorf",Defined benefits,,                                                                                                                                                                                                                                                                                                                                                                                                                                                                                                                                                                                                                                                                                                                                                                                                                                                                     
DEA03XI,529900DH77S9Q44DFW28,"HAMBURGER PENSIONSFONDS Pensionsfondsverein auf Gegenseitigkeit",,"Brooktorkai 20, 20457, Hamburg",Defined benefits,,                                                                                                                                                                                                                                                                                                                                                                                                                                                                                                                                                                                                                                                                                                                                                                                                                                                                                     
DEALCL4,529900OSJG6NCXN4NP03,"HAMBURGER PENSIONSKASSE VON 1905 Versicherungsverein auf Gegenseitigkeit",,"10 50, Brooktorkai 20, 20457, Hamburg",Defined benefits,,                                                                                                                                                                                                                                                                                                                                                                                                                                                                                                                                                                                                                                                                                                                                                                                                                                                                     
DEA3KLI,529900JV9KY91YIRD316,"HAMBURGER PENSIONSRÜCKDECKUNGSKASSE Versicherungsverein auf Gegenseitigkeit",,"10 50, Brooktorkai 20, 20457, Hamburg",Defined benefits,,                                                                                                                                                                                                                                                                                                                                                                                                                                                                                                                                                                                                                                                                                                                                                                                                                                                                  
DEALCMW,5299000CNU4QHEAU8767,"Hannoversche Alterskasse VVaG",,"Pelikanplatz 23, 30177, Hannover",Defined benefits,,                                                                                                                                                                                                                                                                                                                                                                                                                                                                                                                                                                                                                                                                                                                                                                                                                                                                                                                     
DEA3LQD,529900O5NYSU6RWVGO40,"Hannoversche Pensionskasse VVaG",,"Pelikanplatz 23, 30177, Hannover",Defined benefits,,                                                                                                                                                                                                                                                                                                                                                                                                                                                                                                                                                                                                                                                                                                                                                                                                                                                                                                                   
DEAMKQ9,5299001WE9V27QQ29582,"Hanseatische Rechtsanwaltsversorgung Bremen (Verwaltung: Rechtsanwaltsversorgung Niedersachsen )",,"Knochenhauerstraße 36/37, 28195, Bremen",Defined benefits,,                                                                                                                                                                                                                                                                                                                                                                                                                                                                                                                                                                                                                                                                                                                                                                                                                                           
DEA4S1O,529900GXO87AB0U5EK12,"HDI Pensionsfonds Aktiengesellschaft",,"ProActiv-Platz 1, 40721, Hilden",Defined benefits,,                                                                                                                                                                                                                                                                                                                                                                                                                                                                                                                                                                                                                                                                                                                                                                                                                                                                                                               
DEA4K0V,529900SWM4GTF2GY7X13,"HDI Pensionskasse AG",,"Charles-de Gaulle-Platz 1, 50679, Köln",Defined benefits,,                                                                                                                                                                                                                                                                                                                                                                                                                                                                                                                                                                                                                                                                                                                                                                                                                                                                                                                        
DEALCM3,39120001LSPEXTTZV582,"HEAG Pensionszuschusskasse Versicherungsverein auf Gegenseitigkeit",,"11 07, Luisenplatz 5A, 64283, Darmstadt",Defined benefits,,                                                                                                                                                                                                                                                                                                                                                                                                                                                                                                                                                                                                                                                                                                                                                                                                                                                                         
DEAMKPV,529900P67B2NWWXIA633,"Hessische Zahnärzte-Versorgung Versorgungswerk der Landeszahnärztekammer Hessen K.d.ö.R.",,"Lyoner Straße 21, 60528, Frankfurt am Main",Defined benefits,,                                                                                                                                                                                                                                                                                                                                                                                                                                                                                                                                                                                                                                                                                                                                                                                                                                                
DEALCMV,391200BVDYKXHPOBVW66,"Höchster Pensionskasse VVaG",,"Brüningstraße 50, 65926, Frankfurt am Main",Defined benefits,,                                                                                                                                                                                                                                                                                                                                                                                                                                                                                                                                                                                                                                                                                                                                                                                                                                                                                                             
DEA4MQM,3912002DQ5RNFU159Z20,"HVB Trust Pensionsfonds AG",,"Arabellastraße 12, 81925, München",Defined benefits,,                                                                                                                                                                                                                                                                                                                                                                                                                                                                                                                                                                                                                                                                                                                                                                                                                                                                                                                       
DEA4H1I,391200NYEYCTCIYR2E51,"IBM Deutschland Pensionsfonds AG",,"IBM Campus 1, 71139, Ehningen",Defined benefits,,                                                                                                                                                                                                                                                                                                                                                                                                                                                                                                                                                                                                                                                                                                                                                                                                                                                                                                                     
DEA4OJU,391200O0MIF6VIUUSU44,"IBM Deutschland Pensionskasse Versicherungsverein auf Gegenseitigkeit",,"IBM Campus 1, 71139, Ehningen",Defined benefits,,                                                                                                                                                                                                                                                                                                                                                                                                                                                                                                                                                                                                                                                                                                                                                                                                                                                                                
DEAMKQ6,967600MFNLGUB8POZ868,"Ingenieurversorgung Baden-Württemberg",,"Zellerstraße 26, 70180, Stuttgart",Defined benefits,,                                                                                                                                                                                                                                                                                                                                                                                                                                                                                                                                                                                                                                                                                                                                                                                                                                                                                                            
DEAMKQI,3912009XCVRTOO3K1L09,"Ivoclar Vivadent Pensionskasse VVaG",,"Dr. Adolf-Schneider-Straße 2, 73479, Ellwangen",Defined benefits,,                                                                                                                                                                                                                                                                                                                                                                                                                                                                                                                                                                                                                                                                                                                                                                                                                                                                                                 
DEA50Q0,529900FPBRDUXO6X9O30,"Kirchliche Zusatzversorgungskasse des Verbandes der Diözesen Deutschlands",,"Am Römerturm 8, 50667, Köln",Mixed,,                                                                                                                                                                                                                                                                                                                                                                                                                                                                                                                                                                                                                                                                                                                                                                                                                                                                                         
DEA3GNX,391200437LVXRS0SRH91,"Kirchliche Zusatzversorgungskasse Rheinland-Westfalen",,"Schwanenwall 11, 44135, Dortmund",Defined benefits,Yes,                                                                                                                                                                                                                                                                                                                                                                                                                                                                                                                                                                                                                                                                                                                                                                                                                                                                                          
DEALCMZ,391200IPHDJNVELLAW18,"Kölner Pensionskasse Versicherungsverein auf Gegenseitigkeit i.L.",,"Max-Planck-Straße 39, 50858, Köln",Defined benefits,,                                                                                                                                                                                                                                                                                                                                                                                                                                                                                                                                                                                                                                                                                                                                                                                                                                                                                
DEALENQ,529900IV33MLN18I3X52,"Kommunales Dienstleistungszentrum Personal und Versorgung (KDZ) - Zusatzversorgungskasse für die Gem",,"Welfenstraße 2, 65189, Wiesbaden",Defined benefits,,                                                                                                                                                                                                                                                                                                                                                                                                                                                                                                                                                                                                                                                                                                                                                                                                                                              
DEALFDO,529900LI9YX2VZA02333,"Krefelder Renten Zusatzversorgung VVaG",,"Uerdinger Straße 323, 47800, Krefeld",Defined benefits,,                                                                                                                                                                                                                                                                                                                                                                                                                                                                                                                                                                                                                                                                                                                                                                                                                                                                                                        
DEALCN9,5299003VKP3DIRS8BJ35,"Lippische Pensionsfonds AG",,"Simon-August-Straße 2, 32756, Detmold",Defined benefits,,                                                                                                                                                                                                                                                                                                                                                                                                                                                                                                                                                                                                                                                                                                                                                                                                                                                                                                                   
DEAMKQK,391200M8GBX1ZXBFQB11,"Localbahn-Pensionszuschusskasse VVaG",,"Friedberger Straße 43, 86161, Augsburg",Defined benefits,Yes,                                                                                                                                                                                                                                                                                                                                                                                                                                                                                                                                                                                                                                                                                                                                                                                                                                                                                                     
DEA3V7S,529900ATYGS5HUI6GM28,"LVM Pensionsfonds-AG",,"Kolde-Ring 21, 48151, Münster",Defined benefits,,                                                                                                                                                                                                                                                                                                                                                                                                                                                                                                                                                                                                                                                                                                                                                                                                                                                                                                                                 
DEALCLC,529900S96BT6NXWMJR78,"MER-Pensionskasse VVaG",,"50 00, Brooktorkai 20, 20457, Hamburg",Defined benefits,,                                                                                                                                                                                                                                                                                                                                                                                                                                                                                                                                                                                                                                                                                                                                                                                                                                                                                                                       
DEALNST,5299004Q5FBDO7IZV248,"Mercedes-Benz Pensionsfonds AG",,"Mercedesstraße 120, 70372, Stuttgart",Defined benefits,,                                                                                                                                                                                                                                                                                                                                                                                                                                                                                                                                                                                                                                                                                                                                                                                                                                                                                                                
DEALCNB,529900KJYFG2CYF9UT73,"Mercer Pensionsfonds AG",,"Platz der Einheit 1, 60327, Frankfurt am Main",Defined benefits,,                                                                                                                                                                                                                                                                                                                                                                                                                                                                                                                                                                                                                                                                                                                                                                                                                                                                                                              
DEA4J9J,391200RERR11E1QHL423,"Metzler Mittelstands Pensionsfonds AG",,"Untermainanlage 1, 60329, Frankfurt am Main",Defined benefits,,                                                                                                                                                                                                                                                                                                                                                                                                                                                                                                                                                                                                                                                                                                                                                                                                                                                                                                  
DEA0EF1,529900GMW5349WTNE698,"Metzler Pensionsfonds AG",,"Untermainanlage 1, 60329, Frankfurt am Main",Defined benefits,,                                                                                                                                                                                                                                                                                                                                                                                                                                                                                                                                                                                                                                                                                                                                                                                                                                                                                                               
DEALCLH,529900GFH3GE4MCUGM03,"Müllerei-Pensionskasse Versicherungsverein a.G. (MPK)",,"Siemensring 98, 47877, Willich",Defined benefits,,                                                                                                                                                                                                                                                                                                                                                                                                                                                                                                                                                                                                                                                                                                                                                                                                                                                                                               
DEALCLO,529900WV0J5REZ0YXD53,"Münchener Rück Versorgungskasse",,"40 13, Königinstraße 107, 80802, München",Defined benefits,,                                                                                                                                                                                                                                                                                                                                                                                                                                                                                                                                                                                                                                                                                                                                                                                                                                                                                                           
DEA3KTP,984500VZ02BA6C8A4787,"Nestlé Pensionsfonds AG",,"Basler Straße 46, 60329, Frankfurt am Main",Defined benefits,,                                                                                                                                                                                                                                                                                                                                                                                                                                                                                                                                                                                                                                                                                                                                                                                                                                                                                                                 
DEALCME,9845004D0845FB086475,"NESTLÉ PENSIONSKASSE",,"71 07, Basler Straße 46, 60329, Frankfurt am Main",Defined benefits,,                                                                                                                                                                                                                                                                                                                                                                                                                                                                                                                                                                                                                                                                                                                                                                                                                                                                                                             
DEA3SW3,,"NESTLÉ RÜCKDECKUNGSKASSE",,"Baseler Straße 46, 60329, Frankfurt am Main",Defined benefits,,                                                                                                                                                                                                                                                                                                                                                                                                                                                                                                                                                                                                                                                                                                                                                                                                                                                                                                                                   
DEA3NRH,529900G0HF0OU8MTHK80,"neue leben Pensionskasse Aktiengesellschaft",,"Hammerbrookstraße 69, 20097, Hamburg",Defined benefits,,                                                                                                                                                                                                                                                                                                                                                                                                                                                                                                                                                                                                                                                                                                                                                                                                                                                                                                   
DEAMKPU,52990071X89CT4EEIN77,"Nordrheinische Ärzteversorgung",,"Tersteegenstraße 9, 40474, Düsseldorf",Defined contributions,,                                                                                                                                                                                                                                                                                                                                                                                                                                                                                                                                                                                                                                                                                                                                                                                                                                                                                                          
DEAIFPM,529900DBFTZRA7KZ8J55,"Notarversorgungskasse Koblenz",,"Hohenzollernstraße 18, 56068, Koblenz",Defined benefits,,                                                                                                                                                                                                                                                                                                                                                                                                                                                                                                                                                                                                                                                                                                                                                                                                                                                                                                                
DEAMKPS,391200XDUEYD9RWZWD21,"Notarversorgungswerk Hamburg",,"Gustav-Mahler-Platz 1, 20354, Hamburg",Defined benefits,,                                                                                                                                                                                                                                                                                                                                                                                                                                                                                                                                                                                                                                                                                                                                                                                                                                                                                                                 
DEAMKPP,529900BLGRZSTMPX3S16,"Notarversorgungswerk Köln",,"Breite Strasse 67, 40213, Düsseldorf",Defined benefits,,                                                                                                                                                                                                                                                                                                                                                                                                                                                                                                                                                                                                                                                                                                                                                                                                                                                                                                                     
DEA3JWM,5299003NMOAGDFMWGG55,"NÜRNBERGER Pensionskasse Aktiengesellschaft",,"Ostendstraße 100, 90334, Nürnberg",Defined benefits,,                                                                                                                                                                                                                                                                                                                                                                                                                                                                                                                                                                                                                                                                                                                                                                                                                                                                                                      
DEALCLE,52990085SP55IAX7JT90,"Pensionskasse Berolina VVaG",,"Spitaler Straße 16, 20095, Hamburg",Defined benefits,,                                                                                                                                                                                                                                                                                                                                                                                                                                                                                                                                                                                                                                                                                                                                                                                                                                                                                                                     
DEALCLT,391200UFBTSVWMMTSD48,"Pensionskasse Degussa Versicherungsverein auf Gegenseitigkeit",,"Lipper Weg 190, 45764, Marl",Defined benefits,,                                                                                                                                                                                                                                                                                                                                                                                                                                                                                                                                                                                                                                                                                                                                                                                                                                                                                          
DEALCLL,529900JQSIAJ56B7WT88,"Pensionskasse der BERLIN-KÖLNISCHE Versicherungen",,"Arnoldiplatz 1, 50969, Köln",Defined benefits,,                                                                                                                                                                                                                                                                                                                                                                                                                                                                                                                                                                                                                                                                                                                                                                                                                                                                                                      
DEALCM0,3912008PONACIVXPHG46,"Pensionskasse der Bewag",,"44 02, Flottwellstraße 4-5, 10785, Berlin",Defined benefits,,                                                                                                                                                                                                                                                                                                                                                                                                                                                                                                                                                                                                                                                                                                                                                                                                                                                                                                                  
DEAGCGK,391200QGW8YVJVFAP133,"Pensionskasse der BHW Bausparkasse",,"10 13, Lubahnstraße 2, 31789, Hameln",Defined benefits,,                                                                                                                                                                                                                                                                                                                                                                                                                                                                                                                                                                                                                                                                                                                                                                                                                                                                                                            
DEALCL5,391200774STCXJZNCP18,"Pensionskasse der BOGESTRA",,"10 03, Universitätsstraße 58, 44789, Bochum",Defined benefits,,                                                                                                                                                                                                                                                                                                                                                                                                                                                                                                                                                                                                                                                                                                                                                                                                                                                                                                             
DEALCM7,391200AHTTO4JJSTU172,"Pensionskasse der Caritas VVaG",,"41 01, Dürener Straße 341, 50935, Köln",Defined benefits,,                                                                                                                                                                                                                                                                                                                                                                                                                                                                                                                                                                                                                                                                                                                                                                                                                                                                                                              
DEALCMM,39120030QBAWJG0J9Q60,"PENSIONSKASSE DER CREOS UND ENOVOS DEUTSCHLAND VVAG",,"10 26, Am Halberg 3, 66121, Saarbrücken",Defined benefits,,                                                                                                                                                                                                                                                                                                                                                                                                                                                                                                                                                                                                                                                                                                                                                                                                                                                                                        
DEALCLY,391200FGSJ0KVEGEMP26,"Pensionskasse der EDEKA Organisation V.V.a.G.",,"60 06, New-York-Ring 6, 22297, Hamburg",Defined benefits,,                                                                                                                                                                                                                                                                                                                                                                                                                                                                                                                                                                                                                                                                                                                                                                                                                                                                                               
DEA3GY0,391200LBZPS68BOC0Z58,"Pensionskasse der Frankfurter Sparkasse",,"Neue Mainzer Straße 47-53, 60311, Frankfurt am Main",Defined benefits,,                                                                                                                                                                                                                                                                                                                                                                                                                                                                                                                                                                                                                                                                                                                                                                                                                                                                                        
DEAIC57,391200TZQLZBB37FGG28,"Pensionskasse der Genossenschaftsorganisation Versicherungsverein auf Gegenseitigkeit",,"Herzog-Heinrich-Straße 20, 80336, München",Defined benefits,,                                                                                                                                                                                                                                                                                                                                                                                                                                                                                                                                                                                                                                                                                                                                                                                                                                                    
DEAMKR9,529900SHS93HYCBPB266,"Pensionskasse der Grillo-Werke AG",,"Weseler Straße 1, 47169, Duisburg",Defined benefits,Yes,                                                                                                                                                                                                                                                                                                                                                                                                                                                                                                                                                                                                                                                                                                                                                                                                                                                                                                             
DEALCLJ,391200FVBXTXDUNPGZ03,"PENSIONSKASSE der Hamburger Hochbahn Aktiengesellschaft - VVaG -",,"Bei dem Neuen Krahn 2, 20457, Hamburg",Defined benefits,,                                                                                                                                                                                                                                                                                                                                                                                                                                                                                                                                                                                                                                                                                                                                                                                                                                                                             
DEALCMP,,"Pensionskasse der HELVETIA Schweizerische Versicherungsgesellschaft, Direktion für Deutschland",,"10 10, Berliner Straße 56/58, 60311, Frankfurt am Main",Defined benefits,,                                                                                                                                                                                                                                                                                                                                                                                                                                                                                                                                                                                                                                                                                                                                                                                                                                                  
DEALCM1,,"Pensionskasse der HypoVereinsbank",,"Arabellastraße 12, 81925, München",Defined benefits,,                                                                                                                                                                                                                                                                                                                                                                                                                                                                                                                                                                                                                                                                                                                                                                                                                                                                                                                                    
DEALCLI,967600KNG7CGBSKEEI16,"Pensionskasse der Lotsenbrüderschaft Elbe",,"Elbchaussee 330, 22609, Hamburg",Defined benefits,,                                                                                                                                                                                                                                                                                                                                                                                                                                                                                                                                                                                                                                                                                                                                                                                                                                                                                                          
DEALCMH,5299000910COIUBD9Q25,"Pensionskasse der Mitarbeiter der ehemaligen Frankona Rückversicherungs-AG V.V.a.G.",,"10 50, Brooktorkai 20, 20457, Hamburg",Defined benefits,,                                                                                                                                                                                                                                                                                                                                                                                                                                                                                                                                                                                                                                                                                                                                                                                                                                                          
DEA4J25,3912002ALK0XAZUOQJ25,"Pensionskasse der Mitarbeiter der Hoechst-Gruppe VVaG",,"Brüningstraße 50, 65929, Frankfurt am Main",Defined benefits,,                                                                                                                                                                                                                                                                                                                                                                                                                                                                                                                                                                                                                                                                                                                                                                                                                                                                                   
DEA4M58,391200Y0PV3GDZFZZ010,"Pensionskasse der Novartis Pharma GmbH in Nürnberg Versicherungsverein auf Gegenseitigkeit",,"Sophie-Germain-Straße 10, 90443, Nürnberg",Defined benefits,,                                                                                                                                                                                                                                                                                                                                                                                                                                                                                                                                                                                                                                                                                                                                                                                                                                               
DEALCML,391200TB0OVGGVZSOO72,"Pensionskasse der Rechtsanwälte und Notare VVaG",,"An der Seilerei 19, 46325, Borken",Defined benefits,,                                                                                                                                                                                                                                                                                                                                                                                                                                                                                                                                                                                                                                                                                                                                                                                                                                                                                                  
DEAMKQG,391200O14ERDWET51F81,"Pensionskasse der Rheinischen Presshefe- und Spritwerke Monheim/Rhld. VVaG",,"Brede 4, 59368, Werne",Defined benefits,,                                                                                                                                                                                                                                                                                                                                                                                                                                                                                                                                                                                                                                                                                                                                                                                                                                                                                   
DEALCMN,967600VFGVB69B4EO975,"Pensionskasse der Schülke & Mayr GmbH V.V.a.G. c/o Aon Solutions Germany GmbH",,"Caffamacherreihe 16, 20355, Hamburg",Defined benefits,,                                                                                                                                                                                                                                                                                                                                                                                                                                                                                                                                                                                                                                                                                                                                                                                                                                                                  
DEALCLZ,529900S27FBN7T6F0H55,"Pensionskasse der Vereinigten Hagelversicherung VVaG",,"10 07, Wilhelmstraße 25, 35392, Gießen",Defined benefits,,                                                                                                                                                                                                                                                                                                                                                                                                                                                                                                                                                                                                                                                                                                                                                                                                                                                                                        
DEAC61C,5299009XCCOFYUXDEJ27,"Pensionskasse der VHV-Versicherungen",,"VHV Platz 1, 30177, Hannover",Defined benefits,,                                                                                                                                                                                                                                                                                                                                                                                                                                                                                                                                                                                                                                                                                                                                                                                                                                                                                                                  
DEA3MB5,391200R0RGB9QYB9B026,"Pensionskasse der Wacker Chemie Versicherungsverein a.G.",,"Gisela-Stein-Straße 1, 81671, München",Defined benefits,,                                                                                                                                                                                                                                                                                                                                                                                                                                                                                                                                                                                                                                                                                                                                                                                                                                                                                     
DEALCMC,391200UFEEHEKXJJMV23,"Pensionskasse der Wasserwirtschaftlichen Verbände Essen VVaG",,"10 28, Kronprinzenstraße 37, 45128, Essen",Defined benefits,,                                                                                                                                                                                                                                                                                                                                                                                                                                                                                                                                                                                                                                                                                                                                                                                                                                                                             
DEALCLU,529900BP7PFP2JJQZ011,"Pensionskasse der Württembergischen",,"10 60, W+W-Platz 1, 70806, Kornwestheim",Defined benefits,,                                                                                                                                                                                                                                                                                                                                                                                                                                                                                                                                                                                                                                                                                                                                                                                                                                                                                                        
DEALCMU,391200OZSYE6JCC18Z12,"Pensionskasse des BDH Bundesverband Rehabilitation, VVaG",,"Bonner Talweg 55, 53113, Bonn",Defined benefits,,                                                                                                                                                                                                                                                                                                                                                                                                                                                                                                                                                                                                                                                                                                                                                                                                                                                                                             
DEAH3T0,9676005XFRJ7MHZAGD75,"Pensionskasse Deutscher Eisenbahnen und Straßenbahnen VVaG",,"Volksgartenstraße 54a, 50677, Köln",Defined benefits,,                                                                                                                                                                                                                                                                                                                                                                                                                                                                                                                                                                                                                                                                                                                                                                                                                                                                                      
DEALCLM,529900OJOW8SK1YAY628,"PENSIONSKASSE Deutscher Genossenschaften VVaG",,"78 49, Willy-Brandt-Weg 25, 48155, Münster",Defined benefits,,                                                                                                                                                                                                                                                                                                                                                                                                                                                                                                                                                                                                                                                                                                                                                                                                                                                                                           
DEALCMT,529900I7G7ZZHRNF1J58,"Pensionskasse Dynamit Nobel Versicherungsverein auf Gegenseitigkeit",,"12 61, Kaiserstraße 3, 53840, Troisdorf",Defined benefits,,                                                                                                                                                                                                                                                                                                                                                                                                                                                                                                                                                                                                                                                                                                                                                                                                                                                                        
DEAMKQM,,"Pensionskasse f.d. Angehörigen der Graf Görtz. Betriebe",,"Vorderburg, 36110, Schlitz",Defined benefits,,                                                                                                                                                                                                                                                                                                                                                                                                                                                                                                                                                                                                                                                                                                                                                                                                                                                                                                                     
DEALCL7,529900N2NUSCU4S6LH35,"Pensionskasse für Angestellte der Continental Aktiengesellschaft VVaG",,"Brooktorkai 20, 20457, Hamburg",Defined benefits,,                                                                                                                                                                                                                                                                                                                                                                                                                                                                                                                                                                                                                                                                                                                                                                                                                                                                               
DEA0JMV,529900NLSNI1SRTQ0V67,"Pensionskasse für die Angestellten der BARMER Ersatzkasse VVaG",,"20 01, Moritzstraße 14, 42117, Wuppertal",Defined benefits,,                                                                                                                                                                                                                                                                                                                                                                                                                                                                                                                                                                                                                                                                                                                                                                                                                                                                            
DEALCMS,529900ZJU5G6M7SLE261,"Pensionskasse für die Arbeitnehmerinnen und Arbeitnehmer des ZDF Versicherungsverein auf Gegenseitigkeit",,"Otto-Schott-Straße 9, 55127, Mainz",Defined benefits,,                                                                                                                                                                                                                                                                                                                                                                                                                                                                                                                                                                                                                                                                                                                                                                                                                                        
DEAC5KV,529900W1VAVB08XYK490,"Pensionskasse für die Deutsche Wirtschaft vormals Pensionskasse der chemischen Industrie Deutschlands",,"10 10, Am Burgacker 37, 47051, Duisburg",Defined benefits,,                                                                                                                                                                                                                                                                                                                                                                                                                                                                                                                                                                                                                                                                                                                                                                                                                                      
DEA0PHA,529900SL8SGRNEZSUB09,"Pensionskasse HT Troplast Versicherungsverein auf Gegenseitigkeit",,"13 47, Mülheimer Straße 17, 53840, Troisdorf",Defined benefits,,                                                                                                                                                                                                                                                                                                                                                                                                                                                                                                                                                                                                                                                                                                                                                                                                                                                                     
DEALCLX,529900ENCWRBF0I7ND53,"Pensionskasse Konzern Versicherungskammer Bayern VVaG",,"90 02, Maximilianstraße 53, 81530, München",Defined benefits,,                                                                                                                                                                                                                                                                                                                                                                                                                                                                                                                                                                                                                                                                                                                                                                                                                                                                                   
DEALCM8,529900318QUMPJDSNO95,"Pensionskasse Maxhütte VVaG",,"Hauptstraße 51, 92237, Sulzbach-Rosenberg",Defined benefits,,                                                                                                                                                                                                                                                                                                                                                                                                                                                                                                                                                                                                                                                                                                                                                                                                                                                                                                              
DEA3TNF,391200CUUNTQZ4RS2L57,"PENSIONSKASSE PEUGEOT DEUTSCHLAND VVaG",,"10 23, Heidenkopferdell 2, 66123, Saarbrücken",Defined benefits,,                                                                                                                                                                                                                                                                                                                                                                                                                                                                                                                                                                                                                                                                                                                                                                                                                                                                                               
DEA3M0O,529900J9Z4CEHPJLNB18,"Pensionskasse Rundfunk",,"Bertramstraße 8, 60320, Frankfurt am Main",Defined benefits,,                                                                                                                                                                                                                                                                                                                                                                                                                                                                                                                                                                                                                                                                                                                                                                                                                                                                                                                   
DEA4R3G,5299009Q8MLM2U824X75,"Pensionskasse Schenker VVaG",,"Brooktorkai 20, 20457, Hamburg",Defined benefits,,                                                                                                                                                                                                                                                                                                                                                                                                                                                                                                                                                                                                                                                                                                                                                                                                                                                                                                                         
DEA45WR,5299001T5QRUA6N6UB82,"Pensionskasse SIGNAL Versicherungen VVaG",,"10 50, Joseph-Scherer-Straße 3, 44139, Dortmund",Defined benefits,,                                                                                                                                                                                                                                                                                                                                                                                                                                                                                                                                                                                                                                                                                                                                                                                                                                                                                           
DEADRP9,5299008XWQV94OL3XI29,"Pensionskasse vom Deutschen Roten Kreuz VVaG",,"Heilsbachstraße 16, 53123, Bonn",Defined benefits,,                                                                                                                                                                                                                                                                                                                                                                                                                                                                                                                                                                                                                                                                                                                                                                                                                                                                                                       
DEA3ML5,529900WCEOXYQYUNPX09,"Philips Pensionskasse (Versicherungsverein auf Gegenseitigkeit)",,"10 02, Röntgenstraße 24-26, 22335, Hamburg",Defined benefits,,                                                                                                                                                                                                                                                                                                                                                                                                                                                                                                                                                                                                                                                                                                                                                                                                                                                                         
DEALCL6,529900D2D926MHPVOL34,"Phoenix Pensionskasse von 1925 Versicherungsverein auf Gegenseitigkeit",,"10 50, Brooktorkai 20, 20457, Hamburg",Defined benefits,,                                                                                                                                                                                                                                                                                                                                                                                                                                                                                                                                                                                                                                                                                                                                                                                                                                                                       
DEA3LQX,21380055QFZ7M25PXG38,"Pro bAV Pensionskasse AG",,"Am Weidenring 56, 61352, Bad Homburg",Defined benefits,,                                                                                                                                                                                                                                                                                                                                                                                                                                                                                                                                                                                                                                                                                                                                                                                                                                                                                                                      
DEA53EC,529900LPVNOSG82KXG89,"Provinzial Pensionskasse Hannover AG",,"Schiffgraben 4, 30159, Hannover",Defined benefits,,                                                                                                                                                                                                                                                                                                                                                                                                                                                                                                                                                                                                                                                                                                                                                                                                                                                                                                               
DEA4JZP,391200OX9SYYGQS1OF33,"PRUDENTIA Pensionskasse AG",,"Am Weidenring 56, 61352, Bad Homburg v. d. Höhe",Defined benefits,,                                                                                                                                                                                                                                                                                                                                                                                                                                                                                                                                                                                                                                                                                                                                                                                                                                                                                                         
DEAMKPX,529900B4VSXYS3FRG749,"Psychotherapeutenversorgungswerk (Niedersachsen mit Bremen, Hamburg, Hessen und Rheinland-Pfalz)",,"Neue Wiesen 3, 30855, Langenhagen",Defined benefits,,                                                                                                                                                                                                                                                                                                                                                                                                                                                                                                                                                                                                                                                                                                                                                                                                                                                 
DEA3MJK,529900XQU9UHQ3BAZB42,"R+V Pensionsfonds Aktiengesellschaft",,"Raiffeisenplatz 1, 65189, Wiesbaden",Defined benefits,,                                                                                                                                                                                                                                                                                                                                                                                                                                                                                                                                                                                                                                                                                                                                                                                                                                                                                                           
DEA3L61,529900EPT7IPKAD6PM13,"R+V PENSIONSKASSE AKTIENGESELLSCHAFT",,"Raiffeisenplatz 1, 65189, Wiesbaden",Defined benefits,,                                                                                                                                                                                                                                                                                                                                                                                                                                                                                                                                                                                                                                                                                                                                                                                                                                                                                                           
DEA0CSR,529900GHDK8HZ82C2457,"R+V PENSIONSVERSICHERUNG a.G.",,"Raiffeisenplatz 1, 65189, Wiesbaden",Defined benefits,,                                                                                                                                                                                                                                                                                                                                                                                                                                                                                                                                                                                                                                                                                                                                                                                                                                                                                                                  
DEAMKPO,529900IUH66W2GJBJT69,"Rechtsanwaltsversorgungswerk Niedersachsen",,"Bahnhofstraße 6, 29221, Celle",Defined benefits,,                                                                                                                                                                                                                                                                                                                                                                                                                                                                                                                                                                                                                                                                                                                                                                                                                                                                                                           
DEAMKQJ,529900GAMPZUWNXBRX06,"Renten-Zuschusskasse der Neckar AG VVaG",,"Schelmenwasenstraße 15, 70567, Stuttgart",Defined benefits,,                                                                                                                                                                                                                                                                                                                                                                                                                                                                                                                                                                                                                                                                                                                                                                                                                                                                                                   
DEAMKQT,549300YPK5DU4VZ5HB68,"Rentenzuschußkasse der ehemaligen Überlandwerk Unterfranken Aktiengesellschaft VVaG",,"Tresckowstraße 5, 30457, Hannover",Defined benefits,Yes,                                                                                                                                                                                                                                                                                                                                                                                                                                                                                                                                                                                                                                                                                                                                                                                                                                                           
DEALCM2,391200CEXCQOOKIUZZ66,"Rentenzuschusskasse der N-ERGIE Aktiengesellschaft Nürnberg",,"20 48, Sandreuthstraße 19, 90441, Nürnberg",Defined benefits,,                                                                                                                                                                                                                                                                                                                                                                                                                                                                                                                                                                                                                                                                                                                                                                                                                                                                             
DEALCN6,529900UQK5ETNL4KR020,"Rheinische Pensionskasse",,"Kaiser-Wilhelm-Allee 10, 51373, Leverkusen",Defined benefits,,                                                                                                                                                                                                                                                                                                                                                                                                                                                                                                                                                                                                                                                                                                                                                                                                                                                                                                                
DEAMKQO,529900TIIZEBRXRS0F23,"Ruhegehalts- und Zusatzversorgungskasse des Saarlandes - Abt. Ruhegehaltskasse",,"Fritz-Dobisch-Straße 12, 66111, Saarbrücken",Defined benefits,,                                                                                                                                                                                                                                                                                                                                                                                                                                                                                                                                                                                                                                                                                                                                                                                                                                                         
DEAMKQS,,"Ruhegehalts- und Zusatzversorgungskasse des Saarlandes - Abt. Zusatzversorgungskasse",,"Fritz-Dobisch-Straße 12, 66111, Saarbrücken",Defined benefits,,                                                                                                                                                                                                                                                                                                                                                                                                                                                                                                                                                                                                                                                                                                                                                                                                                                                                       
DEALCL9,529900ICBJKNG748DF88,"Ruhegeld-, Witwen- und Waisenkasse d. Bergischen Elektrizitäts-Versorgungs-GmbH (VVaG) i.L.",,"20 16, Bromberger Straße 39-41, 42281, Wuppertal",Defined benefits,,                                                                                                                                                                                                                                                                                                                                                                                                                                                                                                                                                                                                                                                                                                                                                                                                                                       
DEA3SL0,391200DRPNLJAIYFGE84,"Ruhegeldkasse der Bremer Straßenbahn (VVaG)",,"10 66, Flughafendamm 12, 28199, Bremen",Defined benefits,,                                                                                                                                                                                                                                                                                                                                                                                                                                                                                                                                                                                                                                                                                                                                                                                                                                                                                                 
DEA4OB8,529900HZ444JN95D8C98,"RWE Pensionsfonds AG",,"RWE Platz 1, 45141, Essen",Defined benefits,,                                                                                                                                                                                                                                                                                                                                                                                                                                                                                                                                                                                                                                                                                                                                                                                                                                                                                                                                     
DEAC7MO,529900D1UGJYGLX7EZ65,"Sächsisch-Thüringische Apothekerversorgung",,"Pillnitzer Landstraße 10, 01326, Dresden",Defined benefits,,                                                                                                                                                                                                                                                                                                                                                                                                                                                                                                                                                                                                                                                                                                                                                                                                                                                                                                
DEAC5L9,5299009JS8JI5ZJCXU84,"Sächsische Ärzteversorgung",,"Schützenhöhe 20, 01099, Dresden",Defined benefits,Yes,                                                                                                                                                                                                                                                                                                                                                                                                                                                                                                                                                                                                                                                                                                                                                                                                                                                                                                                      
DEAMKPL,529900CFK26WZZK6VW29,"Sächsisches Rechtsanwaltsversorgungswerk",,"Am Wallgäßchen 1a -2b, 01097, Dresden",Defined benefits,,                                                                                                                                                                                                                                                                                                                                                                                                                                                                                                                                                                                                                                                                                                                                                                                                                                                                                                     
DEALPC2,5299005QVBVX4G0K8915,"Schleswig-Holsteinisches Versorgungswerk für Rechtsanwälte",,"Gottorfstraße 13a, 24837, Schleswig",Defined benefits,,                                                                                                                                                                                                                                                                                                                                                                                                                                                                                                                                                                                                                                                                                                                                                                                                                                                                                     
DEALCO4,391200GVHYOMW4GQ0Y26,"Siemens Pensionsfonds AG",,"Marktplatz 3, 82031, Grünwald",Defined benefits,,                                                                                                                                                                                                                                                                                                                                                                                                                                                                                                                                                                                                                                                                                                                                                                                                                                                                                                                             
DEA4SIR,52990071JMW5HVM0TH45,"SIGNAL IDUNA Pensionskasse Aktiengesellschaft",,"Neue Rabenstraße 15, 20354, Hamburg",Defined benefits,,                                                                                                                                                                                                                                                                                                                                                                                                                                                                                                                                                                                                                                                                                                                                                                                                                                                                                                  
DEAMKR0,9676002TRP3AI4C4FJ46,"SOS-Kinderdorf-Pensionskasse VVaG",,"Renatastraße 77, 80639, München",Defined benefits,Yes,                                                                                                                                                                                                                                                                                                                                                                                                                                                                                                                                                                                                                                                                                                                                                                                                                                                                                                               
DEA3RFG,967600CRH5V9PTM0J223,"Sparkassen Pensionsfonds AG",,"Anna-Schneider-Steig 8-10, 50678, Köln",Defined benefits,,                                                                                                                                                                                                                                                                                                                                                                                                                                                                                                                                                                                                                                                                                                                                                                                                                                                                                                                 
DEA3REC,967600DX5Z4YBX4KWE43,"Sparkassen Pensionskasse AG",,"10 32, Anna-Schneider-Steig 8-10, 50678, Köln",Defined benefits,,                                                                                                                                                                                                                                                                                                                                                                                                                                                                                                                                                                                                                                                                                                                                                                                                                                                                                                          
DEAMKQL,529900TJBIEJNYXIVX57,"Steiff Versorgungskasse VVaG",,"Richard-Steiff-Straße 4, 89537, Giengen",Defined benefits,Yes,                                                                                                                                                                                                                                                                                                                                                                                                                                                                                                                                                                                                                                                                                                                                                                                                                                                                                                            
DEA3J8D,52990055S9SDN0N66J56,"Steuerberaterversorgung Niedersachsen",,"Gutenberghof 7, 30159, Hannover",Defined contributions,,                                                                                                                                                                                                                                                                                                                                                                                                                                                                                                                                                                                                                                                                                                                                                                                                                                                                                                         
DEAQ8U4,529900VTQYDL88SVP160,"SV SparkassenVersicherung Pensionsfonds AG",,"Löwentorstraße 65, 70376, Stuttgart",Defined benefits,,                                                                                                                                                                                                                                                                                                                                                                                                                                                                                                                                                                                                                                                                                                                                                                                                                                                                                                     
DEALCND,529900AHBJCPP2QWJZ76,"Swiss Life Pensionsfonds Aktiengesellschaft",,"Zeppelinstraße 1, 85748, Garching",Defined benefits,,                                                                                                                                                                                                                                                                                                                                                                                                                                                                                                                                                                                                                                                                                                                                                                                                                                                                                                      
DEA3KK4,5299001IRE2K8578J736,"Swiss Life Pensionskasse Aktiengesellschaft",,"Zeppelinstraße 1, 85748, Garching",Defined benefits,,                                                                                                                                                                                                                                                                                                                                                                                                                                                                                                                                                                                                                                                                                                                                                                                                                                                                                                      
DEALCN7,391200F3YXFJPNQGPX45,"Telekom-Pensionsfonds a.G.",,"Friedrich-Ebert-Allee 140, 53113, Bonn",Defined benefits,,                                                                                                                                                                                                                                                                                                                                                                                                                                                                                                                                                                                                                                                                                                                                                                                                                                                                                                                  
DEA3FIS,529900TWRAGXK4EWVN08,"Tierärzteversorgung Niedersachsen",,"Gutenberghof 7, 30159, Hannover",Defined contributions,,                                                                                                                                                                                                                                                                                                                                                                                                                                                                                                                                                                                                                                                                                                                                                                                                                                                                                                             
DEAOLTA,391200OTNPHPRAQKA790,"TK Pensionsfonds AG",,"Bramfelder Straße 140, 22305, Hamburg",Defined benefits,,                                                                                                                                                                                                                                                                                                                                                                                                                                                                                                                                                                                                                                                                                                                                                                                                                                                                                                                          
DEALCN8,391200HQEL104NXBVF66,"VdW Pensionsfonds AG",,"1214, Katzbergstraße 3 a, 40764, Langenfeld",Defined benefits,,                                                                                                                                                                                                                                                                                                                                                                                                                                                                                                                                                                                                                                                                                                                                                                                                                                                                                                                   
DEA4K1W,529900M7H9JNBE887556,"VERKA PK Kirchliche Pensionskasse AG",,"Schellendorffstraße 17-19, 14199, Berlin",Defined benefits,,                                                                                                                                                                                                                                                                                                                                                                                                                                                                                                                                                                                                                                                                                                                                                                                                                                                                                                      
DEA45B4,5299006HWCOART9IJ411,"VERKA VK Kirchliche Vorsorge VVaG",,"33 03, Schellendorffstraße 17-19, 14199, Berlin",Defined benefits,,                                                                                                                                                                                                                                                                                                                                                                                                                                                                                                                                                                                                                                                                                                                                                                                                                                                                                                  
DEALCN1,529900OHTTRP73TPLZ65,"Versicherungskammer Bayern Pensionskasse Aktiengesellschaft",,"Maximilianstraße 53, 80538, München",Defined benefits,,                                                                                                                                                                                                                                                                                                                                                                                                                                                                                                                                                                                                                                                                                                                                                                                                                                                                                    
DEAMKPQ,5299007WL6SXU72UVL03,"Versorgungsanstalt bei der Landeszahnärztekammer Rheinland-Pfalz",,"117er Ehrenhof 3, 55118, Mainz",Defined benefits,,                                                                                                                                                                                                                                                                                                                                                                                                                                                                                                                                                                                                                                                                                                                                                                                                                                                                                    
DEAC6L5,5299007YXRKG61HBNO30,"Versorgungsanstalt der Kaminkehrergesellen mit Pensionskasse des Schornsteinfegerhandwerks (PKS)",,"Arabellastraße 31, 81925, München",Defined benefits,,                                                                                                                                                                                                                                                                                                                                                                                                                                                                                                                                                                                                                                                                                                                                                                                                                                                 
DEALCN2,529900FULYVCCNP5J796,"Versorgungsanstalt des Bundes und der Länder",,"Hans-Thoma-Straße 19, 76133, Karlsruhe, Baden",Defined benefits,Yes,                                                                                                                                                                                                                                                                                                                                                                                                                                                                                                                                                                                                                                                                                                                                                                                                                                                                                      
DEALCN5,894500BHQ0S4C96QNO53,"Versorgungsausgleichskasse Pensionskasse VVaG",,"Heßbrühlstraße 2, 70565, Stuttgart",Defined benefits,,                                                                                                                                                                                                                                                                                                                                                                                                                                                                                                                                                                                                                                                                                                                                                                                                                                                                                                   
DEALO1J,391200O6XAJQTNKQXW41,"Versorgungseinrichtung der Bezirksärztekammer Koblenz",,"Bubenheimer Bann 12, 56070, Koblenz",Defined benefits,,                                                                                                                                                                                                                                                                                                                                                                                                                                                                                                                                                                                                                                                                                                                                                                                                                                                                                          
DEAMKPW,529900A9X06G9WZKPO87,"Versorgungseinrichtung der Bezirksärztekammer Trier",,"Balduinstraße 10-14, 54290, Trier",Defined benefits,,                                                                                                                                                                                                                                                                                                                                                                                                                                                                                                                                                                                                                                                                                                                                                                                                                                                                                              
DEALCM4,3912004KKYMY8STHUI11,"Versorgungskasse der Angestellten der GEA Group Aktiengesellschaft VVaG",,"Ulmenstraße 99, 40476, Düsseldorf",Defined benefits,,                                                                                                                                                                                                                                                                                                                                                                                                                                                                                                                                                                                                                                                                                                                                                                                                                                                                          
DEALCLG,967600P9HJP0R89HVK63,"Versorgungskasse der Angestellten der Norddeutschen Affinerie",,"10 48, Hovestraße 50, 20539, Hamburg",Defined benefits,,                                                                                                                                                                                                                                                                                                                                                                                                                                                                                                                                                                                                                                                                                                                                                                                                                                                                                 
DEALCMK,549300RVT7Q8C2L3F260,"Versorgungskasse der Arbeiter und Angestellten der ehemaligen Großkraftwerk Franken AG i.L.",,"Ricklinger Stadtweg 123, 30459, Hannover",Defined benefits,,                                                                                                                                                                                                                                                                                                                                                                                                                                                                                                                                                                                                                                                                                                                                                                                                                                               
DEALCLK,391200ZD6QTWBRZ8FH72,"Versorgungskasse der Deutscher Herold Versicherungsgesellschaften,Versicherungsverein a.G., Köln",,"14 48, Deutzer Allee 1, 50679, Köln",Defined benefits,,                                                                                                                                                                                                                                                                                                                                                                                                                                                                                                                                                                                                                                                                                                                                                                                                                                               
DEALCMF,549300L8KJ9WXDP5XT47,"Versorgungskasse der ehemaligen Bayernwerk AG, Versicherungsverein auf Gegenseitigkeit",,"Ricklinger Stadtweg 123, 30459, Hannover",Defined benefits,,                                                                                                                                                                                                                                                                                                                                                                                                                                                                                                                                                                                                                                                                                                                                                                                                                                                    
DEALCL8,391200NLZAYXNDP0RL98,"Versorgungskasse der Firma M. DuMont Schauberg Expedition der Kölnischen Zeitung",,"10 10, Amsterdamer Straße 192, 50735, Köln",Defined benefits,,                                                                                                                                                                                                                                                                                                                                                                                                                                                                                                                                                                                                                                                                                                                                                                                                                                                        
DEA3KO7,5493002DN3MC6DE6GL72,"Versorgungskasse der Volksfürsorge VVaG",,"Überseering 2, 22297, Hamburg",Defined benefits,,                                                                                                                                                                                                                                                                                                                                                                                                                                                                                                                                                                                                                                                                                                                                                                                                                                                                                                              
DEALCLR,391200M1YAQMONAC1B53,"Versorgungskasse Deutscher Unternehmen, Versicherungsverein auf Gegenseitigkeit",,"Zum Dänischen Wohld 1-3, 24159, Kiel",Defined benefits,,                                                                                                                                                                                                                                                                                                                                                                                                                                                                                                                                                                                                                                                                                                                                                                                                                                                               
DEALCLF,549300VUFF4JUZ3G1I74,"Versorgungskasse f. d. Angest. d. AachenMünchener Versicherung AG u.d. Generali Deutschland AG",,"10, AachenMünchener-Platz 1, 52064, Aachen",Defined benefits,,                                                                                                                                                                                                                                                                                                                                                                                                                                                                                                                                                                                                                                                                                                                                                                                                                                          
DEA445X,391200ORBKCDPRDF2J70,"Versorgungskasse für die Pfarrer und Kirchenbeamten der Bremischen Evangelischen Kirche",,"Franziuseck 2-4, 28199, Bremen",Defined benefits,,                                                                                                                                                                                                                                                                                                                                                                                                                                                                                                                                                                                                                                                                                                                                                                                                                                                             
DEA4SDL,529900E2IHFTV2QNE928,"Versorgungskasse Gothaer Versicherungsbank VVaG",,"Arnoldiplatz 1, 50969, Köln",Defined benefits,,                                                                                                                                                                                                                                                                                                                                                                                                                                                                                                                                                                                                                                                                                                                                                                                                                                                                                                        
DEAL1XK,,"Versorgungskasse I BayernLB GmbH",,"Brienner Straße 20, 80333, München",Defined benefits,Yes,                                                                                                                                                                                                                                                                                                                                                                                                                                                                                                                                                                                                                                                                                                                                                                                                                                                                                                                                 
DEAL6PA,,"Versorgungskasse II BayernLB GmbH",,"Brienner Straße 20, 80333, München",Defined benefits,Yes,                                                                                                                                                                                                                                                                                                                                                                                                                                                                                                                                                                                                                                                                                                                                                                                                                                                                                                                                
DEALCM9,391200ZK3R8VQBFY0Z57,"Versorgungskasse Radio Bremen",,"Diepenau 2, 28195, Bremen",Defined benefits,,                                                                                                                                                                                                                                                                                                                                                                                                                                                                                                                                                                                                                                                                                                                                                                                                                                                                                                                            
DEAMKQU,3912006UFZORTXODUW80,"Versorgungswerk (Apothekerversorgung) der Apothekerkammer Schleswig-Holstein",,"Düsternbrooker Weg 75, 24105, Kiel",Mixed,,                                                                                                                                                                                                                                                                                                                                                                                                                                                                                                                                                                                                                                                                                                                                                                                                                                                                               
DEA4MIL,529900Y2PXYZTR4UTE42,"Versorgungswerk Architektenkammer Nordrhein-Westfalen",,"Inselstraße 27, 40479, Düsseldorf",Defined contributions,,                                                                                                                                                                                                                                                                                                                                                                                                                                                                                                                                                                                                                                                                                                                                                                                                                                                                                       
DEA5C85,529900LV4P3V0YUD1C84,"Versorgungswerk der Apothekerkammer Nordrhein",,"Benrather Straße 8, 40213, Düsseldorf",Defined benefits,,                                                                                                                                                                                                                                                                                                                                                                                                                                                                                                                                                                                                                                                                                                                                                                                                                                                                                                
DEA5D15,529900CWW2P2YYETOI25,"Versorgungswerk der Apothekerkammer Westfalen-Lippe",,"Bismarckallee 25, 48151, Münster",Defined benefits,,                                                                                                                                                                                                                                                                                                                                                                                                                                                                                                                                                                                                                                                                                                                                                                                                                                                                                               
DEAC6TM,529900SNYX4TXHEJVQ25,"Versorgungswerk der Architektenkammer Baden-Württemberg",,"Danneckerstraße  52, 70182, Stuttgart",Mixed,,                                                                                                                                                                                                                                                                                                                                                                                                                                                                                                                                                                                                                                                                                                                                                                                                                                                                                                 
DEAJI2X,3912002VGWYMVOP0XA82,"Versorgungswerk der Architektenkammer Berlin",,"Potsdamer Straße 47, 14163, Berlin",Defined contributions,,                                                                                                                                                                                                                                                                                                                                                                                                                                                                                                                                                                                                                                                                                                                                                                                                                                                                                               
DEAC7SR,529900DPXCBO2SYFY294,"Versorgungswerk der Architektenkammer Sachsen",,"Goetheallee 37, 01309, Dresden",Defined benefits,,                                                                                                                                                                                                                                                                                                                                                                                                                                                                                                                                                                                                                                                                                                                                                                                                                                                                                                       
DEA3K46,529900LPNDM820A7VJ28,"Versorgungswerk der Ärztekammer Bremen",,"Schwachhauser Heerstraße 24, 28209, Bremen",Defined benefits,,                                                                                                                                                                                                                                                                                                                                                                                                                                                                                                                                                                                                                                                                                                                                                                                                                                                                                                  
DEA3HN3,391200VU1K8EAKCPFH28,"Versorgungswerk der Ärztekammer des Saarlandes",,"Faktoreistraße 4, 66111, Saarbrücken",Defined benefits,,                                                                                                                                                                                                                                                                                                                                                                                                                                                                                                                                                                                                                                                                                                                                                                                                                                                                                                
DEALEMC,529900GW6FZ0PWGO0649,"Versorgungswerk der Ärztekammer Hamburg KdöR",,"Stadthausbrücke 12, 20355, Hamburg",Defined contributions,,                                                                                                                                                                                                                                                                                                                                                                                                                                                                                                                                                                                                                                                                                                                                                                                                                                                                                               
DEALPBK,5299004EHPOLEDUGKZ57,"Versorgungswerk der Ärztekammer Schleswig-Holstein",,"Bismarckallee 14-16, 23795, Bad Segeberg",Defined benefits,Yes,                                                                                                                                                                                                                                                                                                                                                                                                                                                                                                                                                                                                                                                                                                                                                                                                                                                                                     
DEAMKRA,391200ART1R0QUYU9153,"Versorgungswerk der Ingenieure in Mecklenburg-Vorpommern",,"Demmlerstraße 17, 19053, Schwerin",Defined benefits,,                                                                                                                                                                                                                                                                                                                                                                                                                                                                                                                                                                                                                                                                                                                                                                                                                                                                                         
DEAC67I,529900580D9ES0UX8O15,"Versorgungswerk der Ingenieurkammer Niedersachsen",,"Hohenzollernstraße 52, 30161, Hannover",Defined contributions,,                                                                                                                                                                                                                                                                                                                                                                                                                                                                                                                                                                                                                                                                                                                                                                                                                                                                                      
DEALEOC,529900QF9LCSBTICPB78,"Versorgungswerk der Landesapothekerkammer Hessen",,"Kuhwaldstraße 46, 60486, Frankfurt am Main",Defined benefits,,                                                                                                                                                                                                                                                                                                                                                                                                                                                                                                                                                                                                                                                                                                                                                                                                                                                                                        
DEA50F3,529900VINYPD5XNEVQ69,"Versorgungswerk der Landesärztekammer Hessen",,"Hanauer Landstraße 150, 60314, Frankfurt am Main",Defined benefits,,                                                                                                                                                                                                                                                                                                                                                                                                                                                                                                                                                                                                                                                                                                                                                                                                                                                                                      
DEA3LD9,391200IRH0FXAQ0FGI31,"Versorgungswerk der Landestierärztekammer Hessen",,"Bahnhofstraße 13, 65527, Niedernhausen",Defined benefits,,                                                                                                                                                                                                                                                                                                                                                                                                                                                                                                                                                                                                                                                                                                                                                                                                                                                                                            
DEAMKQW,391200QF8KMUCPHFP908,"Versorgungswerk der Landestierärztekammer Mecklenburg-Vorpommern",,"Potsdamer Straße 47, 14163, Berlin",Defined contributions,,                                                                                                                                                                                                                                                                                                                                                                                                                                                                                                                                                                                                                                                                                                                                                                                                                                                                           
DEAJI30,391200KXZVCUYUUEPW56,"Versorgungswerk der Landestierärztekammer Thüringen",,"Potsdamer Straße 47, 14163, Berlin",Defined contributions,,                                                                                                                                                                                                                                                                                                                                                                                                                                                                                                                                                                                                                                                                                                                                                                                                                                                                                        
DEAMKQ3,529900DPTSQM08LD5J26,"Versorgungswerk der Landeszahnärztekammer Thüringen",,"Barbarossahof 16, 99092, Erfurt",Defined benefits,,                                                                                                                                                                                                                                                                                                                                                                                                                                                                                                                                                                                                                                                                                                                                                                                                                                                                                                
DEALEHI,529900N76DJ2XX6PN752,"Versorgungswerk der Psychotherapeutenkammer NRW",,"Pempelforter Straße 11, 40213, Düsseldorf",Defined contributions,,                                                                                                                                                                                                                                                                                                                                                                                                                                                                                                                                                                                                                                                                                                                                                                                                                                                                                     
DEAMKPY,391200RRR8H5K9WSWB49,"Versorgungswerk der Psychotherapeutenkammer Schleswig-Holstein",,"Sophienblatt 92-94, 24114, Kiel",Defined benefits,,                                                                                                                                                                                                                                                                                                                                                                                                                                                                                                                                                                                                                                                                                                                                                                                                                                                                                     
DEA3EGC,5299000SN61P1REL5D34,"Versorgungswerk der Rechtsanwälte im Lande Hessen",,"Bockenheimer Landstraße 23, 60325, Frankfurt am Main",Defined benefits,,                                                                                                                                                                                                                                                                                                                                                                                                                                                                                                                                                                                                                                                                                                                                                                                                                                                                             
DEA5FQR,529900AAINIHSD3TEP23,"Versorgungswerk der Rechtsanwälte im Lande Nordrhein-Westfalen",,"Breite Strasse 67, 40213, Düsseldorf",Defined benefits,,                                                                                                                                                                                                                                                                                                                                                                                                                                                                                                                                                                                                                                                                                                                                                                                                                                                                                
DEAMKQ0,529900W78L0Y4IPSMP85,"Versorgungswerk der Rechtsanwälte in Baden-Württemberg",,"Hohe Straße 16, 70174, Stuttgart",Defined benefits,,                                                                                                                                                                                                                                                                                                                                                                                                                                                                                                                                                                                                                                                                                                                                                                                                                                                                                            
DEAMKQR,52990075S354ZEOK4286,"Versorgungswerk der Rechtsanwälte in Berlin",,"Walter-Benjamin-Platz 6, 10629, Berlin",Defined benefits,,                                                                                                                                                                                                                                                                                                                                                                                                                                                                                                                                                                                                                                                                                                                                                                                                                                                                                                 
DEALFGD,391200YA6ZNLWWCEY004,"Versorgungswerk der Rechtsanwälte in Brandenburg",,"Grillendamm 2, 14776, Brandenburg",Defined benefits,,                                                                                                                                                                                                                                                                                                                                                                                                                                                                                                                                                                                                                                                                                                                                                                                                                                                                                                 
DEAMKQD,529900WKJSEUJ4AH4F32,"Versorgungswerk der Rechtsanwälte in Mecklenburg-Vorpommern",,"Bleicherufer 9, 19053, Schwerin",Defined benefits,,                                                                                                                                                                                                                                                                                                                                                                                                                                                                                                                                                                                                                                                                                                                                                                                                                                                                                        
DEAMKPZ,529900SBSJ4HK4ATQX77,"Versorgungswerk der Rechtsanwälte in Sachsen-Anhalt",,"Breite Strasse 67, 40213, Düsseldorf",Defined benefits,,                                                                                                                                                                                                                                                                                                                                                                                                                                                                                                                                                                                                                                                                                                                                                                                                                                                                                           
DEALKF8,529900GOQJP27CC5C247,"Versorgungswerk der Rechtsanwälte in Thüringen",,"Lange Brücke 21, 99084, Erfurt",Defined contributions,,                                                                                                                                                                                                                                                                                                                                                                                                                                                                                                                                                                                                                                                                                                                                                                                                                                                                                                 
DEAMKR2,5299004VM3RLWP7NYU12,"Versorgungswerk der Rechtsanwältinnen und Rechtsanwälte in der Freien und Hansestadt Hamburg",,"Esplanade 39, 20354, Hamburg",Defined benefits,,                                                                                                                                                                                                                                                                                                                                                                                                                                                                                                                                                                                                                                                                                                                                                                                                                                                          
DEAMKR8,529900FOP5BRD7RXZO47,"Versorgungswerk der Rechtsanwaltskammer des Saarlandes",,"Am Schloßberg 5, 66119, Saarbrücken",Defined benefits,,                                                                                                                                                                                                                                                                                                                                                                                                                                                                                                                                                                                                                                                                                                                                                                                                                                                                                         
DEA3KRQ,5299009G9TUUGYGI9W68,"Versorgungswerk der rheinland-pfälzischen Rechtsanwaltskammern",,"Bahnhofplatz 7, 56068, Koblenz",Defined benefits,,                                                                                                                                                                                                                                                                                                                                                                                                                                                                                                                                                                                                                                                                                                                                                                                                                                                                                      
DEAMKQ1,529900V8C6KVDX5M6R80,"Versorgungswerk der Saarländischen Notarkammer",,"Rondell 3, 66424, Homburg",Defined benefits,,                                                                                                                                                                                                                                                                                                                                                                                                                                                                                                                                                                                                                                                                                                                                                                                                                                                                                                           
DEAC6M2,5299001F04PXSAH4RI95,"Versorgungswerk der Steuerberater im Land Nordrhein-Westfalen",,"Pempelforter Straße 11, 40213, Düsseldorf",Defined contributions,,                                                                                                                                                                                                                                                                                                                                                                                                                                                                                                                                                                                                                                                                                                                                                                                                                                                                       
DEAMKQ5,391200EFOIUDU64I3T97,"Versorgungswerk der Steuerberater in Baden-Württemberg",,"Sophienstraße 13, 70178, Stuttgart",Defined benefits,,                                                                                                                                                                                                                                                                                                                                                                                                                                                                                                                                                                                                                                                                                                                                                                                                                                                                                          
DEALF4J,529900YYI9JA33OKPL91,"Versorgungswerk der Steuerberater in Hessen",,"Pempelforter Straße 11, 40213, Düsseldorf",Defined contributions,,                                                                                                                                                                                                                                                                                                                                                                                                                                                                                                                                                                                                                                                                                                                                                                                                                                                                                         
DEAMKQ2,391200AI6TMGQZZHKD27,"Versorgungswerk der Steuerberater und Steuerbevollmächtigten im Freistaat Sachsen",,"Emil-Fuchs-Straße 2, 04105, Leipzig",Defined benefits,,                                                                                                                                                                                                                                                                                                                                                                                                                                                                                                                                                                                                                                                                                                                                                                                                                                                              
DEAMKQ4,391200CY2KHEO1KJXX05,"Versorgungswerk der Steuerberater und Steuerbevollmächtigten im Land Brandenburg",,"Tuchmacherstraße 48 B, 14482, Potsdam",Mixed,,                                                                                                                                                                                                                                                                                                                                                                                                                                                                                                                                                                                                                                                                                                                                                                                                                                                                        
DEAMKQB,391200RARSOYAB6TLQ58,"Versorgungswerk der Steuerberater und Steuerbevollmächtigten in Mecklenburg-Vorpommern",,"Ostseeallee 40, 18107, Rostock",Mixed,,                                                                                                                                                                                                                                                                                                                                                                                                                                                                                                                                                                                                                                                                                                                                                                                                                                                                         
DEAMKR3,5299006TQ1CREJ5JOS06,"Versorgungswerk der Steuerberater/Steuerberaterinnen und Wirtschaftsprüfer/Wirtschaftsprüferinnen im",,"Nell-Breuning-Allee 6, 66115, Saarbrücken",Defined benefits,,                                                                                                                                                                                                                                                                                                                                                                                                                                                                                                                                                                                                                                                                                                                                                                                                                                     
DEAMKQ7,391200PX0AEFSFW20U51,"Versorgungswerk der Steuerberaterinnen und Steuerberater im Land Schleswig-Holstein",,"Hopfenstraße 2d, 24114, Kiel",Defined benefits,,                                                                                                                                                                                                                                                                                                                                                                                                                                                                                                                                                                                                                                                                                                                                                                                                                                                                   
DEAMKQ8,529900Q21Q5W4KPBAZ98,"Versorgungswerk der Steuerberaterinnen und Steuerberater in Rheinland-Pfalz",,"Pempelforter Straße 11, 40213, Düsseldorf",Defined contributions,,                                                                                                                                                                                                                                                                                                                                                                                                                                                                                                                                                                                                                                                                                                                                                                                                                                                         
DEAMKQZ,,"Versorgungswerk der Steuerberaterinnen, Steuerberater und Steuerbevollmächtigten in Sachsen-Anhalt",,"Zum Domfelsen 4, 39104, Magdeburg",Defined benefits,,                                                                                                                                                                                                                                                                                                                                                                                                                                                                                                                                                                                                                                                                                                                                                                                                                                                                   
DEA5DE0,5299003UM2EKYDZNKM18,"Versorgungswerk der Tierärztekammer Nordrhein",,"Benrather Straße 8, 40213, Düsseldorf",Defined benefits,,                                                                                                                                                                                                                                                                                                                                                                                                                                                                                                                                                                                                                                                                                                                                                                                                                                                                                                
DEA3M1N,529900IHQJ5Q2HQ0ZQ29,"Versorgungswerk der Tierärztekammer Westfalen-Lippe",,"Goebenstraße 50, 48151, Münster",Defined benefits,,                                                                                                                                                                                                                                                                                                                                                                                                                                                                                                                                                                                                                                                                                                                                                                                                                                                                                                
DEALOGD,529900Z5WSAAJ3OTQU15,"Versorgungswerk der Wirtschaftsprüfer und der vereidigten Buchprüfer im Lande Nordrhein-Westfalen Kd",,"Lindenstraße87, 40233, Düsseldorf",Defined benefits,,                                                                                                                                                                                                                                                                                                                                                                                                                                                                                                                                                                                                                                                                                                                                                                                                                                             
DEA3LQO,5299002J42KNJQZUN166,"Versorgungswerk der Zahnärztekammer Berlin K.d.ö.R",,"Klaus-Groth-Straße 3, 14050, Berlin",Defined benefits,,                                                                                                                                                                                                                                                                                                                                                                                                                                                                                                                                                                                                                                                                                                                                                                                                                                                                                             
DEAMKQF,529900DB4YNCCI52OR79,"Versorgungswerk der Zahnärztekammer Hamburg",,"Weidestraße 122b, 22083, Hamburg",Defined benefits,,                                                                                                                                                                                                                                                                                                                                                                                                                                                                                                                                                                                                                                                                                                                                                                                                                                                                                                       
DEAMKQA,529900QS93X0V30TTO78,"Versorgungswerk der Zahnärztekammer Mecklenburg-Vorpommern",,"Wismarsche Straße 304, 19055, Schwerin",Defined benefits,,                                                                                                                                                                                                                                                                                                                                                                                                                                                                                                                                                                                                                                                                                                                                                                                                                                                                                  
DEA597Y,529900L2J72ZNZ9X1303,"Versorgungswerk der Zahnärztekammer Nordrhein",,"Am Seestern 8, 40547, Düsseldorf",Defined benefits,,                                                                                                                                                                                                                                                                                                                                                                                                                                                                                                                                                                                                                                                                                                                                                                                                                                                                                                     
DEAC7M2,529900MC9NZEHPFID748,"Versorgungswerk der Zahnärztekammer Schleswig-Holstein",,"Westring 496, 24106, Kiel",Defined benefits,,                                                                                                                                                                                                                                                                                                                                                                                                                                                                                                                                                                                                                                                                                                                                                                                                                                                                                                   
DEA5A10,529900EYDCDCB2U4XC12,"Versorgungswerk der Zahnärztekammer Westfalen-Lippe",,"Auf der Horst 30, 48147, Münster",Defined benefits,,                                                                                                                                                                                                                                                                                                                                                                                                                                                                                                                                                                                                                                                                                                                                                                                                                                                                                               
DEA4231,52990042STPZFI8FYX86,"VIFA Pensionsfonds AG",,"33 03, Schellendorffstraße 17/19, 14199, Berlin",Defined benefits,,                                                                                                                                                                                                                                                                                                                                                                                                                                                                                                                                                                                                                                                                                                                                                                                                                                                                                                              
DEA49J2,529900YKTRXXQA4Y8543,"VLAK VVaG Hannover",,"21 20, Mailänder Straße 4a, 30539, Hannover",Defined benefits,,                                                                                                                                                                                                                                                                                                                                                                                                                                                                                                                                                                                                                                                                                                                                                                                                                                                                                                                     
DEA4YNK,3912007QMY413ATGFK02,"WTW Pensionsfonds AG",,"Wettinerstraße 3, 65189, Wiesbaden",Defined benefits,,                                                                                                                                                                                                                                                                                                                                                                                                                                                                                                                                                                                                                                                                                                                                                                                                                                                                                                                            
DEA55L5,529900HAK1RR1W5F7E89,"Wuppertaler Pensionskasse VVaG",,"Moritzstraße 14, 42117, Wuppertal",Defined benefits,,                                                                                                                                                                                                                                                                                                                                                                                                                                                                                                                                                                                                                                                                                                                                                                                                                                                                                                                   
DEA39TY,529900H7OPL9TTLGYE60,"WWK Pensionsfonds Aktiengesellschaft",,"Marsstraße 37, 80335, München",Defined benefits,,                                                                                                                                                                                                                                                                                                                                                                                                                                                                                                                                                                                                                                                                                                                                                                                                                                                                                                                 
DEAMKR5,391200DMRO59GDRG8P16,"Zahnärzteversorgung Sachsen",,"Schützenhöhe 11, 01099, Dresden",Defined benefits,Yes,                                                                                                                                                                                                                                                                                                                                                                                                                                                                                                                                                                                                                                                                                                                                                                                                                                                                                                                     
DEALCN3,391200XTQO8DO3ORJG94,"Zentrales Versorgungswerk für das Dachdeckerhandwerk VVaG",,"4009, Gustav-Stresemann-Ring 7a, 65189, Wiesbaden",Defined benefits,,                                                                                                                                                                                                                                                                                                                                                                                                                                                                                                                                                                                                                                                                                                                                                                                                                                                                        
DEAMKR4,,"Zusatzversorgungskasse der Landesbank Baden-Württemberg",,"Am Hauptbahnhof 2, 70173, Stuttgart",Defined benefits,Yes,                                                                                                                                                                                                                                                                                                                                                                                                                                                                                                                                                                                                                                                                                                                                                                                                                                                                                                         
DEA3HJD,52990091NFMFNK7HV558,"Zusatzversorgungskasse der Steine- und Erden-Industrie u. des Betonsteinhandwerks VVaG Die Bayerische Pensionskasse",,"20 21, Bavariaring 23, 80336, München",Defined benefits,,                                                                                                                                                                                                                                                                                                                                                                                                                                                                                                                                                                                                                                                                                                                                                                                                                          
DEA3PE4,529900E6KZJWMC1CJA18,"Zusatzversorgungskasse des Baugewerbes AG",,"62 60, Wettinerstraße 7, 65189, Wiesbaden",Defined benefits,,                                                                                                                                                                                                                                                                                                                                                                                                                                                                                                                                                                                                                                                                                                                                                                                                                                                                                                
DEALCMG,3912001V1RJYY1RBKG93,"Zusatzversorgungskasse des Dachdeckerhandwerks VVaG",,"40 09, Gustav-Stresemann-Ring 7a, 65189, Wiesbaden",Defined benefits,,                                                                                                                                                                                                                                                                                                                                                                                                                                                                                                                                                                                                                                                                                                                                                                                                                                                                             
DEALCN0,52990076Z26ECWH9AR11,"Zusatzversorgungskasse des Gerüstbaugewerbes VVaG",,"62 80, Welfenstraße 4, 65189, Wiesbaden",Defined benefits,,                                                                                                                                                                                                                                                                                                                                                                                                                                                                                                                                                                                                                                                                                                                                                                                                                                                                                          
DEALCMQ,529900FWQI80UB1T5X96,"Zusatzversorgungskasse des Maler- und Lackiererhandwerks VVaG",,"62 69, Gustav-Stresemann-Ring 7, 65189, Wiesbaden",Defined benefits,,                                                                                                                                                                                                                                                                                                                                                                                                                                                                                                                                                                                                                                                                                                                                                                                                                                                                    
DEALCMJ,391200WXG03BZI2TIE64,"Zusatzversorgungskasse des Steinmetz- und Steinbildhauerhandwerks VVaG",,"Parkstraße 22, 65189, Wiesbaden",Defined benefits,,                                                                                                                                                                                                                                                                                                                                                                                                                                                                                                                                                                                                                                                                                                                                                                                                                                                                             
DEALCMI,967600RJG5SJZTT44F95,"Zusatzversorgungskasse für die Beschäftigten der Deutschen Brot- und Backwarenindustrie VVaG",,"33 04, Bochumer Straße 33, 40472, Düsseldorf",Defined benefits,,                                                                                                                                                                                                                                                                                                                                                                                                                                                                                                                                                                                                                                                                                                                                                                                                                                          
DEALCMO,391200Z7WM1SX3FQN608,"Zusatzversorgungskasse für die Beschäftigten des Deutschen Bäckerhandwerks VVaG",,"Bondorfer Straße 23, 53604, Bad Honnef",Defined benefits,,                                                                                                                                                                                                                                                                                                                                                                                                                                                                                                                                                                                                                                                                                                                                                                                                                                                             
DEALCMY,391200KGC9UVPZJHXI51,"Zusatzversorgungswerk für Arbeitnehmer in der Land- und Forstwirtschaft - ZLF VVaG",,"41 03, Druseltalstraße 51, 34131, Kassel",Defined benefits,,                                                                                                                                                                                                                                                                                                                                                                                                                                                                                                                                                                                                                                                                                                                                                                                                                                                        
