CÓDIGO EUROPEO,LEI,NOMBRE,DIRECCIÓN,TIPO DE SEGURO,ENTIDAD MATRIZ                                                                                                                                                                                                                                                                                                                                                                                                                                                                                                                                                                                                                                                                                                                                                                                                                                                                                                                                                                      
SE5892018929,54930084KKJ4338WZX08,"ÅB Lokala Försäkringar Ömsesidigt Försäkringsbolag","Box 41, 841 2, ÅNGE",no-vida,                                                                                                                                                                                                                                                                                                                                                                                                                                                                                                                                                                                                                                                                                                                                                                                                                                                                                                                   
SE5164016577,549300Z4D83S449HBR75,"Accept Försäkringsaktiebolag (publ)","Gustavslundsvägen 147, 167 5, Bromma",no-vida,                                                                                                                                                                                                                                                                                                                                                                                                                                                                                                                                                                                                                                                                                                                                                                                                                                                                                                                 
SE5164114117,,"AIG Europe S.A. filial i Sverige","Västra Järnvägsgatan 7, 111 6, Stockholm",no-vida,LURCSB0218806                                                                                                                                                                                                                                                                                                                                                                                                                                                                                                                                                                                                                                                                                                                                                                                                                                                                                                                       
SE5785007864,54930070IRP3OCHAZF45,"Åkerbo Härads Brandstodsbolag","Viby, 732 9, ARBOGA",no-vida,                                                                                                                                                                                                                                                                                                                                                                                                                                                                                                                                                                                                                                                                                                                                                                                                                                                                                                                                        
SE5164138439,,"Alandia Försäkring Abp, Svensk filial","Kungsgatan 42, 111 3, Stockholm",no-vida,FI01450652                                                                                                                                                                                                                                                                                                                                                                                                                                                                                                                                                                                                                                                                                                                                                                                                                                                                                                                              
SE5164135914,,"Ålands Försäkringar, svensk filial","Kungsgatan 64, 111 2, Stockholm",no-vida,FI31256762                                                                                                                                                                                                                                                                                                                                                                                                                                                                                                                                                                                                                                                                                                                                                                                                                                                                                                                                 
SE5594563321,529900M4F4SG7ZBTZF71,"Alleima Captive Försäkrings AB","Storgatan 2, 811 8, Sandviken",no-vida,                                                                                                                                                                                                                                                                                                                                                                                                                                                                                                                                                                                                                                                                                                                                                                                                                                                                                                                             
SE5164086547,,"Allianz Global Corporate & Specialty AG","Regeringsgatan 54, 111 5, Stockholm",no-vida,DEA00PQ                                                                                                                                                                                                                                                                                                                                                                                                                                                                                                                                                                                                                                                                                                                                                                                                                                                                                                                           
SE5164076233,,"Allianz Trade, filial Sverige","Döbelnsgatan 24, 113 5, Stockholm",no-vida,BE0403248596                                                                                                                                                                                                                                                                                                                                                                                                                                                                                                                                                                                                                                                                                                                                                                                                                                                                                                                                  
SE5020005202,5493005NQWKA5HHLR582,"Allmänna Änke- och Pupillkassan i Sverige","Munkbron 9, 111 2, STOCKHOLM",vida,                                                                                                                                                                                                                                                                                                                                                                                                                                                                                                                                                                                                                                                                                                                                                                                                                                                                                                                      
SE5844010180,,"Älvdalens hästförsäkringsförening","Loka Yronvägen 10, 796 9, Älvdalen",no-vida,                                                                                                                                                                                                                                                                                                                                                                                                                                                                                                                                                                                                                                                                                                                                                                                                                                                                                                                                         
SE5494010381,,"Älvsåkers hästförsäkringsbolag","Linbastavägen 12, 434 9, Kungsbacka",no-vida,                                                                                                                                                                                                                                                                                                                                                                                                                                                                                                                                                                                                                                                                                                                                                                                                                                                                                                                                           
SE5020008958,5493008DQORAEY0ENG84,"Anticimex Försäkringar AB","Årstaängsvägen 21, 117 6, Stockholm",no-vida,                                                                                                                                                                                                                                                                                                                                                                                                                                                                                                                                                                                                                                                                                                                                                                                                                                                                                                                            
SE5896007043,,"Arnäs ömsesidiga hästförsäkringsförening","Lunne, 890 3, Arnäsvall",no-vida,                                                                                                                                                                                                                                                                                                                                                                                                                                                                                                                                                                                                                                                                                                                                                                                                                                                                                                                                             
SE8780000124,549300PRZD0UE1DQ7P12,"ASB Försäkringsförening","Domkyrkoesplanaden 7, 722 1, Västerås",no-vida,                                                                                                                                                                                                                                                                                                                                                                                                                                                                                                                                                                                                                                                                                                                                                                                                                                                                                                                            
SE5280011312,,"Åsenhöga m fl socknars hästförsäkringsbolag","Hyltan, 335 9, Gnosjö",no-vida,                                                                                                                                                                                                                                                                                                                                                                                                                                                                                                                                                                                                                                                                                                                                                                                                                                                                                                                                            
SE5164060740,549300LO454LXHC0IN69,"Assa Abloy Försäkrings AB","Klarabergsviadukten 90, 111 6, STOCKHOLM",no-vida,                                                                                                                                                                                                                                                                                                                                                                                                                                                                                                                                                                                                                                                                                                                                                                                                                                                                                                                       
SE5164017658,54930042KX1HU5U9JB93,"Återförsäkringsaktiebolaget SKF","Hornsgatan 1, 415 0, GÖTEBORG",no-vida,                                                                                                                                                                                                                                                                                                                                                                                                                                                                                                                                                                                                                                                                                                                                                                                                                                                                                                                            
SE5164104274,,"Atradius, filial till Atradius Crédito y Caucion S.A. de Seguros y Reaseguros","Rådmansgatan 69, 113 6, Stockholm",no-vida,ESA28008795                                                                                                                                                                                                                                                                                                                                                                                                                                                                                                                                                                                                                                                                                                                                                                                                                                                                                   
SE5164115072,,"AXA France IARD,Svensk filial","Elefanten Mindre 1, 111 5, Stockholm",no-vida,FR722057460                                                                                                                                                                                                                                                                                                                                                                                                                                                                                                                                                                                                                                                                                                                                                                                                                                                                                                                                
SE5164115080,,"AXA France vie, Svensk filial","Elefanten Mindre 1, 111 5, Stockholm",vida,FR310499959                                                                                                                                                                                                                                                                                                                                                                                                                                                                                                                                                                                                                                                                                                                                                                                                                                                                                                                                   
SE5569501199,636700SJ7QL99BKODY81,"Axfood Försäkrings AB","107 6, Stockholm",no-vida,                                                                                                                                                                                                                                                                                                                                                                                                                                                                                                                                                                                                                                                                                                                                                                                                                                                                                                                                                   
SE8020055102,8945004YG9R0WOZ6UR16,"BEGRAVNINGSUNDERSTÖDSFÖRENINGEN WILH LAURENTZ","Hornsbergs Strand 15, 112 1, Stockholm",,                                                                                                                                                                                                                                                                                                                                                                                                                                                                                                                                                                                                                                                                                                                                                                                                                                                                                                            
SE5164135831,,"Berkshire Hathaway European Insurance DAC, Filial Sverige","Nybrogatan 55, 114 4",no-vida,IEC182407                                                                                                                                                                                                                                                                                                                                                                                                                                                                                                                                                                                                                                                                                                                                                                                                                                                                                                                      
SE5020066329,5493001KRG51PGCGPI84,"Bliwa Livförsäkring, ömsesidigt","Biblioteksgatan 29, 111 4, STOCKHOLM",vida,                                                                                                                                                                                                                                                                                                                                                                                                                                                                                                                                                                                                                                                                                                                                                                                                                                                                                                                        
SE5164016585,549300UBWIKCDM7RVI96,"Bliwa Skadeförsäkring AB (publ)","Box 5, Box 13076, 103 0, STOCKHOLM",no-vida,                                                                                                                                                                                                                                                                                                                                                                                                                                                                                                                                                                                                                                                                                                                                                                                                                                                                                                                       
SE5164060567,213800HD17UKYN8WOQ74,"BNP Paribas Cardif Försäkring AB","Mölndalsbro 5, 431 3, Mölndal",no-vida,                                                                                                                                                                                                                                                                                                                                                                                                                                                                                                                                                                                                                                                                                                                                                                                                                                                                                                                           
SE5164060559,213800KQ2VVX3JK26M30,"BNP Paribas Cardif Livförsäkring AB","Mölndalsbro 5, 431 3, Mölndal",vida,                                                                                                                                                                                                                                                                                                                                                                                                                                                                                                                                                                                                                                                                                                                                                                                                                                                                                                                           
SE5164060211,549300KOJKUWC0T6GZ17,"Bohlinsgruppen i Sverige Försäkring AB","Box 382, 101 2, Stockholm",no-vida,                                                                                                                                                                                                                                                                                                                                                                                                                                                                                                                                                                                                                                                                                                                                                                                                                                                                                                                         
SE5533006150,8945006R416H780G3A72,"Bohusassuransen Försäkringsbolag Ömsesidigt","Svanvik 510, 471 7, HJÄLTEBY",no-vida,                                                                                                                                                                                                                                                                                                                                                                                                                                                                                                                                                                                                                                                                                                                                                                                                                                                                                                                 
SE5546003921,549300J3T9N652WZIN23,"Bohusläns Allmänna Sjöförsäkringsförening","Rosviksgatan 5, 453 3, Lysekil",no-vida,                                                                                                                                                                                                                                                                                                                                                                                                                                                                                                                                                                                                                                                                                                                                                                                                                                                                                                                 
SE5546003913,549300HDJ1NDQPAC4936,"Bohuslänska Strandlägenas Brandförsäkringsförening","Bäckevikstorget 1, 456 3, KUNGSHAMN",no-vida,                                                                                                                                                                                                                                                                                                                                                                                                                                                                                                                                                                                                                                                                                                                                                                                                                                                                                                   
SE8947006295,,"Bolidengruvornas arbetares försäkringsförening","Finnforsvägen 4, 936 3, Boliden",,                                                                                                                                                                                                                                                                                                                                                                                                                                                                                                                                                                                                                                                                                                                                                                                                                                                                                                                                      
SE8350004399,5493005Y8AOOOA5X0S16,"Borgerskapet De Äldeste Carlskrona Försäkringsförening","Borgmästaregatan 9, 371 1, Karlskrona",,                                                                                                                                                                                                                                                                                                                                                                                                                                                                                                                                                                                                                                                                                                                                                                                                                                                                                                    
SE5720004935,549300MJN54ONOQRHV07,"Brunskogs Försäkringsbolag","Edanevägen 33, 671 7, EDANE",no-vida,                                                                                                                                                                                                                                                                                                                                                                                                                                                                                                                                                                                                                                                                                                                                                                                                                                                                                                                                   
SE8020055128,,"Bryggeritjänstemannaföreningen understödsförening","Evenemangsgatan 31, 169 0, Solna",,                                                                                                                                                                                                                                                                                                                                                                                                                                                                                                                                                                                                                                                                                                                                                                                                                                                                                                                                  
SE5164035601,,"Chubb European Group SE, Sverige filial","Box 8, ST.ERIKSGATAN 44/P.O.BOX 12890, 101 3, Stockholm",no-vida,                                                                                                                                                                                                                                                                                                                                                                                                                                                                                                                                                                                                                                                                                                                                                                                                                                                                                                              
SE5164044074,,"Chubb Life Europe SE, filial Sverige","Box 8, ST.ERIKSGATAN 44/P.O.BOX 12890, 101 3, Stockholm",vida,                                                                                                                                                                                                                                                                                                                                                                                                                                                                                                                                                                                                                                                                                                                                                                                                                                                                                                                    
SE5020008842,549300JNTC1CISKDAP56,"Cosa Försäkrings AB i likvidation","Järnvågsgatan 3, 413 2, Göteborg",no-vida,                                                                                                                                                                                                                                                                                                                                                                                                                                                                                                                                                                                                                                                                                                                                                                                                                                                                                                                       
SE5832014905,549300E27A0C6B4P7S04,"Dalarnas Försäkringsbolag","Slaggatan 7, 791 7, FALUN",no-vida,                                                                                                                                                                                                                                                                                                                                                                                                                                                                                                                                                                                                                                                                                                                                                                                                                                                                                                                                      
SE5164018029,549300G7RXJGBKXJFU58,"Dina Försäkring AB","Skeppsbron 2, 111 3, STOCKHOLM",no-vida,                                                                                                                                                                                                                                                                                                                                                                                                                                                                                                                                                                                                                                                                                                                                                                                                                                                                                                                                        
SE5672004818,549300UBLLK7WAAJEN73,"Dina Försäkringar Göta Ömsesidigt","Sjukhusgatan 7, 553 0, JÖNKÖPING",no-vida,                                                                                                                                                                                                                                                                                                                                                                                                                                                                                                                                                                                                                                                                                                                                                                                                                                                                                                                       
SE5865005135,549300LZMBUJIM01QM51,"Dina Försäkringar Mitt, ömsesidigt","Södra Kyrkvägen 3, 821 3, BOLLNÄS",no-vida,                                                                                                                                                                                                                                                                                                                                                                                                                                                                                                                                                                                                                                                                                                                                                                                                                                                                                                                     
SE5896006581,549300O547MHDSN1EG08,"Dina Försäkringar Nord ömsesidigt","Storgatan 136, 881 4, SOLLEFTEÅ",no-vida,                                                                                                                                                                                                                                                                                                                                                                                                                                                                                                                                                                                                                                                                                                                                                                                                                                                                                                                        
SE5320001372,549300QKCMLKUDKFOT65,"Dina Försäkringar Syd","Svensknabbevägen 15, 393 5, Kalmar",no-vida,                                                                                                                                                                                                                                                                                                                                                                                                                                                                                                                                                                                                                                                                                                                                                                                                                                                                                                                                 
SE5684005209,549300YUKHJ6PLHY0U20,"Dina Försäkringar Väst ömsesidigt","Krokslätts Fabriker 38, 431 3, MÖLNDAL",no-vida,                                                                                                                                                                                                                                                                                                                                                                                                                                                                                                                                                                                                                                                                                                                                                                                                                                                                                                                 
SE5164061078,549300O44NE5B3Z4J719,"Dirual Försäkrings AB","S:t Göransgatan 160, 104 2, Stockholm",no-vida,                                                                                                                                                                                                                                                                                                                                                                                                                                                                                                                                                                                                                                                                                                                                                                                                                                                                                                                              
SE5572126604,549300D6F3HPPIGHF269,"Donsö-Vrångö Båtförsäkringsbolag","Donsö Hamnväg 33, 430 8, DONSÖ",no-vida,                                                                                                                                                                                                                                                                                                                                                                                                                                                                                                                                                                                                                                                                                                                                                                                                                                                                                                                          
SE5591660617,984500C5DDAEEBD91278,"Eir Försäkring AB","Box 3132, 103 6, Stockholm",no-vida,                                                                                                                                                                                                                                                                                                                                                                                                                                                                                                                                                                                                                                                                                                                                                                                                                                                                                                                                             
SE5164017666,549300425KLIS1SGB158,"Electrolux Försäkringsaktiebolag","c/o AB Electrolux, 105 4, STOCKHOLM",no-vida,                                                                                                                                                                                                                                                                                                                                                                                                                                                                                                                                                                                                                                                                                                                                                                                                                                                                                                                     
SE5164109208,,"ERGO Försäkring Filial","Hantverkargatan 11, 112 2, Stockholm",no-vida,DK62940514                                                                                                                                                                                                                                                                                                                                                                                                                                                                                                                                                                                                                                                                                                                                                                                                                                                                                                                                        
SE5164060534,549300CNSS98IRPSQG47,"Ericsson Insurance (Försäkring) AB","Box 27093, 102 5, STOCKHOLM",no-vida,                                                                                                                                                                                                                                                                                                                                                                                                                                                                                                                                                                                                                                                                                                                                                                                                                                                                                                                           
SE5164018581,549300L7DZ5ENOPSSP55,"ERIKA Försäkringsaktiebolag (publ)","Box 5, Strandvägen 13, 114 5, STOCKHOLM",no-vida,                                                                                                                                                                                                                                                                                                                                                                                                                                                                                                                                                                                                                                                                                                                                                                                                                                                                                                               
SE5164018540,549300BF71KX1B0RNN21,"Essity Försäkringsaktiebolag","Klarabergsviadukten 63, 111 6, STOCKHOLM",no-vida,                                                                                                                                                                                                                                                                                                                                                                                                                                                                                                                                                                                                                                                                                                                                                                                                                                                                                                                    
SE5164016783,213800SVWPI61VFM1173,"Euro Accident Livförsäkring AB","Svärdvägen 3, 352 3, Växjö",vida,                                                                                                                                                                                                                                                                                                                                                                                                                                                                                                                                                                                                                                                                                                                                                                                                                                                                                                                                   
SE5592037708,2549001WBWKZBUAKKP76,"Evident Life Försäkring AB","Kungsgatan 8, 111 4, Stockholm",vida,                                                                                                                                                                                                                                                                                                                                                                                                                                                                                                                                                                                                                                                                                                                                                                                                                                                                                                                                   
SE5870003414,,"Färila assuransförsäkringsförening för svinkreatur","Valla 1448, 820 4, Färila",no-vida,                                                                                                                                                                                                                                                                                                                                                                                                                                                                                                                                                                                                                                                                                                                                                                                                                                                                                                                                 
SE5870003364,,"Färila hästförsäkringsförening","Vallängesvägen 5, 820 4, Färila",no-vida,                                                                                                                                                                                                                                                                                                                                                                                                                                                                                                                                                                                                                                                                                                                                                                                                                                                                                                                                               
SE8460014411,54930038RRZR0K4SWY98,"FGDO:S /FÖR GAMLA DRUID-ORDENS/ I SVERIGE U:FÖR","Möllebogatan 17, 212 3, Malmö",,                                                                                                                                                                                                                                                                                                                                                                                                                                                                                                                                                                                                                                                                                                                                                                                                                                                                                                                   
SE5164108069,,"FM Insurance Europe S.A. filial","Birger Jarlsgatan 27, 103 6, Stockholm",no-vida,LURCSB0211309                                                                                                                                                                                                                                                                                                                                                                                                                                                                                                                                                                                                                                                                                                                                                                                                                                                                                                                          
SE5164018607,549300HADQTZOF2QNJ52,"Folksam Fondförsäkringsaktiebolag (publ)","Bohusgatan, 106 6, STOCKHOLM",vida,                                                                                                                                                                                                                                                                                                                                                                                                                                                                                                                                                                                                                                                                                                                                                                                                                                                                                                                       
SE5020061585,549300R930V9XXBC0H73,"Folksam ömsesidig livförsäkring","Bohusgatan 14, 116 6, STOCKHOLM",vida,                                                                                                                                                                                                                                                                                                                                                                                                                                                                                                                                                                                                                                                                                                                                                                                                                                                                                                                             
SE5020061619,5493003384H0SVUD4J19,"Folksam ömsesidig sakförsäkring","Bohusgatan 14, 116 6, STOCKHOLM",no-vida,                                                                                                                                                                                                                                                                                                                                                                                                                                                                                                                                                                                                                                                                                                                                                                                                                                                                                                                          
SE5164017724,,"Förlanda sockens nötkreatursförsäkringsförening","Söderskogsvägen 72, 430 3, Fjärås",no-vida,                                                                                                                                                                                                                                                                                                                                                                                                                                                                                                                                                                                                                                                                                                                                                                                                                                                                                                                            
SE5164018185,213800WU7JAT2S7IDL38,"Försäkrings AB Göta Lejon","Johan Willins Gata 5, 416 6, GÖTEBORG",no-vida,                                                                                                                                                                                                                                                                                                                                                                                                                                                                                                                                                                                                                                                                                                                                                                                                                                                                                                                          
SE5164017872,549300QV16IJ3XPAFM73,"Försäkrings AB Suecia","Sergels Torg 2, 111 5, STOCKHOLM",no-vida,                                                                                                                                                                                                                                                                                                                                                                                                                                                                                                                                                                                                                                                                                                                                                                                                                                                                                                                                   
SE5164018003,549300Y3H3YIK6S2H942,"Försäkringsaktiebolaget Agria (publ)","Tegeluddsvägen 11-13, 115 4, STOCKHOLM",no-vida,                                                                                                                                                                                                                                                                                                                                                                                                                                                                                                                                                                                                                                                                                                                                                                                                                                                                                                              
SE5164016775,549300YOVLCE1QPUYG87,"Försäkringsaktiebolaget Avanza Pension","Regeringsgatan 103, 111 3, STOCKHOLM",vida,                                                                                                                                                                                                                                                                                                                                                                                                                                                                                                                                                                                                                                                                                                                                                                                                                                                                                                                 
SE5164060302,54930003EM37Z8BNLB13,"Försäkringsaktiebolaget Portea","Jakobsbergsgatan 24, 111 4, STOCKHOLM",no-vida,                                                                                                                                                                                                                                                                                                                                                                                                                                                                                                                                                                                                                                                                                                                                                                                                                                                                                                                     
SE5020173083,549300NKKEOXL1K82T73,"Försäkringsaktiebolaget Skandia (publ)","Lindhagensgatan 86, 112 1, STOCKHOLM",vida,                                                                                                                                                                                                                                                                                                                                                                                                                                                                                                                                                                                                                                                                                                                                                                                                                                                                                                                 
SE5164018391,549300WHTQZEOUBAYR21,"Försäkringsaktiebolaget Vattenfall Insurance","Evenemangsgatan 13, 169 7, Solna",no-vida,                                                                                                                                                                                                                                                                                                                                                                                                                                                                                                                                                                                                                                                                                                                                                                                                                                                                                                            
SE5020146279,549300317R5EFVL43363,"Försäkringsbolaget PRI Pensionsgaranti, ömsesidigt","Regeringsgatan 28, 111 5, STOCKHOLM",no-vida,                                                                                                                                                                                                                                                                                                                                                                                                                                                                                                                                                                                                                                                                                                                                                                                                                                                                                                   
SE8250001099,549300H2AZAB8H2ZBN70,"Försäkringsföreningen Livkronan","Platensgatan 11, 582 2, Linköping",,                                                                                                                                                                                                                                                                                                                                                                                                                                                                                                                                                                                                                                                                                                                                                                                                                                                                                                                               
SE8750008834,,"Försäkringsföreningen Örebro Stads Hantverksidkares Sjuk- & Begravningsk","Engelbrektsgatan 30, 702 1, Örebro",vida,                                                                                                                                                                                                                                                                                                                                                                                                                                                                                                                                                                                                                                                                                                                                                                                                                                                                                                     
SE5732019848,,"Frykeruds sockens nya hästförsäkringsförening","Liseberg, 660 8, Fagerås",no-vida,                                                                                                                                                                                                                                                                                                                                                                                                                                                                                                                                                                                                                                                                                                                                                                                                                                                                                                                                       
SE5164016668,549300S8EMUTX4RWV181,"Gar-Bo Försäkring AB","Norrlandsgatan 15, 111 4, STOCKHOLM",no-vida,                                                                                                                                                                                                                                                                                                                                                                                                                                                                                                                                                                                                                                                                                                                                                                                                                                                                                                                                 
SE5832014764,,"Gärdsjö hästförsäkringsförening","Bergvägen 61, Blecket, 795 9, Rättvik",no-vida,                                                                                                                                                                                                                                                                                                                                                                                                                                                                                                                                                                                                                                                                                                                                                                                                                                                                                                                                        
SE5164070384,,"Gjensidige Forsikring ASA Norge, svensk filial","Box 3, Kungsgatan 47, 111 5, Stockholm",no-vida,NO0ECBM00333                                                                                                                                                                                                                                                                                                                                                                                                                                                                                                                                                                                                                                                                                                                                                                                                                                                                                                            
SE8572023342,549300LWD2WMEU37VQ40,"Göteborgs Fartygsbefälhavares Begravningskassa Försäkringsförening","Nordövägen 60, 430 8, Donsö",,                                                                                                                                                                                                                                                                                                                                                                                                                                                                                                                                                                                                                                                                                                                                                                                                                                                                                                  
SE5340006385,549300XCVT7CTS2BCJ15,"Gotlands läns fiskeriförsäkringsbolag","Grev Turegatan 53, 114 3, Stockholm",no-vida,                                                                                                                                                                                                                                                                                                                                                                                                                                                                                                                                                                                                                                                                                                                                                                                                                                                                                                                
SE5340006351,,"Gotlands södra härads Kreaturförsäkringsförening","Lye Rotarve 542, 623 6, Stånga",no-vida,                                                                                                                                                                                                                                                                                                                                                                                                                                                                                                                                                                                                                                                                                                                                                                                                                                                                                                                              
SE5490006763,,"Gunnarps med angränsande socknars försäkringsförening för häst och nötkreatur","Backagård, 310 6, Ätran",no-vida,                                                                                                                                                                                                                                                                                                                                                                                                                                                                                                                                                                                                                                                                                                                                                                                                                                                                                                        
SE5720004950,,"Gunnarskogs hästförsäkringsbolag","Årbotten, 670 3, Gunnarskog",no-vida,                                                                                                                                                                                                                                                                                                                                                                                                                                                                                                                                                                                                                                                                                                                                                                                                                                                                                                                                                 
SE5850015024,549300F2D1WKIFIIC195,"Hamrånge församlings kreatursförsäkringsförening","Totravägen 64, 817 4, Bergby",no-vida,                                                                                                                                                                                                                                                                                                                                                                                                                                                                                                                                                                                                                                                                                                                                                                                                                                                                                                            
SE5164018284,549300ZREX5LE3QJV792,"Handelsbanken Liv Försäkringsaktiebolag","Blasieholmstorg 12, 111 4, STOCKHOLM",vida,                                                                                                                                                                                                                                                                                                                                                                                                                                                                                                                                                                                                                                                                                                                                                                                                                                                                                                                
SE5164016767,549300KTSY7SULKO1K95,"Handelsbanken Skadeförsäkrings AB","Centrala Ekonomiavdelningen, 106 7, STOCKHOLM",no-vida,                                                                                                                                                                                                                                                                                                                                                                                                                                                                                                                                                                                                                                                                                                                                                                                                                                                                                                          
SE5164026071,,"Hannover Rück SE, Tyskland Filial","Hantverkargatan 25, 112 2, Stockholm",no-vida,DEA3KF3                                                                                                                                                                                                                                                                                                                                                                                                                                                                                                                                                                                                                                                                                                                                                                                                                                                                                                                                
SE5144008272,,"Häverö hästförsäkringsförening","Malmberga 2130, 763 9, Hallstavik",no-vida,                                                                                                                                                                                                                                                                                                                                                                                                                                                                                                                                                                                                                                                                                                                                                                                                                                                                                                                                             
SE5164026345,,"HDI Global Specialty SE, Sverige Filial","Vasagatan 16, 111 2, Stockholm",no-vida,DEA4NNK                                                                                                                                                                                                                                                                                                                                                                                                                                                                                                                                                                                                                                                                                                                                                                                                                                                                                                                                
SE5592455223,98450067D9TE013D8666,"Hedvig Försäkring AB","Tulegatan 2, 113 5, Stockholm",no-vida,                                                                                                                                                                                                                                                                                                                                                                                                                                                                                                                                                                                                                                                                                                                                                                                                                                                                                                                                       
SE5164078080,,"Help Forsikring AS, Norge, svensk filial","Kungsgatan 32, 111 3, Stockholm",no-vida,NO0ECBM00903                                                                                                                                                                                                                                                                                                                                                                                                                                                                                                                                                                                                                                                                                                                                                                                                                                                                                                                         
SE5164061250,636700M1C2TQ1AF5N896,"Hennes Insurance Försäkringsaktiebolag","Mäster Samuelsgatan 46, 106 3, Stockholm",no-vida,                                                                                                                                                                                                                                                                                                                                                                                                                                                                                                                                                                                                                                                                                                                                                                                                                                                                                                          
SE5880004113,,"Högsjö, Hemsö och Gudmundrå socknars brandförsäkringsbolag i likvidation","Nordanö 2673, 870 1, ÄLANDSBRO",no-vida,                                                                                                                                                                                                                                                                                                                                                                                                                                                                                                                                                                                                                                                                                                                                                                                                                                                                                                      
SE5164016510,213800KK4S2KUGIZZF60,"Holmia Livförsäkring AB","Box 5814, 102 4, STOCKHOLM",vida,                                                                                                                                                                                                                                                                                                                                                                                                                                                                                                                                                                                                                                                                                                                                                                                                                                                                                                                                          
SE5164018425,,"HSB Försäkrings AB (publ)","Box 8, 104 2, STOCKHOLM",no-vida,                                                                                                                                                                                                                                                                                                                                                                                                                                                                                                                                                                                                                                                                                                                                                                                                                                                                                                                                                            
SE5569662975,549300RHI4TYT0J84M39,"ICA Försäkring AB","Kolonnvägen 20, 169 7, Solna",no-vida,                                                                                                                                                                                                                                                                                                                                                                                                                                                                                                                                                                                                                                                                                                                                                                                                                                                                                                                                           
SE5567401590,213800ABRR23MAV8HT59,"Idun Liv Försäkring AB","Kungsgatan 37, 111 5, STOCKHOLM",vida,                                                                                                                                                                                                                                                                                                                                                                                                                                                                                                                                                                                                                                                                                                                                                                                                                                                                                                                                      
SE5164060252,549300DVVBP5RUR81I12,"IF Livförsäkring AB","Barks väg, 106 8, STOCKHOLM",vida,                                                                                                                                                                                                                                                                                                                                                                                                                                                                                                                                                                                                                                                                                                                                                                                                                                                                                                                                             
SE5164018102,5493000HIT9G4VHYFR25,"If Skadeförsäkring AB (publ)","Barks Väg 15, 170 7, Solna",no-vida,                                                                                                                                                                                                                                                                                                                                                                                                                                                                                                                                                                                                                                                                                                                                                                                                                                                                                                                                  
SE8020055359,549300D024KUQXYBDI04,"Ignis försäkringsförening","Sveavägen 116, 113 5, Stockholm",,                                                                                                                                                                                                                                                                                                                                                                                                                                                                                                                                                                                                                                                                                                                                                                                                                                                                                                                                       
SE5164017930,5493005WKWB77165H026,"Industria Försäkringsaktiebolag","Sickla Industriväg, 105 2, STOCKHOLM",no-vida,                                                                                                                                                                                                                                                                                                                                                                                                                                                                                                                                                                                                                                                                                                                                                                                                                                                                                                                     
SE5533006218,549300W63IWKGVXKU012,"Inlands Försäkringsbolag","Torggatan 2, 442 3, KUNGÄLV",no-vida,                                                                                                                                                                                                                                                                                                                                                                                                                                                                                                                                                                                                                                                                                                                                                                                                                                                                                                                                     
SE8460014627,,"KOMMUNALARB I MALMÖ OLYCKSFALLS- O BEGRAVNINGSKA","Södergatan 28, 211 3, Malmö",,                                                                                                                                                                                                                                                                                                                                                                                                                                                                                                                                                                                                                                                                                                                                                                                                                                                                                                                                        
SE5164060294,5493003XYT3N6X6T6Y22,"Kommunassurans Försäkring AB","Grynbodgatan 14, 211 3, MALMÖ",no-vida,                                                                                                                                                                                                                                                                                                                                                                                                                                                                                                                                                                                                                                                                                                                                                                                                                                                                                                                               
SE8340008724,549300HSAPEIK7PXHN76,"KÖPMANSGILLET I VISBY /UNDERSTÖDSFÖRENING/","Högklint Tullebovägen 13, 622 6, Visby",,                                                                                                                                                                                                                                                                                                                                                                                                                                                                                                                                                                                                                                                                                                                                                                                                                                                                                                               
SE5280011320,,"Kulltorp, Bredaryd och Forsheda Hästförsäkringsbolag inom Västbo och Östbo härader i likvidation","Sjögård, Kulltorp/Karlsson, 330 3, HILLERSTORP",no-vida,                                                                                                                                                                                                                                                                                                                                                                                                                                                                                                                                                                                                                                                                                                                                                                                                                                                              
SE5566607965,5493005OE8VXDJK80C65,"Kyrkans Försäkring AB (publ)","Västra Kyrkogatan 9, 722 1, VÄSTERÅS",no-vida,                                                                                                                                                                                                                                                                                                                                                                                                                                                                                                                                                                                                                                                                                                                                                                                                                                                                                                                        
SE5744004838,,"Långseruds sockens hästförsäkringsförening","Olebyn Nordtomta, 661 9, Långserud",no-vida,                                                                                                                                                                                                                                                                                                                                                                                                                                                                                                                                                                                                                                                                                                                                                                                                                                                                                                                                
SE5295017189,5493009XBAQR5KJN0H56,"Länsförsäkring Kronoberg","Kronobergsgatan 12, 352 3, VÄXJÖ",no-vida,                                                                                                                                                                                                                                                                                                                                                                                                                                                                                                                                                                                                                                                                                                                                                                                                                                                                                                                                
SE5020109681,549300FOASW7JFUQV048,"Länsförsäkringar AB (publ)","Tegeluddsvägen 11-13, 115 4, STOCKHOLM",no-vida,                                                                                                                                                                                                                                                                                                                                                                                                                                                                                                                                                                                                                                                                                                                                                                                                                                                                                                                        
SE5625004337,549300ETO51PZIDHJF83,"Länsförsäkringar Älvsborg","Vallgatan 21, 462 3, VÄNERSBORG",no-vida,                                                                                                                                                                                                                                                                                                                                                                                                                                                                                                                                                                                                                                                                                                                                                                                                                                                                                                                                
SE5780009956,5493003P1RTQL7H1IL47,"Länsförsäkringar Bergslagen ömsesidigt","Stora Gatan 41, 722 1, VÄSTERÅS",no-vida,                                                                                                                                                                                                                                                                                                                                                                                                                                                                                                                                                                                                                                                                                                                                                                                                                                                                                                                   
SE5362010505,549300MBOU6UT16LE725,"Länsförsäkringar Blekinge","Drottninggatan 56, 374 3, KARLSHAMN",no-vida,                                                                                                                                                                                                                                                                                                                                                                                                                                                                                                                                                                                                                                                                                                                                                                                                                                                                                                                            
SE5850013086,5493007WA96NJPICCQ64,"Länsförsäkringar Gävleborg","Drottninggatan 35, 803 1, GÄVLE",no-vida,                                                                                                                                                                                                                                                                                                                                                                                                                                                                                                                                                                                                                                                                                                                                                                                                                                                                                                                               
SE5370002320,549300O34IRPNDKVOL66,"Länsförsäkringar Göinge - Kristianstad","Tivoligatan 6, 291 3, KRISTIANSTAD",no-vida,                                                                                                                                                                                                                                                                                                                                                                                                                                                                                                                                                                                                                                                                                                                                                                                                                                                                                                                
SE5585008039,549300158FD35SI11146,"Länsförsäkringar Göteborg och Bohuslän","Vestagatan 6, 416 6, GÖTEBORG",no-vida,                                                                                                                                                                                                                                                                                                                                                                                                                                                                                                                                                                                                                                                                                                                                                                                                                                                                                                                     
SE5340006369,549300YV84UIKNPWY248,"Länsförsäkringar Gotland","Österväg 17, 621 4, VISBY",no-vida,                                                                                                                                                                                                                                                                                                                                                                                                                                                                                                                                                                                                                                                                                                                                                                                                                                                                                                                                       
SE5164016692,5493000PQMGYILN5JL39,"Länsförsäkringar Grupplivförsäkringsaktiebolag","Tegeluddsvägen 11-13, 115 4, STOCKHOLM",vida,                                                                                                                                                                                                                                                                                                                                                                                                                                                                                                                                                                                                                                                                                                                                                                                                                                                                                                       
SE5492020028,5493001TE8W5PRSJM995,"Länsförsäkringar Halland","Strandgatan 10, 302 4, HALMSTAD",no-vida,                                                                                                                                                                                                                                                                                                                                                                                                                                                                                                                                                                                                                                                                                                                                                                                                                                                                                                                                 
SE5932001828,549300XWI3NOMNS6SF96,"Länsförsäkringar Jämtland","Prästgatan 18, 831 3, ÖSTERSUND",no-vida,                                                                                                                                                                                                                                                                                                                                                                                                                                                                                                                                                                                                                                                                                                                                                                                                                                                                                                                                
SE5260005854,5493000Q2JJX57BCJS94,"Länsförsäkringar Jönköping","Barnarpsgatan 22, 553 1, JÖNKÖPING",no-vida,                                                                                                                                                                                                                                                                                                                                                                                                                                                                                                                                                                                                                                                                                                                                                                                                                                                                                                                            
SE5324003549,549300ZIBFSEB6J3YC82,"Länsförsäkringar Kalmar län","Norra Långgatan 17, 392 3, KALMAR",no-vida,                                                                                                                                                                                                                                                                                                                                                                                                                                                                                                                                                                                                                                                                                                                                                                                                                                                                                                                            
SE5970003884,549300PS17WP0XM3H834,"Länsförsäkringar Norrbotten","Köpmangatan 42, 972 3, LULEÅ",no-vida,                                                                                                                                                                                                                                                                                                                                                                                                                                                                                                                                                                                                                                                                                                                                                                                                                                                                                                                                 
SE5220011224,5493008Z8AK11QIL1E97,"Länsförsäkringar Östgöta","Platensgatan 11, 582 2, LINKÖPING",no-vida,                                                                                                                                                                                                                                                                                                                                                                                                                                                                                                                                                                                                                                                                                                                                                                                                                                                                                                                               
SE5430010685,5493004VTB6CY1J23A74,"Länsförsäkringar Skåne - ömsesidigt","Stora Varvsgatan 11, 211 7, Malmö",no-vida,                                                                                                                                                                                                                                                                                                                                                                                                                                                                                                                                                                                                                                                                                                                                                                                                                                                                                                                    
SE5660006866,549300TEQL67BBX6IC37,"Länsförsäkringar Skaraborg - ömsesidigt","Rådhusgatan 8, 541 3, SKÖVDE",no-vida,                                                                                                                                                                                                                                                                                                                                                                                                                                                                                                                                                                                                                                                                                                                                                                                                                                                                                                                     
SE5190006519,549300FODMCPNDOQYJ97,"Länsförsäkringar Södermanland","Västra Storgatan 4, 611 3, NYKÖPING",no-vida,                                                                                                                                                                                                                                                                                                                                                                                                                                                                                                                                                                                                                                                                                                                                                                                                                                                                                                                        
SE5020026265,5493008ZFGFJ23EBO024,"Länsförsäkringar Stockholm","Valhallavägen 215, 115 5, Stockholm",no-vida,                                                                                                                                                                                                                                                                                                                                                                                                                                                                                                                                                                                                                                                                                                                                                                                                                                                                                                                           
SE5176009529,549300JXP4P6MQ77ER08,"Länsförsäkringar Uppsala","Muningatan 1, 754 5, UPPSALA",no-vida,                                                                                                                                                                                                                                                                                                                                                                                                                                                                                                                                                                                                                                                                                                                                                                                                                                                                                                                                    
SE5732018329,549300EDSMKC21M1KZ02,"Länsförsäkringar Värmland","Köpmannagatan 2, 652 2, KARLSTAD",no-vida,                                                                                                                                                                                                                                                                                                                                                                                                                                                                                                                                                                                                                                                                                                                                                                                                                                                                                                                               
SE5940013161,549300KGJJ7UXX044R60,"Länsförsäkringar Västerbotten","Rådhusesplanaden 13, 903 2, UMEÅ",no-vida,                                                                                                                                                                                                                                                                                                                                                                                                                                                                                                                                                                                                                                                                                                                                                                                                                                                                                                                           
SE5880003842,549300SDXZWL5UEC4E85,"Länsförsäkringar Västernorrland","Köpmangatan 13, 871 3, HÄRNÖSAND",no-vida,                                                                                                                                                                                                                                                                                                                                                                                                                                                                                                                                                                                                                                                                                                                                                                                                                                                                                                                         
SE5164135401,,"Liberty Mutual Insurance Europe SE, filial Sverige","Engelbrektsgatan 19, 114 3, Stockholm",no-vida,LURCSB0232280                                                                                                                                                                                                                                                                                                                                                                                                                                                                                                                                                                                                                                                                                                                                                                                                                                                                                                        
SE5340006419,,"Lina tings kreatursförsäkringsförening","c/o Gardelius Ekonomi&InvestAB Fole Prästgården, 621 7, Visby",no-vida,                                                                                                                                                                                                                                                                                                                                                                                                                                                                                                                                                                                                                                                                                                                                                                                                                                                                                                         
SE5164116922,,"Lloyd's Insurance Company SA, Filial i Sverige","Sveavägen 20, 111 5, Stockholm",no-vida,BE0682594839                                                                                                                                                                                                                                                                                                                                                                                                                                                                                                                                                                                                                                                                                                                                                                                                                                                                                                                    
SE5164060831,549300RLIK8ZJSRA1W02,"LMG Försäkrings AB","Box 2, Box 27093, 102 5, STOCKHOLM",no-vida,                                                                                                                                                                                                                                                                                                                                                                                                                                                                                                                                                                                                                                                                                                                                                                                                                                                                                                                                    
SE5164018557,549300P7W1YN3YLUR726,"Löf regionernas ömsesidiga försäkringsbolag","Medborgarplatsen 3, 118 2, STOCKHOLM",no-vida,                                                                                                                                                                                                                                                                                                                                                                                                                                                                                                                                                                                                                                                                                                                                                                                                                                                                                                         
SE5594005893,636700NTWXRQRXXS8U77,"Lysa Life Försäkring AB","Löjtnantsgatan 21, 115 5, Stockholm",vida,                                                                                                                                                                                                                                                                                                                                                                                                                                                                                                                                                                                                                                                                                                                                                                                                                                                                                                                                 
SE5740003867,549300STDT5WPDWHFW04,"Lysviks Försäkringsbolag","Backa 26, 686 9, LYSVIK",no-vida,                                                                                                                                                                                                                                                                                                                                                                                                                                                                                                                                                                                                                                                                                                                                                                                                                                                                                                                                         
SE5164061003,549300TML71VNFVDSK72,"Maiden General Försäkrings AB","Styckjunkargatan 1, 114 3, Stockholm",no-vida,                                                                                                                                                                                                                                                                                                                                                                                                                                                                                                                                                                                                                                                                                                                                                                                                                                                                                                                       
SE5164060468,549300G7VHAD3IV46I32,"Maiden Life Försäkrings AB","Styckjunkargatan 1, 114 3, STOCKHOLM",vida,                                                                                                                                                                                                                                                                                                                                                                                                                                                                                                                                                                                                                                                                                                                                                                                                                                                                                                                             
SE8250006791,,"Medicinfonden Öst Försäkringsförening","Östermalmsvägen 1, 612 8, Finspång",,                                                                                                                                                                                                                                                                                                                                                                                                                                                                                                                                                                                                                                                                                                                                                                                                                                                                                                                                            
SE5164060435,549300073ZZ8GVKW7N65,"Medicover Försäkrings AB (publ)","Riddargatan 12, 114 3, STOCKHOLM",no-vida,                                                                                                                                                                                                                                                                                                                                                                                                                                                                                                                                                                                                                                                                                                                                                                                                                                                                                                                         
SE5650007205,,"Mjöbäcks pastorats ömsesidiga hästförsäkringsbolag","Stoms Kulle, 512 6, Holsljunga",no-vida,                                                                                                                                                                                                                                                                                                                                                                                                                                                                                                                                                                                                                                                                                                                                                                                                                                                                                                                            
SE5164043811,,"Moderna Garanti, filial till Tryg Garantiforsikring A/S Danmark","Box 7, 103 9, Stockholm",no-vida,                                                                                                                                                                                                                                                                                                                                                                                                                                                                                                                                                                                                                                                                                                                                                                                                                                                                                                                      
SE5164018151,549300KFM40420ZS8P56,"NCC Försäkringsaktiebolag (publ)","Vallgatan 3, 170 6, SOLNA",no-vida,                                                                                                                                                                                                                                                                                                                                                                                                                                                                                                                                                                                                                                                                                                                                                                                                                                                                                                                               
SE5855006416,,"Nordanåsbo hästförsäkringsförening","Svartsbo 1943, 816 9, Ockelbo",no-vida,                                                                                                                                                                                                                                                                                                                                                                                                                                                                                                                                                                                                                                                                                                                                                                                                                                                                                                                                             
SE5164018508,529900MUOVW4H06TQA34,"Nordea Livförsäkring Sverige AB","Regeringsgatan 59, 111 5, STOCKHOLM",vida,                                                                                                                                                                                                                                                                                                                                                                                                                                                                                                                                                                                                                                                                                                                                                                                                                                                                                                                         
SE5164060112,54930056G44RPG2J3372,"Nordic Guarantee Försäkringsaktiebolag","Färögatan 33, 164 5, KISTA",no-vida,                                                                                                                                                                                                                                                                                                                                                                                                                                                                                                                                                                                                                                                                                                                                                                                                                                                                                                                        
SE5568628183,213800HQ67XMOLE7LL50,"Nordisk Marinförsäkring AB","Narvavägen 7, 114 6, STOCKHOLM",no-vida,                                                                                                                                                                                                                                                                                                                                                                                                                                                                                                                                                                                                                                                                                                                                                                                                                                                                                                                                
SE5744004812,549300C6JRLY1SMN1615,"Nordmarks Härads Försäkringsbolag","Sveavägen 37, 672 3, ÅRJÄNG",no-vida,                                                                                                                                                                                                                                                                                                                                                                                                                                                                                                                                                                                                                                                                                                                                                                                                                                                                                                                            
SE5572122348,549300ZBBZK1OTSRVR95,"Öckerö Sockens Ömsesidiga Båtförsäkringsbolag","Västra Vägen 15, 475 3, Öckerö",no-vida,                                                                                                                                                                                                                                                                                                                                                                                                                                                                                                                                                                                                                                                                                                                                                                                                                                                                                                             
SE5920005385,,"Offerdals hästförsäkringsförening","Lien 125, 830 5, Offerdal",no-vida,                                                                                                                                                                                                                                                                                                                                                                                                                                                                                                                                                                                                                                                                                                                                                                                                                                                                                                                                                  
SE5590972377,6488FMV497WG963B2E97,"Omocom Försäkring AB","Birkagatan 1, 113 3, Stockholm",,                                                                                                                                                                                                                                                                                                                                                                                                                                                                                                                                                                                                                                                                                                                                                                                                                                                                                                                                             
SE5376004098,,"Örkelljunga, Rya, Fagerhults och angränsande socknars hästförsäkringsförening","Yvenhult 7385, 280 4, Skånes Fagerhult",no-vida,                                                                                                                                                                                                                                                                                                                                                                                                                                                                                                                                                                                                                                                                                                                                                                                                                                                                                         
SE5585007627,549300TC13MFVNN2Z485,"Orusts Försäkringsbolag","Ängsvägen 16, 473 3, HENÅN",no-vida,                                                                                                                                                                                                                                                                                                                                                                                                                                                                                                                                                                                                                                                                                                                                                                                                                                                                                                                                       
SE5855006903,254900M5SAHC13FSL976,"Österfärnebo Sockens Brandförsäkringsbolag","Tallens väg 5, 811 9, ÖSTERFÄRNEBO",no-vida,                                                                                                                                                                                                                                                                                                                                                                                                                                                                                                                                                                                                                                                                                                                                                                                                                                                                                                            
SE5164060450,549300K8S4DBPPI2H530,"Praktikertjänst Försäkring AB","Adolf Fredriks Kyrkogata 9, 111 3, STOCKHOLM",no-vida,                                                                                                                                                                                                                                                                                                                                                                                                                                                                                                                                                                                                                                                                                                                                                                                                                                                                                                               
SE5164087339,529900PS73EVHFIR5O90,"Protector Försäkring Sverige, filial Protector Forsikring ASA Norge","Västra Trädgårdsgatan 15, 111 5, Stockholm",compuestos,NO0ECBM00705                                                                                                                                                                                                                                                                                                                                                                                                                                                                                                                                                                                                                                                                                                                                                                                                                                                            
SE5164115403,,"QBE Europe SA/NV, Filial Sverige","Kungsgatan 27, 111 5, Stockholm",no-vida,                                                                                                                                                                                                                                                                                                                                                                                                                                                                                                                                                                                                                                                                                                                                                                                                                                                                                                                                             
SE5888004602,9845004882CDCAC6D639,"Ramsele Försäkringsbolag","Storgatan 4, 880 4, RAMSELE",no-vida,                                                                                                                                                                                                                                                                                                                                                                                                                                                                                                                                                                                                                                                                                                                                                                                                                                                                                                                                     
SE5164018474,549300BD5NT692HIDY48,"Rentokil Försäkring AB","Arne Beurlings Torg 9, 164 4, Kista",no-vida,                                                                                                                                                                                                                                                                                                                                                                                                                                                                                                                                                                                                                                                                                                                                                                                                                                                                                                                               
SE5250028163,,"Ringarums hästförsäkringsförening","Risebo Sverkersholm, 614 9, Söderköping",no-vida,                                                                                                                                                                                                                                                                                                                                                                                                                                                                                                                                                                                                                                                                                                                                                                                                                                                                                                                                    
SE5164017948,549300APNVFUNYU1CZ28,"S:t Erik Försäkrings AB","Box 1, Beridarbansgatan 1, 111 5, STOCKHOLM",no-vida,                                                                                                                                                                                                                                                                                                                                                                                                                                                                                                                                                                                                                                                                                                                                                                                                                                                                                                                      
SE5164016742,5493009NMLU9EJP7OM50,"Sandvik Försäkrings AB","Box 510, 101 3, Stockholm",no-vida,                                                                                                                                                                                                                                                                                                                                                                                                                                                                                                                                                                                                                                                                                                                                                                                                                                                                                                                                         
SE5164060583,549300EDJ7XFGGAN5H70,"Sappisure Försäkrings AB","Primusgatan 20, 112 6, STOCKHOLM",no-vida,                                                                                                                                                                                                                                                                                                                                                                                                                                                                                                                                                                                                                                                                                                                                                                                                                                                                                                                                
SE8460014494,,"SIRIUSBRÖDERNAS ENSKILDA UNDERSTÖDSFÖR","Lagmansvägen 26, 245 4, Staffanstorp",,                                                                                                                                                                                                                                                                                                                                                                                                                                                                                                                                                                                                                                                                                                                                                                                                                                                                                                                                         
SE5164018136,4GQQ1LC5PZ0OUD5AO806,"SiriusPoint International Försäkringsaktiebolag (publ)","Fleminggatan 14, 112 2, STOCKHOLM",no-vida,                                                                                                                                                                                                                                                                                                                                                                                                                                                                                                                                                                                                                                                                                                                                                                                                                                                                                                 
SE8572015298,54930008EVE430C77Z15,"Sjökaptenernas i Göteborg pensionskassa, understödsförening","Norra Gubberogatan 13, 416 6, Göteborg",,                                                                                                                                                                                                                                                                                                                                                                                                                                                                                                                                                                                                                                                                                                                                                                                                                                                                                              
SE8020055292,549300G1G2MDMTO3FL52,"Sjökaptens-Societeten Försäkringsförening","Skeppsbron 10, 111 3, Stockholm",,                                                                                                                                                                                                                                                                                                                                                                                                                                                                                                                                                                                                                                                                                                                                                                                                                                                                                                                       
SE8020055300,549300BKNBH79KKEH517,"SJÖMANNAFÖRENINGEN, FÖRSÄKRINGSFÖRENING","Skeppsbron 10, 111 3, Stockholm",,                                                                                                                                                                                                                                                                                                                                                                                                                                                                                                                                                                                                                                                                                                                                                                                                                                                                                                                         
SE5164018664,549300ZNH2EK2L0LYF10,"Skanska Försäkrings AB","Warfvinges Väg 25, 112 5, STOCKHOLM",no-vida,                                                                                                                                                                                                                                                                                                                                                                                                                                                                                                                                                                                                                                                                                                                                                                                                                                                                                                                               
SE8340003519,549300RLA1MN4G5FRV41,"SKEPPARGILLET I VISBY /UNDERSTÖDSFÖRENING/","Magasinsgatan 7, 621 5, Visby",,                                                                                                                                                                                                                                                                                                                                                                                                                                                                                                                                                                                                                                                                                                                                                                                                                                                                                                                        
SE5164018482,529900JIV2O9HEPWIN77,"Solid Försäkringsaktiebolag","Landskronavägen 23, 252 3, HELSINGBORG",no-vida,                                                                                                                                                                                                                                                                                                                                                                                                                                                                                                                                                                                                                                                                                                                                                                                                                                                                                                                       
SE5164060732,5493007MJMI365DY8R63,"Sparbankernas Försäkrings AB","Upplandsgatan 19, 113 6, Stockholm",no-vida,                                                                                                                                                                                                                                                                                                                                                                                                                                                                                                                                                                                                                                                                                                                                                                                                                                                                                                                          
SE5164060963,549300P82SBNHJK5VC36,"Sparia Group Försäkrings AB","Swedbank Ab, 105 3, STOCKHOLM",no-vida,                                                                                                                                                                                                                                                                                                                                                                                                                                                                                                                                                                                                                                                                                                                                                                                                                                                                                                                                
SE5546004994,549300V0LN2TJZNI7K43,"Stångenäs Försäkringsbolag","Skeppargatan 4, 453 3, Lysekil",no-vida,                                                                                                                                                                                                                                                                                                                                                                                                                                                                                                                                                                                                                                                                                                                                                                                                                                                                                                                                
SE5678006296,,"Stentorps och Häggums m fl socknars hästförsäkringsförening","Klagstorpsvägen 3, 541 5, Skövde",no-vida,                                                                                                                                                                                                                                                                                                                                                                                                                                                                                                                                                                                                                                                                                                                                                                                                                                                                                                                 
SE5020026281,549300F8MFUTJLHMQ892,"Stockholms Stads Brandförsäkringskontor","Mynttorget 4, 111 2, STOCKHOLM",no-vida,                                                                                                                                                                                                                                                                                                                                                                                                                                                                                                                                                                                                                                                                                                                                                                                                                                                                                                                   
SE5164060641,21380079YPEPJWQNOZ83,"Stockholmsregionens Försäkring AB","Mäster Samuelsgatan 60, 111 2, STOCKHOLM",no-vida,                                                                                                                                                                                                                                                                                                                                                                                                                                                                                                                                                                                                                                                                                                                                                                                                                                                                                                               
SE5892018713,894500K579F8XY6HRQ19,"Stöde sockens Försäkringsbolag","Gyllenvägen 1, 864 4, STÖDE",no-vida,                                                                                                                                                                                                                                                                                                                                                                                                                                                                                                                                                                                                                                                                                                                                                                                                                                                                                                                               
SE5832014806,,"Sundborns hästförsäkringsförening","Blixbo 33, 790 1, Sundborn",no-vida,                                                                                                                                                                                                                                                                                                                                                                                                                                                                                                                                                                                                                                                                                                                                                                                                                                                                                                                                                 
SE5740004147,,"Sunne hästförsäkringsförening","Angersby, 686 0, Sunne",no-vida,                                                                                                                                                                                                                                                                                                                                                                                                                                                                                                                                                                                                                                                                                                                                                                                                                                                                                                                                                         
SE5164018466,549300BVPTJBMQF90I89,"Sveaskog Försäkringsaktiebolag","Pipers väg, 105 2, STOCKHOLM",no-vida,                                                                                                                                                                                                                                                                                                                                                                                                                                                                                                                                                                                                                                                                                                                                                                                                                                                                                                                              
SE5450007165,549300ZWNH1LAX82I476,"Sveland Djurförsäkringar, ömsesidigt","Stora Södergatan 47, 222 2, Lund",no-vida,                                                                                                                                                                                                                                                                                                                                                                                                                                                                                                                                                                                                                                                                                                                                                                                                                                                                                                                    
SE5590514906,894500QCGNMGKYNGJ620,"Svenska Fribrevsbolaget Försäkring AB","Ingenjör Bååths Gata 41, 722 1, Västerås",no-vida,                                                                                                                                                                                                                                                                                                                                                                                                                                                                                                                                                                                                                                                                                                                                                                                                                                                                                                           
SE5164060039,549300C03DB59HY0SJ93,"Svenska Kommun Försäkrings AB","Drottninggatan 22, 803 1, GÄVLE",no-vida,                                                                                                                                                                                                                                                                                                                                                                                                                                                                                                                                                                                                                                                                                                                                                                                                                                                                                                                            
SE5164060401,549300WHOO0EYQ3C0T52,"Svenska Läkemedelsförsäkringen AB","Ringvägen 100, 118 6, STOCKHOLM",no-vida,                                                                                                                                                                                                                                                                                                                                                                                                                                                                                                                                                                                                                                                                                                                                                                                                                                                                                                                        
SE8460006953,549300GXNHPDOW41X485,"Svenska Sockerfabriks AB:s Tjänstemäns Understöds-och Kamratförening","205 0, Malmö",,                                                                                                                                                                                                                                                                                                                                                                                                                                                                                                                                                                                                                                                                                                                                                                                                                                                                                                               
SE5572065265,549300YPYVCF0JNAQ062,"Sveriges Ångfartygs Assurans Förening","Gullbergs Strandgata 6, 411 0, GÖTEBORG",no-vida,                                                                                                                                                                                                                                                                                                                                                                                                                                                                                                                                                                                                                                                                                                                                                                                                                                                                                                            
SE5594468091,636700S95HE8K1S21E66,"Sweco Captive Försäkring AB","Box 34044, 100 2, Stockholm",no-vida,                                                                                                                                                                                                                                                                                                                                                                                                                                                                                                                                                                                                                                                                                                                                                                                                                                                                                                                                  
SE5164018292,5493006TXMN1DLP4OM28,"Swedbank Försäkring AB","Järnvägsgatan 18, 172 3, Sundbyberg",vida,                                                                                                                                                                                                                                                                                                                                                                                                                                                                                                                                                                                                                                                                                                                                                                                                                                                                                                                                  
SE5164016551,54930018KINBWON5K075,"Sydkraft Försäkring AB","Box 94, 201 2, MALMÖ",no-vida,                                                                                                                                                                                                                                                                                                                                                                                                                                                                                                                                                                                                                                                                                                                                                                                                                                                                                                                                              
SE5164018490,549300OUDQW3C16XVT44,"Telia Försäkring AB","Stureplan 8, 114 3, STOCKHOLM",no-vida,                                                                                                                                                                                                                                                                                                                                                                                                                                                                                                                                                                                                                                                                                                                                                                                                                                                                                                                                        
SE5855007794,,"Torsåkers sockens hästförsäkringsbolag","Wallbyvägen 23, 813 4, Torsåker",no-vida,                                                                                                                                                                                                                                                                                                                                                                                                                                                                                                                                                                                                                                                                                                                                                                                                                                                                                                                                       
SE5492020010,,"Torups Försäkringsbolag i likvidation","Box 3, 314 0, TORUP",no-vida,                                                                                                                                                                                                                                                                                                                                                                                                                                                                                                                                                                                                                                                                                                                                                                                                                                                                                                                                                    
SE5164060369,549300GXH0B6JEGZ4J69,"Tre Kronor Försäkring AB","Tullgårdsgatan 12, 116 6, STOCKHOLM",no-vida,                                                                                                                                                                                                                                                                                                                                                                                                                                                                                                                                                                                                                                                                                                                                                                                                                                                                                                                             
SE5164038662,,"Trygg-Hansa Försäkring filial","Fleminggatan 18, 112 2, Stockholm",no-vida,DK24260666                                                                                                                                                                                                                                                                                                                                                                                                                                                                                                                                                                                                                                                                                                                                                                                                                                                                                                                                    
SE5164135989,,"Trygg-Hansa Livförsäkring filial","106 2, Stockholm",,DK36957085                                                                                                                                                                                                                                                                                                                                                                                                                                                                                                                                                                                                                                                                                                                                                                                                                                                                                                                                                         
SE5164060526,549300H0V4BMZN20QR29,"Twincap Försäkrings AB","Box 2, Klara Norra Kyrkogata 29, 111 2, STOCKHOLM",no-vida,                                                                                                                                                                                                                                                                                                                                                                                                                                                                                                                                                                                                                                                                                                                                                                                                                                                                                                                 
SE8336003887,,"UNDERSTÖDSFÖRENINGEN ORIONGÅVAN","Västra Kyrkogatan 26, 593 3, Västervik",,                                                                                                                                                                                                                                                                                                                                                                                                                                                                                                                                                                                                                                                                                                                                                                                                                                                                                                                                              
SE5164016791,549300TS8WFKCBG5A143,"Unionen Medlemsförsäkring AB","Olof Palmes Gata 17, 111 2, STOCKHOLM",no-vida,                                                                                                                                                                                                                                                                                                                                                                                                                                                                                                                                                                                                                                                                                                                                                                                                                                                                                                                       
SE5164017856,549300HK34HRRCICOX65,"Vabis Försäkringsaktiebolag","c/o Scania, 151 8, SÖDERTÄLJE",no-vida,                                                                                                                                                                                                                                                                                                                                                                                                                                                                                                                                                                                                                                                                                                                                                                                                                                                                                                                                
SE5795005270,,"Västerfärnebo sockens enskilda hästförsäkringsförening","Färnebo-Björsbo 104, 730 7, Västerfärnebo",no-vida,                                                                                                                                                                                                                                                                                                                                                                                                                                                                                                                                                                                                                                                                                                                                                                                                                                                                                                             
SE5832014830,,"Västra Rättviks hästförsäkringsförening","Östbjörka Västanåvägen 5, 795 9, Rättvik",no-vida,                                                                                                                                                                                                                                                                                                                                                                                                                                                                                                                                                                                                                                                                                                                                                                                                                                                                                                                             
SE5832014848,,"Västra Rättviks nötkreatursförsäkringsförening","Östbjörka Västanåvägen 5, 795 9, Rättvik",no-vida,                                                                                                                                                                                                                                                                                                                                                                                                                                                                                                                                                                                                                                                                                                                                                                                                                                                                                                                      
SE5720004927,254900H3NKHPB2OF9A84,"Västra Värmlands Försäkringsbolag","Klässbolsvägen 15, 671 9, KLÄSSBOL",no-vida,                                                                                                                                                                                                                                                                                                                                                                                                                                                                                                                                                                                                                                                                                                                                                                                                                                                                                                                     
SE5185010757,,"Västra Vingåkers Västra hästförsäkringsförening","Rökärr, 643 9, Vingåker",no-vida,                                                                                                                                                                                                                                                                                                                                                                                                                                                                                                                                                                                                                                                                                                                                                                                                                                                                                                                                      
SE5496006387,,"Veddige pastorats hästförsäkringsbolag","Ulvatorp 2, 430 2, Veddige",no-vida,                                                                                                                                                                                                                                                                                                                                                                                                                                                                                                                                                                                                                                                                                                                                                                                                                                                                                                                                            
SE5164120478,,"VIENNA INSURANCE GROUP AG Wiener Versicherung Gruppe - Filial Sweden","Artillerigatan 6, 114 5, Stockholm",no-vida,                                                                                                                                                                                                                                                                                                                                                                                                                                                                                                                                                                                                                                                                                                                                                                                                                                                                                                      
SE5285006887,,"Villstads, Båraryds och Våthults socknars hästförsäkringsbolag","Slätthult, 333 9, Smålandsstenar",no-vida,                                                                                                                                                                                                                                                                                                                                                                                                                                                                                                                                                                                                                                                                                                                                                                                                                                                                                                              
SE5164018680,549300B428E3LD0LWO96,"Visenta Försäkringsaktiebolag","Polervägen 8, 774 4, Avesta",no-vida,                                                                                                                                                                                                                                                                                                                                                                                                                                                                                                                                                                                                                                                                                                                                                                                                                                                                                                                                
SE5568775778,529900KVLIULMRVOR467,"Volvo Car Försäkrings AB","Avd. 50090 HB3S, 405 3, Göteborg",no-vida,                                                                                                                                                                                                                                                                                                                                                                                                                                                                                                                                                                                                                                                                                                                                                                                                                                                                                                                                
SE5164018037,549300FYZSSWL6W28C57,"Volvo Group Insurance Försäkringsaktiebolag","Regnbågsgatan 1, 417 5, GÖTEBORG",no-vida,                                                                                                                                                                                                                                                                                                                                                                                                                                                                                                                                                                                                                                                                                                                                                                                                                                                                                                             
SE8572018755,549300758KU93HBK7562,"VOLVO LO-KLUBBARS FÖRSÄKRINGSFÖRENING","Pa - 1, 405 3, Göteborg",,                                                                                                                                                                                                                                                                                                                                                                                                                                                                                                                                                                                                                                                                                                                                                                                                                                                                                                                                   
SE5164102070,,"W.R. Berkley Insurance AG, Svensk filial","Holländargatan 17, 111 6, Stockholm",no-vida,LI0ECBM00366                                                                                                                                                                                                                                                                                                                                                                                                                                                                                                                                                                                                                                                                                                                                                                                                                                                                                                                     
SE5164112053,,"Watercircles Forsikring ASA Norge, svensk Filial","Torshamnsgatan 35, 164 4, Kista",no-vida,NOECBM55962                                                                                                                                                                                                                                                                                                                                                                                                                                                                                                                                                                                                                                                                                                                                                                                                                                                                                                                  
SE5164025123,,"XL Insurance Company SE, Svensk filial","Jakobsbergsgatan 13, 111 4, Stockholm",no-vida,                                                                                                                                                                                                                                                                                                                                                                                                                                                                                                                                                                                                                                                                                                                                                                                                                                                                                                                                 
SE5164038266,,"Zurich Insurance Europe AG, filial Sverige","Box 5069, 102 4, Stockholm",no-vida,                                                                                                                                                                                                                                                                                                                                                                                                                                                                                                                                                                                                                                                                                                                                                                                                                                                                                                                                        
